"nbhd_code","Albedo_2008"
"casablanca_025",0.165769069464587
"casablanca_011",0.161081998680714
"casablanca_012",0.165824955599759
"casablanca_031",0.167662486799085
"casablanca_019",0.168925734286209
"casablanca_016",0.161270437380542
"casablanca_002",0.165751885138242
"casablanca_014",0.146149845074048
"casablanca_022",0.135680993874373
"casablanca_005",0.137498602484472
"casablanca_015",0.156662050110794
"casablanca_021",0.157106396518455
"casablanca_026",0.16695803876517
"casablanca_027",0.167749507421516
"casablanca_009",0.153813455120404
"casablanca_010",0.142903168892412
"casablanca_006",0.142621341035048
"casablanca_033",0.1547650334296
"casablanca_008",0.125136246020929
"casablanca_023",0.16079297911822
"casablanca_018",0.16820102007772
"casablanca_032",0.165747775987434
"casablanca_030",0.165606237471053
"casablanca_034",0.169261428571429
"casablanca_001",0.164945196447271
"casablanca_013",0.165118284588367
"casablanca_003",0.159816162341365
"casablanca_029",0.159816003457551
"casablanca_004",0.141301173272835
"casablanca_017",0.145753924857077
"casablanca_028",0.121206297308789
"casablanca_020",0.135221137603241
"casablanca_024",0.108549896285657
"casablanca_007",0.131700686551983
"barcelona_22",0.0969540294923496
"barcelona_39",0.106208859840232
"barcelona_40",0.103554417040578
"barcelona_43",0.115270364370058
"barcelona_28",0.122059364734009
"barcelona_41",0.133692100711128
"barcelona_38",0.135142222222222
"barcelona_29",0.133427831200224
"barcelona_25",0.126785979678872
"barcelona_27",0.137940971223062
"barcelona_26",0.132399112104195
"barcelona_24",0.134089844344325
"barcelona_23",0.128375650000475
"barcelona_21",0.132431749908732
"barcelona_20",0.144293123521981
"barcelona_19",0.134716428269302
"barcelona_18",0.140678183189125
"barcelona_8",0.13568506565267
"barcelona_9",0.136829051059776
"barcelona_15",0.140987808137808
"barcelona_14",0.138986047736048
"barcelona_16",0.141822294372294
"barcelona_17",0.144909629254485
"barcelona_13",0.144646423040473
"barcelona_11",0.126892594219177
"barcelona_12",0.129460845888682
"barcelona_1",0.122318036512038
"barcelona_2",0.117322564752748
"barcelona_3",0.089552897699229
"barcelona_10",0.12701822048222
"barcelona_7",0.134437850545723
"barcelona_31",0.139542747986609
"barcelona_30",0.1370390112324
"barcelona_37",0.136914594336914
"barcelona_32",0.139663572339358
"barcelona_34",0.132140342377261
"barcelona_36",0.143279766693484
"barcelona_33",0.1354345624146
"barcelona_6",0.13295002760463
"barcelona_35",0.13903850785004
"barcelona_64",0.137119295916499
"barcelona_63",0.140281397608877
"barcelona_62",0.138536210933868
"barcelona_65",0.135247865824481
"barcelona_5",0.127179077354394
"barcelona_66",0.128662612343447
"barcelona_4",0.125887716021954
"barcelona_67",0.108860499059294
"barcelona_68",0.0942026567326154
"barcelona_71",0.133256529752049
"barcelona_61",0.140582419189703
"barcelona_72",0.142371251501929
"barcelona_73",0.144810156922634
"barcelona_69",0.0878162076399487
"barcelona_70",0.101359718934063
"barcelona_56",0.123968427318726
"barcelona_57",0.137592968351615
"barcelona_59",0.144954298301727
"barcelona_60",0.144253931739739
"barcelona_44",0.142052050470828
"barcelona_45",0.147622247341013
"barcelona_52",0.142245376845377
"barcelona_53",0.126231128034269
"barcelona_58",0.145651851851852
"barcelona_54",0.112788905134453
"barcelona_50",0.124168731563422
"barcelona_55",0.116608695652174
"barcelona_49",0.12340766580534
"barcelona_48",0.142313238199977
"barcelona_51",0.140333333333333
"barcelona_46",0.147723514211886
"barcelona_47",0.147615384615385
"barcelona_42",0.140867011197244
"istanbul_032",0.142947246026712
"istanbul_015",0.13944422673638
"istanbul_014",0.131741345087664
"istanbul_002",0.130636062086021
"istanbul_018",0.149501211977671
"istanbul_008",0.140915377320889
"istanbul_012",0.148223968736218
"istanbul_001",0.0539959314159837
"istanbul_004",0.107804698155976
"istanbul_026",0.123864559612839
"istanbul_007",0.130931777230623
"istanbul_006",0.13568174590124
"istanbul_005",0.130033054656288
"istanbul_022",0.132495723292138
"istanbul_017",0.12645425825616
"istanbul_019",0.120252080680188
"istanbul_035",0.110931447032626
"istanbul_009",0.129942285463003
"istanbul_021",0.128925778532663
"istanbul_024",0.119308535980521
"istanbul_020",0.111409148289832
"istanbul_013",0.105292055363929
"istanbul_033",0.108747843808475
"istanbul_030",0.111562822842047
"istanbul_010",0.106993531627725
"istanbul_038",0.11303268140664
"istanbul_023",0.121228617821484
"istanbul_039",0.124840160789646
"istanbul_025",0.132642291694845
"istanbul_028",0.12239755041162
"istanbul_027",0.127396864363953
"istanbul_034",0.14155374789178
"istanbul_029",0.129439708850936
"istanbul_003",0.138896608830819
"istanbul_037",0.125605818792522
"istanbul_016",0.124609448269952
"istanbul_011",0.121993471661992
"istanbul_036",0.143465910405293
"istanbul_031",0.12696916037662
"telaviv_045",0.116808868956667
"telaviv_047",0.142956843800322
"telaviv_046",0.13847663216011
"telaviv_049",0.147471014492754
"telaviv_048",0.147492275616578
"telaviv_050",0.148422736896281
"telaviv_051",0.154188621118012
"telaviv_014",0.154867149758454
"telaviv_015",0.152108695652174
"telaviv_007",0.15235214848716
"telaviv_008",0.145625525946704
"telaviv_002",0.131243466997071
"telaviv_001",0.126707538774472
"telaviv_004",0.143880394072627
"telaviv_009",0.143620187703505
"telaviv_003",0.105635265700483
"telaviv_005",0.156814357209884
"telaviv_010",0.149642689273124
"telaviv_011",0.147193581780538
"telaviv_012",0.149024637681159
"telaviv_013",0.149641096046054
"telaviv_016",0.148260869565217
"telaviv_018",0.153410044977511
"telaviv_019",0.150047890658631
"telaviv_026",0.152414103923648
"telaviv_027",0.155076541961577
"telaviv_028",0.15396701124962
"telaviv_025",0.156798864081473
"telaviv_017",0.156326086956522
"telaviv_022",0.159624559341951
"telaviv_020",0.163995382210855
"telaviv_021",0.165
"telaviv_023",0.160705695397915
"telaviv_024",0.160017588932806
"telaviv_070",0.151377391304348
"telaviv_060",0.150935163226468
"telaviv_069",0.153433094132545
"telaviv_059",0.149271405480303
"telaviv_061",0.151326086956522
"telaviv_062",0.148432246389402
"telaviv_058",0.145738691416535
"telaviv_068",0.153009219056682
"telaviv_067",0.15525
"telaviv_063",0.153169274396148
"telaviv_065",0.154951274362819
"telaviv_064",0.155770038450163
"telaviv_066",0.155709897380502
"telaviv_071",0.153652173913043
"telaviv_054",0.151589367448858
"telaviv_056",0.153931695643922
"telaviv_043",0.149795611955095
"telaviv_053",0.147818402555245
"telaviv_037",0.136334361558952
"telaviv_041",0.142673376143747
"telaviv_040",0.140425163983304
"telaviv_031",0.136258428506544
"telaviv_035",0.141280465239228
"telaviv_030",0.117783145536258
"telaviv_034",0.13989942414157
"telaviv_036",0.138425215883629
"telaviv_057",0.143902362637363
"telaviv_032",0.14022552064304
"telaviv_006",0.148676470588235
"telaviv_033",0.140293234548645
"telaviv_029",0.100050392411768
"telaviv_038",0.0876652429588363
"telaviv_039",0.108236467236467
"telaviv_042",0.141958997829021
"telaviv_052",0.1505
"telaviv_055",0.148977272727273
"telaviv_044",0.110913043478261
"Johannesburg_1",0.155034642758726
"Johannesburg_2",0.156138335412953
"Johannesburg_3",0.156091826571637
"Johannesburg_6",0.14356191301835
"Johannesburg_23",0.133251943496454
"Johannesburg_125",0.136105362714509
"Johannesburg_122",0.140576831531718
"Johannesburg_119",0.135159869480464
"Johannesburg_24",0.139900617602035
"Johannesburg_18",0.144931972562723
"Johannesburg_54",0.13805827389568
"Johannesburg_55",0.141245486485407
"Johannesburg_124",0.145293110046159
"Johannesburg_68",0.152029538538668
"Johannesburg_58",0.138547883490176
"Johannesburg_29",0.159363796909492
"Johannesburg_27",0.158203084832905
"Johannesburg_26",0.146718021680217
"Johannesburg_28",0.147521080669711
"Johannesburg_25",0.138265313131313
"Johannesburg_30",0.140273231525364
"Johannesburg_31",0.143682176715965
"Johannesburg_70",0.140009510242844
"Johannesburg_39",0.142065131982812
"Johannesburg_40",0.145311155466844
"Johannesburg_82",0.142429782048487
"Johannesburg_86",0.134808387828186
"Johannesburg_88",0.130114300003421
"Johannesburg_89",0.136644838099649
"Johannesburg_85",0.134709845191794
"Johannesburg_126",0.136536768839123
"Johannesburg_98",0.131703367578017
"Johannesburg_99",0.126302192855068
"Johannesburg_117",0.125654679291565
"Johannesburg_102",0.129896551009115
"Johannesburg_90",0.128761166920508
"Johannesburg_87",0.125026103532461
"Johannesburg_69",0.134665205855712
"Johannesburg_60",0.123229728287722
"Johannesburg_67",0.124450821143866
"Johannesburg_59",0.117782857142857
"Johannesburg_123",0.123378363821138
"Johannesburg_63",0.117214285714286
"Johannesburg_62",0.123508441558442
"Johannesburg_64",0.123236165953866
"Johannesburg_66",0.129483688374333
"Johannesburg_73",0.128678345719089
"Johannesburg_74",0.129844056207641
"Johannesburg_91",0.130895646161293
"Johannesburg_103",0.130690955724997
"Johannesburg_108",0.137691516436904
"Johannesburg_107",0.137878073517043
"Johannesburg_81",0.133377916904344
"Johannesburg_75",0.138719031612645
"Johannesburg_76",0.140893122707779
"Johannesburg_116",0.140419236079153
"Johannesburg_105",0.152736128170636
"Johannesburg_72",0.135771492408395
"Johannesburg_118",0.133766573557529
"Johannesburg_65",0.142055680804185
"Johannesburg_57",0.140110051792588
"Johannesburg_61",0.134990523994411
"Johannesburg_56",0.133086119994407
"Johannesburg_32",0.140059920426453
"Johannesburg_77",0.148538886379377
"Johannesburg_78",0.15485154093045
"Johannesburg_111",0.155178054767512
"Johannesburg_79",0.155499398905383
"Johannesburg_110",0.14530961807076
"Johannesburg_80",0.156309045545273
"Johannesburg_93",0.146591385582011
"Johannesburg_112",0.14989026702727
"Johannesburg_92",0.150857565055013
"Johannesburg_94",0.149545988924531
"Johannesburg_113",0.14937080865395
"Johannesburg_96",0.14578782143447
"Johannesburg_106",0.13656615340118
"Johannesburg_109",0.135520059691214
"Johannesburg_115",0.1373183044952
"Johannesburg_104",0.131185740365948
"Johannesburg_101",0.135964237656064
"Johannesburg_97",0.145575599321384
"Johannesburg_114",0.146167516561439
"Johannesburg_100",0.154905284655898
"Johannesburg_95",0.15428241045853
"Johannesburg_71",0.140599110580114
"Johannesburg_83",0.133049206810765
"Johannesburg_127",0.140786435854873
"Johannesburg_84",0.138733046207265
"Johannesburg_41",0.147591145833333
"Johannesburg_43",0.15197148217636
"Johannesburg_42",0.147614071038251
"Johannesburg_38",0.138386652977413
"Johannesburg_45",0.149861467505241
"Johannesburg_36",0.142139922978177
"Johannesburg_47",0.147954379084967
"Johannesburg_44",0.157727918053109
"Johannesburg_49",0.162167849686848
"Johannesburg_129",0.149867301097394
"Johannesburg_48",0.152311893939394
"Johannesburg_46",0.149770431588613
"Johannesburg_34",0.145281765134938
"Johannesburg_51",0.148529224017554
"Johannesburg_52",0.14847774122807
"Johannesburg_128",0.157637210868723
"Johannesburg_53",0.143340970964051
"Johannesburg_50",0.148467504363002
"Johannesburg_130",0.144292815707274
"Johannesburg_20",0.146243129709796
"Johannesburg_14",0.143214924903672
"Johannesburg_13",0.148210631940921
"Johannesburg_10",0.133129117967898
"Johannesburg_9",0.136815886034256
"Johannesburg_8",0.141424688243604
"Johannesburg_11",0.141153502217362
"Johannesburg_12",0.143809339294585
"Johannesburg_19",0.140925011833987
"Johannesburg_16",0.145619590643275
"Johannesburg_15",0.14715963628299
"Johannesburg_21",0.144999969847731
"Johannesburg_33",0.14551421072366
"Johannesburg_35",0.142970316004078
"Johannesburg_37",0.139722245372909
"Johannesburg_22",0.144432975402336
"Johannesburg_17",0.142807184484571
"Johannesburg_120",0.144933944327637
"Johannesburg_121",0.145432683041575
"Johannesburg_7",0.148129855072464
"Johannesburg_4",0.156319429526196
"Johannesburg_5",0.147988424107671
"jakarta_005",0.111082809637404
"jakarta_001",0.125639157327809
"jakarta_021",0.120024529109589
"jakarta_018",0.114432432432432
"jakarta_008",0.114614583333333
"jakarta_023",0.117105764286574
"jakarta_006",0.119038744930612
"jakarta_011",0.119973402129043
"jakarta_031",0.124226137303557
"jakarta_007",0.120710834211508
"jakarta_022",0.116949264154481
"jakarta_030",0.115683480371954
"jakarta_004",0.115074540499887
"jakarta_016",0.111940360082305
"jakarta_033",0.116726693136932
"jakarta_020",0.121904522887499
"jakarta_017",0.116549871375117
"jakarta_015",0.103808073870574
"jakarta_040",0.109868951870292
"jakarta_037",0.112418820301783
"jakarta_024",0.110692510306917
"jakarta_029",0.112587720051524
"jakarta_012",0.112852745098039
"jakarta_042",0.113802344827586
"jakarta_026",0.104617431010522
"jakarta_009",0.105104432132964
"jakarta_036",0.110485201793722
"jakarta_013",0.116795
"jakarta_002",0.114251507675439
"jakarta_025",0.118916801728795
"jakarta_034",0.113990342234898
"jakarta_019",0.114356748620171
"jakarta_041",0.109382142857143
"jakarta_027",0.0967361205967389
"jakarta_035",0.109129542606516
"jakarta_038",0.111
"jakarta_039",0.116542372881356
"jakarta_010",0.111052132701422
"jakarta_032",0.106985113699595
"jakarta_003",0.126266733176129
"jakarta_028",0.117361051212938
"jakarta_014",0.123597105444521
"bangkok_017",0.132733112868158
"bangkok_039",0.130100611146659
"bangkok_004",0.127386220463773
"bangkok_024",0.12701476590375
"bangkok_044",0.123605490307527
"bangkok_045",0.123787801019791
"bangkok_029",0.128569966082518
"bangkok_003",0.12233967777075
"bangkok_031",0.120803759920635
"bangkok_015",0.123112485653386
"bangkok_001",0.129956859822652
"bangkok_012",0.112956023651146
"bangkok_046",0.110228653788559
"bangkok_037",0.108455668534653
"bangkok_005",0.108731753986333
"bangkok_022",0.10401486401012
"bangkok_050",0.110064412529807
"bangkok_042",0.111353945081682
"bangkok_009",0.102121169036335
"bangkok_030",0.11202935110265
"bangkok_040",0.0934206572769953
"bangkok_034",0.107097104519774
"bangkok_011",0.115788435757186
"bangkok_035",0.103319613821138
"bangkok_038",0.109040668402778
"bangkok_018",0.109050465716844
"bangkok_032",0.115191328000941
"bangkok_008",0.114016842352557
"bangkok_010",0.115944277842793
"bangkok_014",0.117096832043662
"bangkok_016",0.114659034178187
"bangkok_019",0.120582535170021
"bangkok_026",0.123803957176161
"bangkok_002",0.124588127621431
"bangkok_049",0.122968536623952
"bangkok_043",0.123213947262073
"bangkok_048",0.113587708949935
"bangkok_023",0.110176496462039
"bangkok_033",0.12114504309775
"bangkok_007",0.122824301020903
"bangkok_047",0.115762483877602
"bangkok_006",0.0948681056033616
"hochiminh_001",0.127833217774859
"hochiminh_007",0.135506800855039
"hochiminh_004",0.142180667645658
"bangkok_036",0.118546701963714
"bangkok_025",0.125859158892913
"bangkok_041",0.126208209781401
"bangkok_013",0.126139334844164
"bangkok_020",0.129961802845738
"bangkok_021",0.129296924722621
"bangkok_027",0.129362328766792
"bangkok_028",0.13295084653901
"hochiminh_012",0.129429970704474
"hochiminh_024",0.135171782945736
"hochiminh_021",0.124292132712769
"hochiminh_005",0.0993281329298953
"hochiminh_014",0.120114999985382
"hochiminh_019",0.110155030464193
"hochiminh_008",0.100633596380591
"hochiminh_002",0.119858933545563
"hochiminh_006",0.134949249576374
"hochiminh_013",NA
"hochiminh_009",0.135326789838337
"hochiminh_015",NA
"hochiminh_022",0.144095406482926
"hochiminh_023",0.121904761904762
"hochiminh_003",0.124104511604816
"hochiminh_018",NA
"hochiminh_020",0.125939089692102
"hochiminh_017",NA
"hochiminh_011",NA
"hochiminh_010",0.107
"hochiminh_016",0.11
"singapore_034",0.0763949813312459
"singapore_032",0.101109760917779
"singapore_009",0.135680283757339
"singapore_010",0.121
"singapore_008",0.133409232333503
"singapore_014",0.151390044216232
"singapore_012",0.129104182809415
"singapore_033",0.117281256581257
"singapore_015",0.150978614672365
"singapore_019",0.13904845814978
"singapore_038",0.142423169154497
"singapore_031",0.141461844660194
"singapore_027",0.138969247484255
"singapore_055",0.135912140166801
"singapore_043",0.118564780868202
"singapore_048",0.122282222222222
"singapore_013",0.142525734253362
"singapore_023",0.12422448842991
"singapore_037",0.141783503350335
"singapore_017",0.153814608347627
"singapore_002",0.139895780187075
"singapore_021",0.141454131036217
"singapore_007",0.112034242170022
"singapore_036",0.137032809871004
"singapore_018",0.0937344289684378
"singapore_030",0.138418889054925
"singapore_022",0.142963609172483
"singapore_001",0.132362809948311
"singapore_020",0.153777798247769
"singapore_050",0.125195812807882
"singapore_051",NA
"singapore_049",NA
"singapore_047",0.135
"singapore_029",NA
"singapore_052",0.110251939029872
"singapore_045",0.0815848821437736
"singapore_054",0.0837240497076023
"singapore_004",0.0653604519774011
"singapore_046",0.098
"singapore_024",NA
"singapore_003",NA
"singapore_011",0.119608012820513
"singapore_005",0.0271543209876543
"singapore_042",0.0759716413488472
"singapore_028",0.1285
"singapore_040",NA
"singapore_016",NA
"singapore_044",NA
"singapore_039",NA
"singapore_053",NA
"singapore_025",0.099981405717283
"singapore_035",0.142154215005171
"singapore_006",0.130060882442743
"singapore_041",0.0684832754454847
"singapore_026",0.0991036511848053
"manila_014",0.112467591533726
"manila_001",0.122029825573819
"manila_017",0.104260034254646
"manila_009",0.0622069767445977
"manila_004",0.0756409950077983
"manila_006",0.0840040978039393
"manila_015",0.117432989690722
"manila_007",0.119913236851394
"manila_012",0.116861751618123
"manila_005",0.11726218851571
"manila_016",0.129413535486931
"manila_003",0.125007821901324
"manila_013",0.122066059225513
"manila_011",0.113292782738095
"manila_010",0.124579006675833
"manila_002",0.12597416724284
"manila_008",0.127943236984468
"seoul_005",0.0979884077974184
"seoul_008",0.114157640814978
"seoul_009",0.111822322224042
"seoul_010",0.116993069501384
"seoul_014",0.108595754429465
"seoul_025",0.104388061840838
"seoul_013",0.103646845083801
"seoul_012",0.0990923882527243
"seoul_023",0.09532057048656
"seoul_011",0.106576205496595
"seoul_007",0.0955968737463135
"seoul_006",0.0923956752387005
"seoul_004",0.108307492169402
"seoul_003",0.100633011083454
"seoul_024",0.0937750305184264
"seoul_018",0.105167698669948
"seoul_022",0.0992538844995367
"seoul_020",0.102535207493844
"seoul_002",0.112424818566237
"seoul_021",0.094351224833145
"seoul_001",0.108203083707685
"seoul_015",0.114196852898743
"seoul_016",0.110223168447504
"seoul_019",0.106254042127141
"seoul_017",0.106417578757364
"beijing_005",0.115438773621659
"beijing_009",0.102135525895711
"beijing_003",0.147781137971449
"beijing_006",0.128755422349061
"beijing_012",0.114702476373757
"beijing_007",0.122416851512422
"beijing_004",0.0989972144106094
"beijing_015",0.0986323350941984
"beijing_002",0.12989709082213
"beijing_001",0.119209244364166
"beijing_016",0.11715371362381
"beijing_008",0.110833037544431
"beijing_013",0.145975353694027
"beijing_014",0.142054734312598
"beijing_010",0.113181514733162
"beijing_011",0.126420528327667
"delhi_001",0.148936491237041
"delhi_009",0.141335490995514
"delhi_005",0.12870160715608
"delhi_008",0.154949564138545
"delhi_006",0.139017807009322
"delhi_004",0.141461182063419
"delhi_003",0.141584247940439
"delhi_002",0.134846288342923
"delhi_007",0.143628103492912
"bangalore_184",0.150511262498204
"bangalore_059",0.14889254099092
"bangalore_096",0.150992592938118
"bangalore_077",0.155894903006433
"bangalore_016",0.150159727685356
"bangalore_093",0.153091750445595
"bangalore_153",0.157792338939163
"bangalore_072",0.159073478762229
"bangalore_012",0.14867529019806
"bangalore_040",0.14657284235124
"bangalore_053",0.152154767656018
"bangalore_190",0.154979013994445
"bangalore_001",0.151531544804032
"bangalore_191",0.151916853962224
"bangalore_020",0.141636902301516
"bangalore_028",0.14829160929487
"bangalore_138",0.139794634386288
"bangalore_060",0.151099311768043
"bangalore_044",0.154740317923122
"bangalore_126",0.162273614554295
"bangalore_019",0.152442949566222
"bangalore_171",0.160064396310406
"bangalore_123",0.159186098536014
"bangalore_076",0.14611340841216
"bangalore_003",0.139798094993599
"bangalore_109",0.151367661094261
"bangalore_089",0.141650525803311
"bangalore_045",0.140899353830083
"bangalore_165",0.126592550961949
"bangalore_166",0.134090516181696
"bangalore_183",0.142904872525385
"bangalore_139",0.142348557063851
"bangalore_002",0.139193730351421
"bangalore_047",0.145112484371477
"bangalore_110",0.140647344537019
"bangalore_116",0.134014305418467
"bangalore_176",0.135519132130421
"bangalore_119",0.139987826173826
"bangalore_058",0.139669354470666
"bangalore_081",0.144458585492164
"bangalore_071",0.167432150809461
"bangalore_024",0.155513325487664
"bangalore_018",0.157648567716872
"bangalore_022",0.152906813071418
"bangalore_006",0.158710576872022
"bangalore_025",0.137452533577534
"bangalore_088",0.137568991247152
"bangalore_078",0.139480134385042
"bangalore_143",0.130648146405663
"bangalore_162",0.13401365270936
"bangalore_160",0.143896077251762
"bangalore_147",0.150908191561711
"bangalore_084",0.152423924307449
"bangalore_108",0.159202891714661
"bangalore_056",0.157655978820811
"bangalore_005",0.15769511290863
"bangalore_186",0.15377075722528
"bangalore_197",0.154336204576914
"bangalore_112",0.149935989198259
"bangalore_013",0.142664076858814
"bangalore_100",0.131948871906093
"bangalore_050",0.138215250544662
"bangalore_142",0.147734891402328
"bangalore_195",0.130538954033037
"bangalore_015",0.132317279737075
"bangalore_187",0.138902388369678
"bangalore_178",0.125934511022746
"bangalore_063",0.130842528350371
"bangalore_087",0.129462505663664
"bangalore_192",0.123525726602501
"bangalore_027",0.128596575952275
"bangalore_070",0.131381270733326
"bangalore_170",0.130316137566138
"bangalore_177",0.125437905971303
"bangalore_158",0.124250612815402
"bangalore_041",0.126481119729943
"bangalore_092",0.129491088264035
"bangalore_030",0.133756081007115
"bangalore_029",0.129839210526316
"bangalore_023",0.130642335031224
"bangalore_035",0.127396772209272
"bangalore_174",0.128053296703297
"bangalore_140",0.128355752091046
"bangalore_031",0.127945468392993
"bangalore_049",0.12870268442623
"bangalore_185",0.129189483846767
"bangalore_037",0.131429971988796
"bangalore_054",0.131325253394531
"bangalore_036",0.13171021978022
"bangalore_095",0.129544959978293
"bangalore_122",0.12813874519604
"bangalore_007",0.131602955422066
"bangalore_151",0.138285033342726
"bangalore_086",0.134837329697014
"bangalore_052",0.136928739555137
"bangalore_085",0.142183833289694
"bangalore_039",0.147533416763019
"bangalore_154",0.143064172478553
"bangalore_156",0.144113902752328
"bangalore_146",0.135357899244193
"bangalore_168",0.129021666666667
"bangalore_021",0.129584825420885
"bangalore_061",0.124313897544431
"bangalore_075",0.132716216236574
"bangalore_161",0.137161564510702
"bangalore_091",0.130071313140641
"bangalore_129",0.142665020372886
"bangalore_099",0.146430020473823
"bangalore_094",0.148338295977151
"bangalore_118",0.147979247135843
"bangalore_064",0.155630451370018
"bangalore_097",0.152560913224706
"bangalore_157",0.143585865147198
"bangalore_113",0.15299724137931
"bangalore_132",0.152343884892086
"bangalore_102",0.153797270795882
"bangalore_135",0.159218585138841
"bangalore_193",0.158538581533409
"bangalore_180",0.160920904869433
"bangalore_026",0.151731449917296
"bangalore_107",0.147618401576354
"bangalore_051",0.141164656421089
"bangalore_065",0.145918806602396
"bangalore_124",0.146690311986864
"bangalore_159",0.141059304678145
"bangalore_148",0.140392439389137
"bangalore_130",0.139251721094765
"bangalore_043",0.14384436328162
"bangalore_188",0.151893976994178
"bangalore_196",0.148675530718135
"bangalore_082",0.158101225165734
"bangalore_105",0.149076886826106
"bangalore_034",0.144885219195357
"bangalore_009",0.155057502386451
"bangalore_114",0.145669293643209
"bangalore_083",0.133910987210522
"bangalore_167",0.154546796094119
"bangalore_121",0.153996735666326
"bangalore_011",0.156454565602975
"bangalore_067",0.147744900791736
"bangalore_106",0.148995334833715
"bangalore_042",0.154318182825301
"bangalore_181",0.156060785959805
"bangalore_068",0.157376717910872
"bangalore_090",0.147256196895331
"bangalore_111",0.150924030474056
"bangalore_066",0.162627716410367
"bangalore_149",0.158278037855352
"bangalore_144",0.145708562191186
"bangalore_033",0.147158632999348
"bangalore_179",0.145689612689613
"bangalore_115",0.157103006944444
"bangalore_117",0.141049724308355
"bangalore_136",0.145383568139963
"bangalore_120",0.14360498724393
"bangalore_125",0.139118748327508
"bangalore_069",0.136210739201179
"bangalore_079",0.140270986481767
"bangalore_198",0.139541157412445
"bangalore_133",0.132995615671734
"bangalore_175",0.130283010933558
"bangalore_145",0.130135271568945
"bangalore_173",0.130504336404336
"bangalore_150",0.131082155935307
"bangalore_169",0.132033146759782
"bangalore_017",0.134840850017562
"bangalore_004",0.135045935107546
"bangalore_163",0.139668321953238
"bangalore_164",0.147898654389459
"bangalore_194",0.142750879848218
"bangalore_103",0.144340936147186
"bangalore_098",0.139230470203197
"bangalore_057",0.138671834319527
"bangalore_127",0.139074088990319
"bangalore_131",0.145071869488536
"bangalore_128",0.137827739400799
"bangalore_134",0.137763347150467
"bangalore_008",0.140264667991941
"bangalore_189",0.132686638907152
"bangalore_073",0.13526832280441
"bangalore_062",0.135296740821563
"bangalore_141",0.136303582823973
"bangalore_155",0.136785046728972
"bangalore_046",0.131072775263952
"bangalore_104",0.130312077294686
"bangalore_080",0.134416786493902
"bangalore_010",0.134717109446476
"bangalore_014",0.134048851978505
"bangalore_048",0.139952042742426
"bangalore_172",0.13610995629685
"bangalore_038",0.142220149967418
"bangalore_055",0.141305565526612
"bangalore_101",0.141785775062621
"bangalore_032",0.153353943933212
"bangalore_074",0.147980554361839
"bangalore_152",0.147561539705965
"bangalore_182",0.15284074520835
"bangalore_137",0.138991186953637
"copenhagen_007",0.128413034781585
"copenhagen_006",0.124663055082505
"copenhagen_005",0.125077398413844
"copenhagen_008",0.124176851501017
"copenhagen_003",0.105772985630217
"copenhagen_002",0.0861376428783375
"copenhagen_001",0.0903840681582822
"copenhagen_009",0.103203680031789
"copenhagen_004",0.113983753196689
"copenhagen_010",0.130493095318606
"berlin_012",0.108649724521431
"berlin_004",0.131450458876871
"berlin_011",0.121829096639844
"berlin_006",0.121884698663975
"berlin_010",0.108710066348956
"berlin_003",0.131113041403778
"berlin_007",0.135353895186681
"berlin_002",0.110972618597402
"berlin_005",0.117935388474853
"berlin_001",0.111410252444965
"berlin_008",0.119612707112603
"berlin_009",0.118514327212574
"amsterdam_041",0.12305111930261
"amsterdam_039",0.121180345929901
"amsterdam_045",0.114913323265577
"amsterdam_046",0.115794860547129
"amsterdam_044",0.110441056710241
"amsterdam_061",0.112321648922802
"amsterdam_047",0.113096717321544
"amsterdam_051",0.104757874289422
"amsterdam_055",0.10503436298055
"amsterdam_052",0.106883834109183
"amsterdam_053",0.101124628007231
"amsterdam_021",0.0993924212598425
"amsterdam_054",0.0973921375895491
"amsterdam_022",0.0912311860396332
"amsterdam_019",0.0880344484126984
"amsterdam_020",0.0868658215074109
"amsterdam_018",0.0887823676012461
"amsterdam_031",0.096171592775041
"amsterdam_030",0.101146004624872
"amsterdam_029",0.101971428571429
"amsterdam_043",0.107405802141966
"amsterdam_042",0.107841551020761
"amsterdam_038",0.120789271802241
"amsterdam_034",0.119449699032891
"amsterdam_026",0.109763167969294
"amsterdam_033",0.118753447720499
"amsterdam_032",0.129759879638613
"amsterdam_024",0.105304163017356
"amsterdam_023",0.111737551388867
"amsterdam_025",0.101527777777778
"amsterdam_028",0.101686224489796
"amsterdam_027",0.0954756836659276
"amsterdam_015",0.101951131987396
"amsterdam_017",0.0837138988547684
"amsterdam_016",0.0922090478229326
"amsterdam_014",0.101800006470338
"amsterdam_013",0.0964637457466376
"amsterdam_012",0.0896306878306878
"amsterdam_011",0.117627386187475
"amsterdam_089",0.104755217226485
"amsterdam_083",0.121765690377931
"amsterdam_084",0.114882376435045
"amsterdam_036",0.13520354291297
"amsterdam_037",0.140235910071146
"amsterdam_035",0.128410907598388
"amsterdam_040",0.121736095723982
"amsterdam_085",0.135291290408361
"amsterdam_006",0.0859114583333333
"amsterdam_088",0.131170162133224
"amsterdam_078",0.114426927327991
"amsterdam_079",0.109562575738798
"amsterdam_090",0.105366451022096
"amsterdam_082",0.11133881582898
"amsterdam_081",0.11718417721519
"amsterdam_092",0.129874447646494
"amsterdam_087",0.130777599690283
"amsterdam_091",0.160463150517643
"amsterdam_086",0.130174604868646
"amsterdam_080",0.11662324929972
"amsterdam_069",0.0862858778918773
"amsterdam_010",0.0792876056171038
"amsterdam_009",0.0862632505662454
"amsterdam_065",0.101615277728293
"amsterdam_067",0.0986108110738092
"amsterdam_068",0.102704972513008
"amsterdam_070",0.101642175770702
"amsterdam_075",0.118278630673206
"amsterdam_076",0.116549919579733
"amsterdam_074",0.113498609899152
"amsterdam_066",0.104893016855865
"amsterdam_064",0.0985187932711821
"amsterdam_077",0.125601423686447
"amsterdam_059",0.109043951122769
"amsterdam_058",0.0979285714285714
"amsterdam_063",0.0944513530148446
"amsterdam_050",0.0980286474531758
"amsterdam_049",0.0969090583649586
"amsterdam_057",0.105615130015964
"amsterdam_048",0.0926722133119487
"amsterdam_008",0.0903009047343634
"amsterdam_004",0.0855054904029304
"amsterdam_005",0.0816790779909275
"amsterdam_002",0.0823675009373828
"amsterdam_001",0.0826577753432662
"amsterdam_003",0.0827006144765599
"amsterdam_007",0.0852749555469656
"amsterdam_056",0.103570769109783
"amsterdam_060",0.112112095203935
"amsterdam_062",0.126422716908905
"amsterdam_093",0.136000499125524
"amsterdam_097",0.130049704471649
"amsterdam_094",0.126193702568073
"amsterdam_095",0.128527041977922
"amsterdam_099",0.138851703893976
"amsterdam_096",0.126706136076462
"amsterdam_098",0.136601801201351
"amsterdam_073",0.103336154328216
"amsterdam_072",0.089602155416903
"amsterdam_071",0.102746426016918
"london_031",0.114865485291405
"london_026",0.131008249376
"london_016",0.142212211397011
"london_001",0.125458133295524
"london_025",0.11055845824485
"london_030",0.0998815928502249
"london_011",0.119179676485844
"london_023",0.115656007796428
"london_003",0.126290450916296
"london_005",0.139411167338957
"london_008",0.128892197691531
"paris_012",0.122146337295615
"paris_016",0.121128584061677
"paris_019",0.109121622261933
"paris_018",0.107810937039895
"paris_020",0.116449047302405
"paris_011",0.115455152310025
"paris_010",0.118780906079709
"paris_003",0.12364610866373
"paris_004",0.104144154431756
"paris_002",0.122606870229008
"paris_009",0.120175824175824
"paris_001",0.11397033045977
"paris_006",0.111299350035681
"paris_007",0.117693240824992
"paris_008",0.1166068767507
"paris_017",0.111067864136251
"paris_015",0.114413245251492
"paris_014",0.110492353912713
"paris_013",0.108692949999388
"paris_005",0.107237321326821
"london_021",0.12809495553871
"london_029",0.126729642088336
"london_028",0.107813890667868
"london_022",0.108886187305566
"london_007",0.0920601150112514
"london_032",0.111765295134889
"london_033",0.10640960547894
"london_006",0.109981677162311
"london_020",0.10489780715335
"london_013",0.106367476711444
"london_024",0.126554442557526
"london_027",0.128927958341123
"london_018",0.13030012202377
"london_009",0.125433586425574
"london_004",0.120860556125528
"london_002",0.128492053973608
"london_015",0.128498599981004
"london_017",0.13977464710473
"london_010",0.128069755817616
"london_014",0.113294907873776
"london_019",0.102145991780873
"london_012",0.107074357296551
"montreal_13",0.217720565577608
"montreal_27",0.230811365078838
"montreal_2",0.229115676786149
"montreal_5",0.143235644852315
"montreal_17",0.128803853393802
"montreal_7",0.192226898159314
"montreal_33",0.168492785666328
"montreal_3",0.184906156885527
"montreal_28",0.188831423720759
"montreal_4",0.179627911131937
"montreal_24",0.195295056251285
"montreal_34",0.0709996153846154
"montreal_22",0.212652046898336
"montreal_25",0.198193736666264
"montreal_29",0.197779850765474
"montreal_15",0.226689585634417
"montreal_1",0.206362853258616
"montreal_19",0.201449050680676
"montreal_11",0.179516087245825
"montreal_14",0.204340787991868
"montreal_6",0.187152199828937
"montreal_18",0.153504925000903
"montreal_9",0.194134384426931
"montreal_16",0.203906983437408
"montreal_10",0.207553452572711
"montreal_12",0.220764884671678
"montreal_8",0.235341206791359
"montreal_32",0.2354213177832
"montreal_31",0.237385941597875
"montreal_20",0.22391790999698
"montreal_21",0.198460609990871
"montreal_26",0.215684529355554
"montreal_23",0.214232323832832
"montreal_30",0.191809297516352
"vancouver_039",0.0980428966424384
"vancouver_040",0.0893685610971199
"vancouver_041",0.112947812544887
"vancouver_042",0.110408135899521
"vancouver_035",0.062509227363242
"vancouver_034",0.0770159690607452
"vancouver_030",0.0626991035280509
"vancouver_106",0.0994590952816351
"vancouver_033",0.0993563160118293
"vancouver_036",0.0861570510570511
"vancouver_037",0.104132303243878
"vancouver_038",0.101008963443616
"vancouver_043",0.106437845245625
"vancouver_044",0.102845920303605
"vancouver_071",0.107392724505225
"vancouver_047",0.102714318442154
"vancouver_046",0.101151441160061
"vancouver_045",0.103923867684592
"vancouver_090",0.0996666666666667
"vancouver_073",0.108887549411916
"vancouver_077",0.100723699623362
"vancouver_068",0.0943855169953626
"vancouver_078",0.0972050616191539
"vancouver_066",0.0933030303030303
"vancouver_049",0.0910183154105319
"vancouver_022",0.0990994152046784
"vancouver_023",0.0951564403914941
"vancouver_029",0.0731655513545466
"vancouver_104",0.100326998050682
"vancouver_024",0.0742351518105787
"vancouver_015",0.078974358974359
"vancouver_014",0.0721203907203907
"vancouver_012",0.0657272727272727
"vancouver_013",0.0706851851851852
"vancouver_011",0.05759971839336
"vancouver_018",0.0486571524966262
"vancouver_017",0.070025641025641
"vancouver_019",0.0506515384615385
"vancouver_016",0.0753545150501672
"vancouver_020",0.0646365760209326
"vancouver_021",0.0659388784657077
"vancouver_050",0.0718041934103551
"vancouver_051",0.0587636768447837
"vancouver_052",0.0530712134502924
"vancouver_055",0.0712884206640633
"vancouver_054",0.0782619047619048
"vancouver_059",0.0980914263357925
"vancouver_056",0.0807767742537573
"vancouver_058",0.106185183546025
"vancouver_086",0.101580786490488
"vancouver_057",0.10458114724417
"vancouver_085",0.101408844711303
"vancouver_084",0.101634187179487
"vancouver_088",0.102746822740118
"vancouver_087",0.104438969823389
"vancouver_114",0.114625119761789
"vancouver_113",0.11960161252046
"vancouver_116",0.110980727262062
"vancouver_115",0.112124523622976
"vancouver_112",0.107413823906067
"vancouver_082",0.104014274619447
"vancouver_083",0.104119184746877
"vancouver_067",0.105971490886754
"vancouver_111",0.115815281525454
"vancouver_091",0.119104073546169
"vancouver_089",0.101820965679505
"vancouver_081",0.103415501188781
"vancouver_092",0.120758932951049
"vancouver_060",0.092539039408867
"vancouver_053",0.0716224462365591
"vancouver_061",0.0921382438316401
"vancouver_063",0.0908102564102564
"vancouver_062",0.0908067226890756
"vancouver_064",0.0901794871794872
"vancouver_048",0.081968522766245
"vancouver_097",0.0757650469043152
"vancouver_027",0.093393300905834
"vancouver_026",0.0827692307692308
"vancouver_025",0.083800299243091
"vancouver_065",0.0912381584139555
"vancouver_079",0.0975263920693785
"vancouver_080",0.110035162810698
"vancouver_076",0.10765928023088
"vancouver_075",0.108945001030715
"vancouver_074",0.113167870308094
"vancouver_093",0.115603704563903
"vancouver_107",0.118468065404036
"vancouver_108",0.116491754297347
"vancouver_031",0.116558305882353
"vancouver_103",0.118005031350164
"vancouver_094",0.115935229327929
"vancouver_096",0.116831096156542
"vancouver_101",0.117697882504117
"vancouver_032",0.117742857142857
"vancouver_003",0.121411352935037
"vancouver_002",0.11882528227786
"vancouver_004",0.121942452177631
"vancouver_105",0.117471856287425
"vancouver_005",0.115062963946493
"vancouver_007",0.112603214383745
"vancouver_006",0.115747642505278
"vancouver_109",0.119187372636555
"vancouver_009",0.111381246741496
"vancouver_008",0.109693645749757
"vancouver_117",0.112056561085973
"vancouver_110",0.120551337232829
"vancouver_118",0.109730256479474
"vancouver_010",0.104567905032229
"vancouver_001",0.121181920551816
"vancouver_102",0.117043345602704
"vancouver_100",0.112100631181676
"vancouver_028",0.110434440559441
"vancouver_098",0.113623043325892
"vancouver_099",0.119970912800223
"vancouver_095",0.116075356769927
"vancouver_072",0.113190819126819
"vancouver_070",0.11408886402221
"vancouver_069",0.113940255085416
"tokyo_011",0.0857634348575107
"tokyo_009",0.080692255412208
"tokyo_008",0.0762238056874785
"tokyo_023",0.0856251262780935
"tokyo_022",0.0884180682078973
"tokyo_021",0.0899413973514949
"tokyo_007",0.0810481293586918
"tokyo_002",0.0616072696534235
"tokyo_006",0.0769875379557251
"tokyo_003",0.0769012890820826
"tokyo_010",0.0841195227376228
"tokyo_013",0.0855639056977463
"tokyo_001",0.075675853622748
"tokyo_005",0.0806647315818051
"tokyo_004",0.0793680241568769
"tokyo_016",0.0817322525795547
"tokyo_014",0.0813045910653053
"tokyo_017",0.0884114343811994
"tokyo_018",0.0824511198762666
"tokyo_019",0.0912708533374606
"tokyo_020",0.0886250050225225
"tokyo_015",0.083606855077908
"tokyo_012",0.0881652525296113
"melbourne_83",0.137202898550725
"melbourne_84",0.10672849002849
"melbourne_85",0.143576390353158
"melbourne_81",0.136274827008461
"melbourne_82",0.148053290202164
"melbourne_56",0.124733169739298
"melbourne_54",0.128022953702695
"melbourne_57",0.118688832054561
"melbourne_53",0.122054060028533
"melbourne_58",0.121832446393458
"melbourne_61",0.123703198525426
"melbourne_60",0.12699105991493
"melbourne_63",0.12331859234377
"melbourne_59",0.127562701809717
"melbourne_42",0.129115306794655
"melbourne_46",0.126976264298969
"melbourne_62",0.126123228738136
"melbourne_45",0.125698572907424
"melbourne_64",0.123663083810599
"melbourne_43",0.125461540317522
"melbourne_44",0.126689824009288
"melbourne_51",0.122247159023228
"melbourne_49",0.124485718181779
"melbourne_50",0.130392397188877
"melbourne_48",0.125177118733139
"melbourne_93",0.130534766624041
"melbourne_92",0.125826436530478
"melbourne_31",0.12382837854577
"melbourne_34",0.120166800017937
"melbourne_47",0.122846074479317
"melbourne_40",0.122342979330647
"melbourne_35",0.124320081326243
"melbourne_33",0.116704941713278
"melbourne_15",0.106853690747022
"melbourne_22",0.10407142388031
"melbourne_21",0.115024056995071
"melbourne_24",0.117922639975088
"melbourne_28",0.119412890499413
"melbourne_18",0.104227664918228
"melbourne_38",0.120375829014343
"melbourne_13",0.116170145613003
"melbourne_20",0.128332899256239
"melbourne_37",0.124534875235846
"melbourne_41",0.126372068984656
"melbourne_39",0.12579845164577
"melbourne_36",0.128176222457157
"melbourne_1",0.132793748229638
"melbourne_2",0.132772339263787
"melbourne_7",0.132673522458629
"melbourne_6",0.131405220490787
"melbourne_8",0.134205458189378
"melbourne_4",0.1327170683774
"melbourne_52",0.126054000120941
"melbourne_55",0.123183697966311
"melbourne_5",0.131240172708399
"melbourne_10",0.13033313852093
"melbourne_12",0.130537223044237
"melbourne_9",0.133776891271471
"melbourne_3",0.131656366483804
"melbourne_11",0.127847952722668
"melbourne_17",0.127735068135489
"melbourne_16",0.135208252818035
"melbourne_23",0.107362644658245
"melbourne_19",0.116890952788757
"melbourne_14",0.102099804396034
"melbourne_27",0.114207983563111
"melbourne_26",0.128284414906056
"melbourne_29",0.11429748472871
"melbourne_32",0.123517229093927
"melbourne_30",0.120962661159792
"melbourne_73",0.127076291646548
"melbourne_75",0.123638548516819
"melbourne_25",0.110884764296552
"melbourne_66",0.104289915276501
"melbourne_74",0.125615577818141
"melbourne_67",0.124070175017406
"melbourne_78",0.126487647167887
"melbourne_71",0.129795335615996
"melbourne_80",0.129929350755889
"melbourne_89",0.141357336188206
"melbourne_72",0.129019449866903
"melbourne_77",0.130722617315877
"melbourne_76",0.131726167347759
"melbourne_79",0.13160820091962
"melbourne_86",0.135533957293147
"melbourne_68",0.130920508496963
"melbourne_65",0.104718193527976
"melbourne_88",0.123470659889962
"melbourne_91",0.130449763312706
"melbourne_90",0.153782939023302
"melbourne_87",0.111767444156162
"melbourne_70",0.108144010492366
"melbourne_69",0.111364901200107
"losangeles_001",0.138700620594916
"losangeles_002",0.133887530224967
"losangeles_006",0.128237142268381
"losangeles_005",0.123699008311862
"losangeles_007",0.122275585040026
"losangeles_003",0.120503791865896
"losangeles_004",0.123542292273918
"losangeles_009",0.105228389608255
"losangeles_008",0.126125222538329
"losangeles_022",0.113355468021119
"losangeles_020",0.125375426145398
"losangeles_019",0.125414019043015
"losangeles_018",0.119202291047165
"losangeles_011",0.12314197584964
"losangeles_013",0.114699705764972
"losangeles_012",0.117138529648261
"losangeles_010",0.124308419985546
"losangeles_014",0.116775006548294
"losangeles_015",0.120977587730879
"losangeles_016",0.1247389567891
"losangeles_017",0.119948416970202
"losangeles_021",0.122445352583881
"mexico_014",0.106280386524794
"mexico_005",0.0958876496358665
"mexico_001",0.104969587448579
"mexico_010",0.0902925647536042
"mexico_004",0.116678800030425
"mexico_016",0.125113740620609
"mexico_009",0.128431979681212
"mexico_013",0.13055784260469
"mexico_012",0.103980739676289
"mexico_007",0.126130005722143
"mexico_002",0.126790549010503
"mexico_011",0.113633729300168
"mexico_006",0.110566759411971
"mexico_015",0.122249571390222
"mexico_008",0.121869245126419
"mexico_003",0.113689462229097
"chicago_30",0.129411101245217
"chicago_59",0.137112425733244
"chicago_73",0.125324700463191
"chicago_61",0.133133002056637
"chicago_45",0.129924963013755
"chicago_46",0.14373659569269
"chicago_67",0.132889378740715
"chicago_9",0.126791212166219
"chicago_3",0.15634372207602
"chicago_4",0.130338037414179
"chicago_14",0.126313119878012
"chicago_12",0.130046826674615
"chicago_58",0.141480024557836
"chicago_13",0.125975640633145
"chicago_63",0.124120417246322
"chicago_20",0.112363453753374
"chicago_62",0.124376511798362
"chicago_65",0.122869990392983
"chicago_76",0.130145366780261
"chicago_6",0.12563887999423
"chicago_29",0.124421471596931
"chicago_33",0.124857560808171
"chicago_68",0.142994013258594
"chicago_36",0.12247950361775
"chicago_28",0.142928872809752
"chicago_47",0.116529674904696
"chicago_41",0.101583666084813
"chicago_48",0.129223906501769
"chicago_17",0.140676059839421
"chicago_55",0.119693991973737
"chicago_2",0.14686193491593
"chicago_10",0.148706093571473
"chicago_50",0.13642428095536
"chicago_25",0.13277526772848
"chicago_43",0.146258259891501
"chicago_42",0.138289921751019
"chicago_49",0.132442576294987
"chicago_75",0.119042591595235
"chicago_19",0.137947395959662
"chicago_32",0.135928932434164
"chicago_52",0.1368673077055
"chicago_64",0.14375174250124
"chicago_11",0.139692680629282
"chicago_26",0.141468983248111
"chicago_15",0.138300147505065
"chicago_70",0.126722703525717
"chicago_23",0.127468788672434
"chicago_72",0.163565963432404
"chicago_16",0.167536838094042
"chicago_27",0.158506610828135
"chicago_69",0.14441325031036
"chicago_1",0.16038838732632
"chicago_71",0.140538086003631
"chicago_5",0.133894963424189
"chicago_56",0.195760006696163
"chicago_22",0.134580386555703
"chicago_54",0.139110184033467
"chicago_24",0.133139904526747
"chicago_35",0.132366923689077
"chicago_18",0.140015506963243
"chicago_44",0.137399405989513
"chicago_8",0.13572691912798
"chicago_57",0.130212209147336
"chicago_77",0.125668533711239
"chicago_34",0.123605507888742
"chicago_53",0.136673778540863
"chicago_31",0.138182009920452
"chicago_7",0.124304308688401
"chicago_40",0.119071750510063
"chicago_39",0.124173844076439
"chicago_74",0.134516178252025
"chicago_60",0.130921051490518
"chicago_21",0.116384575951223
"chicago_66",0.126876203250897
"chicago_51",0.117739716170206
"chicago_37",0.110219234773993
"chicago_38",0.114494123536677
"detroit_047",0.131722934218403
"detroit_046",0.132276489136947
"detroit_249",0.135091469071958
"detroit_059",0.139812751511376
"detroit_045",0.134944841206783
"detroit_044",0.13353228156766
"detroit_234",0.123685724185724
"detroit_048",0.129867921511628
"detroit_042",0.120940797546012
"detroit_040",0.129005609350548
"detroit_049",0.139418216126657
"detroit_175",0.130169577782671
"detroit_222",0.137185911813674
"detroit_177",0.13253238529596
"detroit_176",0.1365
"detroit_153",0.132070623088685
"detroit_174",0.124842648586866
"detroit_251",0.126084806474155
"detroit_173",0.128782496583378
"detroit_160",0.127954462841374
"detroit_161",0.127371286472149
"detroit_233",0.131365919059011
"detroit_206",0.124865271966527
"detroit_162",0.127652150374912
"detroit_158",0.120898115175445
"detroit_164",0.131680762590082
"detroit_165",0.129588132006406
"detroit_166",0.124709925925926
"detroit_258",0.12433374234707
"detroit_167",0.127985133318803
"detroit_169",0.124193135478301
"detroit_171",0.124599559545059
"detroit_172",0.126043205371479
"detroit_170",0.124268897330995
"detroit_242",0.124077222785666
"detroit_039",0.124222916666667
"detroit_168",0.12793507888435
"detroit_178",0.12219827856025
"detroit_038",0.119331511171206
"detroit_037",0.118166642877534
"detroit_179",0.118956036477474
"detroit_180",0.118664144813182
"detroit_033",0.11734358596103
"detroit_032",0.118052606896552
"detroit_036",0.121181825070362
"detroit_043",0.130205563753125
"detroit_041",0.119587399463807
"detroit_035",0.130942966997229
"detroit_060",0.134242373989026
"detroit_064",0.137573269044567
"detroit_063",0.133100054515377
"detroit_061",0.134738094523631
"detroit_154",0.13840824926102
"detroit_058",0.135106943093082
"detroit_062",0.131168237183777
"detroit_257",0.133357291511818
"detroit_052",0.133284620045899
"detroit_053",0.143092185703659
"detroit_057",0.133810037950664
"detroit_054",0.145633980052984
"detroit_051",0.134347750256016
"detroit_050",0.138188126898137
"detroit_034",0.125994919133354
"detroit_275",0.13107107398107
"detroit_290",0.121948644539542
"detroit_294",0.119997938394373
"detroit_276",0.127480843777823
"detroit_232",0.130032449456793
"detroit_273",0.124491199697596
"detroit_256",0.124120710910212
"detroit_277",0.124303383214053
"detroit_246",0.122790805798616
"detroit_224",0.1223408670639
"detroit_270",0.120960715542522
"detroit_274",0.122490677375822
"detroit_289",0.123155546123373
"detroit_269",0.121201793659622
"detroit_283",0.12360734989648
"detroit_288",0.123113632679527
"detroit_284",0.125620784777346
"detroit_285",0.123893165030388
"detroit_287",0.118077777777778
"detroit_291",0.118161290322581
"detroit_293",0.118913888352328
"detroit_292",0.119266666666667
"detroit_163",0.127613027979348
"detroit_286",0.118602
"detroit_279",0.122726606238336
"detroit_156",0.117108051535017
"detroit_157",0.121081798070222
"detroit_278",0.118171883711669
"detroit_280",0.124066562095069
"detroit_155",0.130064621332667
"detroit_115",0.125026953539066
"detroit_297",0.14005861280248
"detroit_114",0.12281559854104
"detroit_116",0.124261767580933
"detroit_281",0.123519541622495
"detroit_282",0.121714027149321
"detroit_250",0.120761706555671
"detroit_238",0.124055020678247
"detroit_124",0.127939515074847
"detroit_118",0.119951901166781
"detroit_123",0.121599417412882
"detroit_184",0.127028973740034
"detroit_197",0.120425721561969
"detroit_271",0.122675649585713
"detroit_272",0.124942434925671
"detroit_239",0.125024987822039
"detroit_152",0.124100538501561
"detroit_196",0.122901341011315
"detroit_194",0.121808333333333
"detroit_119",0.123695509499136
"detroit_027",0.127171064165498
"detroit_195",0.121922285473329
"detroit_098",0.126078049310307
"detroit_099",0.128214413518318
"detroit_193",0.122192965627498
"detroit_014",0.128389192755955
"detroit_122",0.125582248632334
"detroit_120",0.121056152927121
"detroit_121",0.121483081583888
"detroit_231",0.123762661679913
"detroit_185",0.127322690929143
"detroit_189",0.122055720847688
"detroit_191",0.122233333333333
"detroit_188",0.122930718954248
"detroit_192",0.121455886524823
"detroit_100",0.130771863447658
"detroit_144",0.140716017316017
"detroit_095",0.140245535995178
"detroit_148",0.125495881348698
"detroit_031",0.124678672936259
"detroit_229",0.127966738270135
"detroit_066",0.131127492335235
"detroit_028",0.121801542225398
"detroit_187",0.122948650472335
"detroit_254",0.121900380484957
"detroit_186",0.124505595424186
"detroit_253",0.122675886035654
"detroit_142",0.12377644589252
"detroit_030",0.132251166534591
"detroit_259",0.125855953590786
"detroit_105",0.132173418209877
"detroit_107",0.132080907909833
"detroit_092",0.125301401769942
"detroit_109",0.13506176275355
"detroit_108",0.129431583505836
"detroit_016",0.13065313057041
"detroit_237",0.129125143146582
"detroit_093",0.124804032074214
"detroit_009",0.124131844852266
"detroit_094",0.123581973206973
"detroit_262",0.130238176157648
"detroit_106",0.125962752013654
"detroit_295",0.128457794471916
"detroit_296",0.131343820697148
"detroit_159",0.127936086071171
"detroit_263",0.12517469526728
"detroit_083",0.129628193188099
"detroit_084",0.134461556669284
"detroit_081",0.138764656029353
"detroit_080",0.133230776495186
"detroit_068",0.128234981265216
"detroit_247",0.126692613001804
"detroit_079",0.161736722808782
"detroit_071",0.130346364541833
"detroit_070",0.131478518178975
"detroit_004",0.132055790698632
"detroit_082",0.143501700137749
"detroit_078",0.149893341017388
"detroit_006",0.141878236287167
"detroit_085",0.149767674336149
"detroit_086",0.136847783621337
"detroit_007",0.144555740513397
"detroit_087",0.132408606476616
"detroit_091",0.126756497326203
"detroit_088",0.134687735564601
"detroit_089",0.138362798983904
"detroit_090",0.125357279411765
"detroit_110",0.136974534044646
"detroit_111",0.137501038611926
"detroit_140",0.140202640940342
"detroit_141",0.129087297915416
"detroit_205",0.126097205380826
"detroit_026",0.124867347043967
"detroit_213",0.127043268498299
"detroit_214",0.129072145921773
"detroit_228",0.128907753254103
"detroit_227",0.130365700368235
"detroit_240",0.128893688327532
"detroit_012",0.129852802994965
"detroit_001",0.13167551844707
"detroit_204",0.129777269995165
"detroit_002",0.137190669855987
"detroit_202",0.0940788619357301
"detroit_200",0.128448229063623
"detroit_212",0.14036269444257
"detroit_210",0.130409285232291
"detroit_211",0.139835816630608
"detroit_024",0.140816775470519
"detroit_236",0.139479696268238
"detroit_008",0.135828697038256
"detroit_010",0.135098392220525
"detroit_011",0.136241013961382
"detroit_221",0.140589753012104
"detroit_198",0.14425835887386
"detroit_260",0.132997989372397
"detroit_203",0.141982991202346
"detroit_199",0.136852288859283
"detroit_065",0.135017373078264
"detroit_025",0.10257536104707
"detroit_245",0.13966053159932
"detroit_020",0.132432152406417
"detroit_241",0.136029683728037
"detroit_029",0.115283326921303
"detroit_023",0.131719291472934
"detroit_021",0.135862760905333
"detroit_022",0.142120970316935
"detroit_019",0.127332862327463
"detroit_268",0.14224562963334
"detroit_209",0.138627463077192
"detroit_018",0.147009105849381
"detroit_005",0.140731470854685
"detroit_077",0.134312033247164
"detroit_076",0.133289492447415
"detroit_072",0.130051975807541
"detroit_075",0.128048747219905
"detroit_015",0.149034090909091
"detroit_143",0.135545363926345
"detroit_074",0.128249765752991
"detroit_243",0.134554437448961
"detroit_073",0.129693294441744
"detroit_136",0.126211920704078
"detroit_137",0.120991768648019
"detroit_138",0.121121454473646
"detroit_183",0.126419309516736
"detroit_255",0.140769600025018
"detroit_244",0.154321196647851
"detroit_017",0.15747887201248
"detroit_219",0.145629646518328
"detroit_264",0.146093847264837
"detroit_267",0.144772771108964
"detroit_003",0.153086628421208
"detroit_266",0.118338294767925
"detroit_265",0.135827968923418
"detroit_261",0.117829001133381
"detroit_220",0.116121471774194
"detroit_139",0.120815769970876
"detroit_182",0.126573940209887
"detroit_151",0.132745225968436
"detroit_181",0.128592563746633
"detroit_133",0.126987992424242
"detroit_126",0.133435543079249
"detroit_129",0.128389645414957
"detroit_134",0.129084775201766
"detroit_135",0.126522420900178
"detroit_128",0.126674849815157
"detroit_127",0.129727272727273
"detroit_132",0.135637744461421
"detroit_131",0.129226735896379
"detroit_069",0.127524418016194
"detroit_067",0.12796539493865
"detroit_130",0.130195612844867
"detroit_201",0.0831962406015038
"detroit_216",0.0993881210359408
"detroit_215",0.111460949125898
"detroit_217",0.103499881427239
"detroit_226",0.128163338929786
"detroit_218",0.123662556992068
"detroit_013",0.110908573112895
"detroit_097",0.131884006312906
"detroit_096",0.131091154396608
"detroit_125",0.115938702558314
"detroit_223",0.118889409455538
"detroit_150",0.117787702552824
"detroit_235",0.127170161030596
"detroit_252",0.121384358755252
"detroit_146",0.120216159122085
"detroit_145",0.127964596782259
"detroit_225",0.139018140014224
"detroit_248",0.128968012312556
"detroit_102",0.137402681585935
"detroit_103",0.128190282715422
"detroit_207",0.126908243344704
"detroit_147",0.117343104254324
"detroit_149",0.116518542901031
"detroit_230",0.121597772687832
"detroit_104",0.130697637497285
"detroit_112",0.124425795667049
"detroit_113",0.125735205027947
"detroit_117",0.128594287386056
"detroit_190",0.136950202743292
"detroit_101",0.124089028417745
"detroit_055",0.135674725548902
"detroit_208",0.137684249337163
"detroit_056",0.133216634119347
"atlanta_120",0.129705389256097
"atlanta_018",0.12260209696386
"atlanta_001",0.116138748521021
"atlanta_013",0.153028245779174
"atlanta_105",0.124313696011498
"atlanta_108",0.121787534526661
"atlanta_008",0.122296866242503
"atlanta_077",0.127938710354967
"atlanta_083",0.116540811910583
"atlanta_089",0.122895252506431
"atlanta_084",0.11921625268591
"atlanta_020",0.118984988318024
"atlanta_081",0.119477929595027
"atlanta_082",0.119151682539683
"atlanta_038",0.121445847744848
"atlanta_037",0.120806584187341
"atlanta_055",0.121108499565737
"atlanta_025",0.122491102908167
"atlanta_104",0.131655455590837
"atlanta_118",0.131426708780162
"atlanta_026",0.122878626664817
"atlanta_024",0.131819983980777
"atlanta_101",0.134069448034851
"atlanta_069",0.125658738366278
"atlanta_126",0.127806319003993
"atlanta_064",0.127920988377136
"atlanta_027",0.117087473716564
"atlanta_074",0.12055436333705
"atlanta_070",0.123206385173847
"atlanta_125",0.12309423616698
"atlanta_014",0.123864038744737
"atlanta_028",0.117018473558533
"atlanta_045",0.11569763913061
"atlanta_079",0.112733333333333
"atlanta_068",0.120481308471607
"atlanta_065",0.120980935940273
"atlanta_114",0.123588185726668
"atlanta_050",0.126125892287376
"atlanta_066",0.121842207513112
"atlanta_109",0.121209864768634
"atlanta_106",0.1193406435528
"atlanta_067",0.116348429341425
"atlanta_075",0.118730867407043
"atlanta_049",0.119174981479866
"atlanta_012",0.125689382068692
"atlanta_052",0.118954027116818
"atlanta_041",0.124115127905826
"atlanta_048",0.117695555263543
"atlanta_034",0.118287166814266
"atlanta_060",0.117236716233665
"atlanta_103",0.12471439592012
"atlanta_035",0.131100426939671
"atlanta_112",0.125659340659341
"atlanta_040",0.130245298513894
"atlanta_097",0.135382352941176
"atlanta_029",0.127770760142382
"atlanta_005",0.128960322010687
"atlanta_036",0.124191076794032
"atlanta_039",0.124020442938031
"atlanta_053",0.123803691569205
"atlanta_051",0.128054054054054
"atlanta_056",0.118763586439844
"atlanta_063",0.119544541847042
"atlanta_054",0.125207099100462
"atlanta_078",0.123754451375692
"atlanta_094",0.116929112792149
"atlanta_116",0.118470900225491
"atlanta_095",0.117303799008425
"atlanta_091",0.112021405813617
"atlanta_092",0.112088227687503
"atlanta_093",0.112353328078473
"atlanta_121",0.107638953415315
"atlanta_122",0.107887870614962
"atlanta_090",0.115062334149059
"atlanta_073",0.114031257474078
"atlanta_123",0.112960842976386
"atlanta_009",0.11228480271631
"atlanta_107",0.111653116531165
"atlanta_007",0.112170448256779
"atlanta_006",0.114496453489528
"atlanta_110",0.11212183979161
"atlanta_129",0.122543360436374
"atlanta_010",0.121335830432177
"atlanta_085",0.126051317468666
"atlanta_096",0.121551546275191
"atlanta_135",0.128671208180032
"atlanta_115",0.127741971488295
"atlanta_086",0.129336341183464
"atlanta_030",0.122993097558339
"atlanta_061",0.11768926248555
"atlanta_087",0.121623894297728
"atlanta_072",0.124608562412111
"atlanta_117",0.111002731505889
"atlanta_019",0.109540090789713
"atlanta_004",0.110079927669202
"atlanta_111",0.109695252557715
"atlanta_011",0.119704552528082
"atlanta_102",0.110672940822415
"atlanta_100",0.112626552269946
"atlanta_119",0.112099688220848
"atlanta_130",0.10838337896332
"atlanta_002",0.111058299595142
"atlanta_003",0.114191608931403
"atlanta_127",0.108968393971109
"atlanta_128",0.112806333465515
"atlanta_133",0.111864813000491
"atlanta_132",0.110842065498662
"atlanta_131",0.115862619409838
"atlanta_099",0.110396286604212
"atlanta_124",0.1120808671505
"atlanta_088",0.116209238635418
"atlanta_021",0.108570791527313
"atlanta_022",0.117211468618772
"atlanta_080",0.117825133149679
"atlanta_023",0.115419190008042
"atlanta_098",0.113225866733497
"atlanta_134",0.110873646619295
"atlanta_113",0.113240903124068
"atlanta_032",0.127706977452125
"atlanta_057",0.122291770183428
"atlanta_062",0.116388275272698
"atlanta_071",0.122492599168852
"atlanta_058",0.118201708275621
"atlanta_059",0.117843500551736
"atlanta_047",0.115278747801356
"atlanta_042",0.114909660836517
"atlanta_033",0.114964383982031
"atlanta_043",0.116936426952911
"atlanta_044",0.114892338668633
"atlanta_031",0.115728731033012
"atlanta_017",0.115736527375897
"atlanta_015",0.115958979657144
"atlanta_046",0.120641437835768
"atlanta_076",0.115429827471798
"atlanta_016",0.115648292315419
"newyork_021",0.107742879317038
"newyork_055",0.0799900880257362
"newyork_032",0.0942307839864345
"newyork_039",0.0966178266551228
"newyork_041",0.0922135045802063
"newyork_040",0.112823279970558
"newyork_038",0.10459689556025
"newyork_037",0.11253511994229
"newyork_036",0.10236274527205
"newyork_035",0.105819955476496
"newyork_022",0.112460927874153
"newyork_023",0.0991037574949229
"newyork_020",0.0679752884677846
"newyork_017",0.0715870915858062
"newyork_016",0.0812762584682482
"newyork_015",0.0775591993479357
"newyork_014",0.0870512583688989
"newyork_042",0.0963512173827354
"newyork_050",0.104303178692908
"newyork_018",0.066479266026055
"newyork_024",0.0976453855189543
"newyork_025",0.114078646579154
"newyork_019",0.0751391581810024
"newyork_027",0.0951514209287241
"newyork_028",0.103252143808468
"newyork_029",0.103403239445124
"newyork_034",0.106627615584362
"newyork_033",0.107723595838514
"newyork_026",0.103039124511852
"newyork_030",0.106802899468046
"newyork_051",0.120799979893905
"newyork_031",0.113987061846566
"newyork_054",0.115111265102813
"newyork_052",0.111789587158627
"newyork_049",0.105153861037817
"newyork_048",0.102272048303314
"newyork_043",0.0949548826267747
"newyork_044",0.0952860662892351
"newyork_045",0.107935290223973
"newyork_047",0.111900732677341
"newyork_053",0.113948268765699
"newyork_046",0.117883117471935
"newyork_003",0.0831123531958757
"newyork_009",0.0962145517305119
"newyork_004",0.105850596267347
"newyork_002",0.109341142441687
"newyork_001",0.0949541662211631
"newyork_006",0.100692764209707
"newyork_005",0.103961135580812
"newyork_007",0.0979726012120164
"newyork_011",0.0811532488998154
"newyork_008",0.0992094978342421
"newyork_013",0.0995751044069859
"newyork_010",0.0839971672203954
"newyork_012",0.0899731510802317
"boston_151",0.0317160609217074
"boston_153",0.108207046759935
"boston_47",0.101754279935468
"boston_46",0.103316337395461
"boston_51",0.100263977627631
"boston_95",0.0774262815889933
"boston_48",0.0930574904583059
"boston_91",0.0892805066854328
"boston_168",0.0996153846153846
"boston_165",0.0865969906636573
"boston_169",0.0877518315018315
"boston_167",0.0882552289377289
"boston_166",0.0904571428571429
"boston_171",0.0847009778911565
"boston_90",0.0793037774725275
"boston_170",0.0693452881152461
"boston_157",0.0794578943538364
"boston_174",0.0723718048889385
"boston_50",0.073583063709254
"boston_154",0.0795030503365557
"boston_121",0.0770291455553179
"boston_49",0.0719852941176471
"boston_58",0.0843907020872865
"boston_59",0.0830445920303605
"boston_127",0.0894286016799605
"boston_96",0.0930821539376939
"boston_126",0.0973708447639769
"boston_130",0.0869259530791789
"boston_97",0.0914180926272116
"boston_67",0.0911961338951499
"boston_60",0.0749032258064516
"boston_131",0.0749032258064516
"boston_129",0.0749032258064516
"boston_68",0.076046137369904
"boston_3",0.0617127767235927
"boston_172",0.095952004984263
"boston_173",0.0881967266245341
"boston_12",0.102811814564702
"boston_64",0.103313840827703
"boston_134",0.104799603738451
"boston_18",0.104435892659577
"boston_115",0.10443536353771
"boston_114",0.102609185918592
"boston_99",0.101456586826347
"boston_98",0.100725858250277
"boston_17",0.106330245721337
"boston_101",0.105064933018125
"boston_113",0.101642831541219
"boston_57",0.101694444444444
"boston_9",0.101694444444444
"boston_100",0.105037046405139
"boston_32",0.120428371871438
"boston_31",0.116769361736051
"boston_37",0.115168511789199
"boston_119",0.113506298688944
"boston_69",0.100325274846801
"boston_103",0.105538157888669
"boston_15",0.113219512195122
"boston_161",0.116666936837589
"boston_16",0.113855697235295
"boston_52",0.116300252312868
"boston_40",0.114979016214743
"boston_14",0.117966098727973
"boston_116",0.118213267384536
"boston_53",0.116013550135501
"boston_42",0.115073031496063
"boston_13",0.117632440145209
"boston_135",0.10671000720559
"boston_36",0.105199562491388
"boston_34",0.104133382471187
"boston_33",0.103662132045777
"boston_72",0.103847521827785
"boston_35",0.105003921568627
"boston_71",0.10490639780931
"boston_180",0.102973141673142
"boston_179",0.103201352322848
"boston_132",0.101427831637305
"boston_73",0.10309614638562
"boston_74",0.102029525708915
"boston_63",0.0941302672387659
"boston_65",0.0996127401837928
"boston_8",0.0952483928571428
"boston_10",0.0956571428571429
"boston_11",0.0788787878787879
"boston_5",0.0886447811447811
"boston_158",0.0893135499378815
"boston_56",0.0935277777777778
"boston_7",0.0724755880179123
"boston_6",0.0610953181272509
"boston_55",0.0605986928104575
"boston_62",0.0822059300993124
"boston_61",0.0632902580196698
"boston_4",0.0634155344380743
"boston_109",0.0743224344283168
"boston_112",0.0784633418584825
"boston_110",0.0846136363636364
"boston_2",0.0884285714285714
"boston_1",0.089481407416845
"boston_108",0.0840909090909091
"boston_111",0.0852919976463666
"boston_80",0.0854571834415584
"boston_79",0.099581614532421
"boston_76",0.10091430799819
"boston_75",0.0995924555139215
"boston_133",0.0847202881152461
"boston_77",0.102992626637374
"boston_177",0.103347877842804
"boston_178",0.102969230769231
"boston_175",0.100690388976103
"boston_78",0.101131414473684
"boston_176",0.100319173594585
"boston_148",0.102434946861987
"boston_144",0.0990176463803775
"boston_145",0.0996217113627186
"boston_136",0.0912994165702878
"boston_122",0.0921702465247899
"boston_143",0.0928835922978017
"boston_140",0.0977821919664025
"boston_139",0.098421052631579
"boston_141",0.0949377406931964
"boston_142",0.0863702007738777
"boston_137",0.0743533611885338
"boston_150",0.0628239495081594
"boston_107",0.0755052854122622
"boston_66",0.0542971324983838
"boston_124",0.0691878525853352
"boston_123",0.0656744186046512
"boston_125",0.0946750526772243
"boston_128",0.0881385727457127
"boston_120",0.0775633961094319
"boston_92",0.0806375003388085
"boston_155",0.0639908493778545
"boston_149",0.0534790312382684
"boston_156",0.0472954545454546
"boston_152",0.0371067476567477
"boston_106",0.0872739307765773
"boston_105",0.091638819358791
"boston_104",0.10450739350135
"boston_25",0.100022717344982
"boston_24",0.107422017072846
"boston_27",0.108761518941995
"boston_45",0.109884725383175
"boston_26",0.105672843167633
"boston_84",0.100567238994068
"boston_83",0.102727502102607
"boston_85",0.099987224471435
"boston_86",0.103235928143713
"boston_88",0.0978192307692308
"boston_89",0.0929230769230769
"boston_138",0.0958432891669734
"boston_87",0.100644915861081
"boston_146",0.101870126558067
"boston_147",0.107075
"boston_162",0.106145239867659
"boston_82",0.110064864178726
"boston_163",0.104783721986675
"boston_164",0.100461538461538
"boston_81",0.111526726226872
"boston_28",0.108501516277862
"boston_70",0.110179448283226
"boston_43",0.110781372482845
"boston_41",0.112980192307692
"boston_44",0.114144786585366
"boston_21",0.11597833822341
"boston_22",0.112784706850958
"boston_23",0.116603751840868
"boston_118",0.121531454887296
"boston_20",0.113750491064771
"boston_117",0.118756834124031
"boston_19",0.113470151343494
"boston_160",0.120012787118162
"boston_159",0.115234879820159
"boston_54",0.116504512195122
"boston_38",0.113386014696685
"boston_39",0.11399627438089
"boston_30",0.11590475502374
"boston_93",0.11860782402529
"boston_102",0.122085171282823
"boston_94",0.121181004740691
"boston_29",0.118589448889183
"lima_001",0.164589324463349
"lima_024",0.142264120247951
"lima_027",0.161181441790194
"lima_026",0.155478617480298
"lima_019",0.149056342510341
"lima_023",0.161460128799112
"lima_008",0.162213759304908
"lima_029",0.156005785125643
"lima_038",0.163216136539614
"lima_007",0.142851887448352
"lima_040",0.146007708657866
"lima_003",0.119379465930018
"lima_022",0.108522034980212
"lima_033",0.141509312438194
"lima_043",0.159194935217245
"lima_042",0.151560524785853
"lima_013",0.164281141954633
"lima_002",0.164653026411388
"lima_018",0.148201352947343
"lima_006",0.14923843459179
"lima_010",0.136547856335962
"lima_037",0.157030049177768
"lima_032",0.15589580317804
"lima_015",0.11567419030693
"lima_034",0.128843404634581
"lima_014",0.105939239482201
"lima_030",0.120420381376919
"lima_031",0.113502759622368
"lima_041",0.117529061908624
"lima_020",0.112802777777778
"lima_012",0.112301656495205
"lima_016",0.105997928176796
"lima_028",0.139725145684698
"lima_004",0.108331918505942
"lima_021",0.126024788494078
"lima_036",0.155949336058277
"lima_035",0.149436115495682
"lima_017",0.158812738843965
"lima_009",0.159634627511595
"lima_011",0.146019525101665
"lima_005",0.161011433299596
"lima_025",0.154768015856896
"lima_039",0.152369850057324
"saopaulo_052",0.108931246003686
"saopaulo_056",0.117262941852655
"saopaulo_030",0.103951371848242
"saopaulo_069",0.121054670855889
"saopaulo_059",0.100500853857641
"saopaulo_027",0.117173512615353
"saopaulo_037",0.119665433504792
"saopaulo_022",0.119143475084679
"saopaulo_016",0.12119108870065
"saopaulo_023",0.107353954864366
"saopaulo_042",0.110705219335677
"saopaulo_045",0.0958174663003066
"saopaulo_081",0.0912712777077811
"saopaulo_072",0.117365913624416
"saopaulo_015",0.121556590520262
"saopaulo_034",0.113156852659618
"saopaulo_053",0.111773876842864
"saopaulo_055",0.118855083208048
"saopaulo_085",0.114383921966689
"saopaulo_017",0.121513083704999
"saopaulo_019",0.124462004312603
"saopaulo_096",0.126377478131031
"saopaulo_066",0.124439580047776
"saopaulo_068",0.127105180426763
"saopaulo_012",0.121411664859132
"saopaulo_040",0.119639740862057
"saopaulo_002",0.121646902639118
"saopaulo_090",0.116877965842742
"saopaulo_048",0.120380205025799
"saopaulo_063",0.113996459401077
"saopaulo_044",0.108385460334894
"saopaulo_026",0.106756680561895
"saopaulo_061",0.116985495942899
"saopaulo_006",0.117003845668145
"saopaulo_070",0.109192840484053
"saopaulo_009",0.111708932654014
"saopaulo_021",0.120688634121646
"saopaulo_071",0.122259314131022
"saopaulo_067",0.0993856432558447
"saopaulo_007",0.0997442792526576
"saopaulo_080",0.100898182286406
"saopaulo_057",0.11307432788
"saopaulo_088",0.122360456372575
"saopaulo_094",0.123448790826142
"saopaulo_091",0.119817201894487
"saopaulo_008",0.116480151662751
"saopaulo_010",0.111429614330049
"saopaulo_014",0.115486906297189
"saopaulo_049",0.11141150706653
"saopaulo_054",0.119033485110949
"saopaulo_033",0.117223331409831
"saopaulo_092",0.11518260638972
"saopaulo_079",0.122524159733134
"saopaulo_095",0.120142037524979
"saopaulo_001",0.122409524705547
"saopaulo_087",0.124336223910755
"saopaulo_074",0.119570513576375
"saopaulo_078",0.117313675057063
"saopaulo_004",0.122766434061918
"saopaulo_020",0.12755851289908
"saopaulo_093",0.12591575752754
"saopaulo_024",0.123327240563674
"saopaulo_060",0.126181767448188
"saopaulo_065",0.124134498186325
"saopaulo_018",0.124103011796056
"saopaulo_082",0.119316260661608
"saopaulo_038",0.124192502168088
"saopaulo_028",0.124665138028609
"saopaulo_005",0.122903541205921
"saopaulo_089",0.127503546965963
"saopaulo_036",0.124474318957101
"saopaulo_076",0.128654652526538
"saopaulo_043",0.128576447036147
"saopaulo_035",0.132412062267057
"saopaulo_086",0.127413931707286
"saopaulo_047",0.130568215789076
"saopaulo_046",0.12461836905976
"saopaulo_031",0.128267673958841
"saopaulo_025",0.130561833039686
"saopaulo_032",0.128149440009945
"saopaulo_058",0.11683934879508
"saopaulo_075",0.120724483377504
"saopaulo_077",0.131515932588376
"saopaulo_003",0.116212883298644
"saopaulo_062",0.121805557522945
"saopaulo_013",0.115996040881075
"saopaulo_011",0.111316182172342
"saopaulo_051",0.112679105959708
"saopaulo_083",0.109965184342976
"saopaulo_084",0.123569026205085
"saopaulo_029",0.120990741801299
"saopaulo_050",0.119399510477681
"saopaulo_064",0.120971179606184
"saopaulo_039",0.118981422219115
"saopaulo_073",0.122177685893679
"saopaulo_041",0.117731898773314
