nbhd_code,DEM_all
casablanca_025,198.9410548
casablanca_011,145.7056935
casablanca_012,62.60984577
casablanca_031,117.6512735
casablanca_019,94.668136
casablanca_016,63.89246163
casablanca_002,105.1250311
casablanca_014,52.35934678
casablanca_022,47.1224837
casablanca_005,55.92081441
casablanca_015,175.4298363
casablanca_021,175.8739817
casablanca_026,135.2733006
casablanca_027,148.1309845
casablanca_009,107.8685843
casablanca_010,70.851406
casablanca_006,65.33928198
casablanca_033,122.2933062
casablanca_008,37.7232229
casablanca_023,115.0184387
casablanca_018,130.3853185
casablanca_032,110.2092821
casablanca_030,157.0232086
casablanca_034,128.6837837
casablanca_001,115.4440765
casablanca_013,100.8505682
casablanca_003,23.69865636
casablanca_029,46.11117316
casablanca_004,36.82469791
casablanca_017,61.88567843
casablanca_028,26.53600778
casablanca_020,44.32439835
casablanca_024,16.62888568
casablanca_007,30.65120238
barcelona_22,321.8503536
barcelona_39,335.1138121
barcelona_40,284.3530922
barcelona_43,195.857377
barcelona_28,178.9430689
barcelona_41,144.1721981
barcelona_38,158.4313582
barcelona_29,186.0576953
barcelona_25,181.9560595
barcelona_27,122.6196454
barcelona_26,93.26970101
barcelona_24,109.6464116
barcelona_23,186.6173411
barcelona_21,166.0364781
barcelona_20,70.24907764
barcelona_19,70.59367313
barcelona_18,43.60926265
barcelona_8,55.12571438
barcelona_9,50.57327037
barcelona_15,36.89761114
barcelona_14,31.97537469
barcelona_16,29.05201543
barcelona_17,44.13973653
barcelona_13,18.10829143
barcelona_11,74.94607212
barcelona_12,9.056559793
barcelona_1,22.38901186
barcelona_2,24.14027402
barcelona_3,7.673680424
barcelona_10,36.54360738
barcelona_7,47.83971453
barcelona_31,80.96599304
barcelona_30,140.2056612
barcelona_37,176.2440077
barcelona_32,76.73866833
barcelona_34,179.0789329
barcelona_36,117.8143405
barcelona_33,101.4277374
barcelona_6,54.43694528
barcelona_35,116.1928556
barcelona_64,50.95161658
barcelona_63,48.95233859
barcelona_62,58.35340797
barcelona_65,27.85372731
barcelona_5,32.55321025
barcelona_66,17.47469067
barcelona_4,23.12383834
barcelona_67,14.66822695
barcelona_68,10.68616033
barcelona_71,16.15327408
barcelona_61,39.4246799
barcelona_72,20.30725306
barcelona_73,22.72034894
barcelona_69,10.05183865
barcelona_70,11.9838054
barcelona_56,47.62033931
barcelona_57,43.41659773
barcelona_59,21.95615214
barcelona_60,39.91446307
barcelona_44,68.91347347
barcelona_45,59.5270135
barcelona_52,73.44070894
barcelona_53,107.7406344
barcelona_58,22.33465201
barcelona_54,167.3799875
barcelona_50,165.4252939
barcelona_55,93.4084187
barcelona_49,172.0440254
barcelona_48,96.95811101
barcelona_51,95.71975033
barcelona_46,94.48492661
barcelona_47,105.4141606
barcelona_42,111.4461714
istanbul_032,120.2522634
istanbul_015,115.899732
istanbul_014,74.07778251
istanbul_002,85.415103
istanbul_018,102.8901802
istanbul_008,102.5152511
istanbul_012,82.55190897
istanbul_001,47.36846842
istanbul_004,39.7255882
istanbul_026,46.76064976
istanbul_007,29.00868474
istanbul_006,50.75623385
istanbul_005,78.57344989
istanbul_022,62.3535271
istanbul_017,106.8588198
istanbul_019,84.30391601
istanbul_035,111.7313217
istanbul_009,97.88359054
istanbul_021,89.42949525
istanbul_024,56.53976072
istanbul_020,40.15504463
istanbul_013,43.15616627
istanbul_033,82.74929877
istanbul_030,100.4781487
istanbul_010,87.12186196
istanbul_038,75.70595183
istanbul_023,38.70678967
istanbul_039,38.27241099
istanbul_025,114.5869517
istanbul_028,132.3228695
istanbul_027,120.6762025
istanbul_034,135.0045121
istanbul_029,153.1795147
istanbul_003,99.65259471
istanbul_037,123.8566175
istanbul_016,125.1337503
istanbul_011,98.81932663
istanbul_036,103.517444
istanbul_031,112.0215344
telaviv_045,13.24160348
telaviv_047,22.46824116
telaviv_046,25.40937689
telaviv_049,21.61651328
telaviv_048,15.54674599
telaviv_050,19.0071552
telaviv_051,27.92815984
telaviv_014,29.06568864
telaviv_015,26.11655579
telaviv_007,27.87380959
telaviv_008,32.38660738
telaviv_002,14.68736769
telaviv_001,10.40275013
telaviv_004,16.01949522
telaviv_009,22.87336327
telaviv_003,4.664622582
telaviv_005,9.357936936
telaviv_010,18.8380756
telaviv_011,29.09584993
telaviv_012,16.82767679
telaviv_013,12.52218035
telaviv_016,15.31225509
telaviv_018,26.15025204
telaviv_019,15.62802584
telaviv_026,26.79826028
telaviv_027,32.21030038
telaviv_028,20.39203107
telaviv_025,35.47766835
telaviv_017,38.20349819
telaviv_022,40.37105408
telaviv_020,37.23131087
telaviv_021,54.5945893
telaviv_023,49.41930046
telaviv_024,37.18967791
telaviv_070,37.14215696
telaviv_060,47.39250477
telaviv_069,36.3992336
telaviv_059,34.88146031
telaviv_061,34.77615572
telaviv_062,22.76281369
telaviv_058,18.17837209
telaviv_068,30.26057807
telaviv_067,29.92845197
telaviv_063,20.54125999
telaviv_065,25.05995226
telaviv_064,19.61678259
telaviv_066,20.94209888
telaviv_071,29.24482482
telaviv_054,25.2705685
telaviv_056,24.98731971
telaviv_043,13.27912132
telaviv_053,24.72869316
telaviv_037,21.44882615
telaviv_041,26.30927002
telaviv_040,25.40682464
telaviv_031,19.92716408
telaviv_035,21.63741522
telaviv_030,12.1561466
telaviv_034,22.01046626
telaviv_036,17.76609055
telaviv_057,16.87833164
telaviv_032,15.75175509
telaviv_006,12.15418402
telaviv_033,10.61520442
telaviv_029,4.899297882
telaviv_038,4.374504503
telaviv_039,7.250088563
telaviv_042,14.48054681
telaviv_052,16.7351485
telaviv_055,17.24527711
telaviv_044,5.548137151
Johannesburg_1,1559.167736
Johannesburg_2,1547.134178
Johannesburg_3,1578.977766
Johannesburg_6,1629.679104
Johannesburg_23,1582.184482
Johannesburg_125,1680.211969
Johannesburg_122,1571.638752
Johannesburg_119,1575.337021
Johannesburg_24,1637.448405
Johannesburg_18,1596.397587
Johannesburg_54,1705.431735
Johannesburg_55,1756.659238
Johannesburg_124,1729.087311
Johannesburg_68,1690.027517
Johannesburg_58,1732.405067
Johannesburg_29,1681.54
Johannesburg_27,1699.518249
Johannesburg_26,1658.590074
Johannesburg_28,1673.002861
Johannesburg_25,1614.277827
Johannesburg_30,1636.123615
Johannesburg_31,1642.607794
Johannesburg_70,1699.600366
Johannesburg_39,1632.116311
Johannesburg_40,1661.329004
Johannesburg_82,1692.393055
Johannesburg_86,1714.738983
Johannesburg_88,1656.004979
Johannesburg_89,1635.242875
Johannesburg_85,1734.832836
Johannesburg_126,1603.236617
Johannesburg_98,1558.338349
Johannesburg_99,1611.374145
Johannesburg_117,1620.78342
Johannesburg_102,1554.90281
Johannesburg_90,1588.863255
Johannesburg_87,1660.727578
Johannesburg_69,1733.003144
Johannesburg_60,1739.362079
Johannesburg_67,1755.640045
Johannesburg_59,1755.880004
Johannesburg_123,1741.360953
Johannesburg_63,1795.912812
Johannesburg_62,1780.818179
Johannesburg_64,1787.455528
Johannesburg_66,1730.695178
Johannesburg_73,1676.716987
Johannesburg_74,1637.485977
Johannesburg_91,1600.76552
Johannesburg_103,1533.259383
Johannesburg_108,1577.554741
Johannesburg_107,1576.794709
Johannesburg_81,1575.593418
Johannesburg_75,1599.506686
Johannesburg_76,1553.952042
Johannesburg_116,1526.717412
Johannesburg_105,1532.851368
Johannesburg_72,1642.500061
Johannesburg_118,1689.91337
Johannesburg_65,1711.415904
Johannesburg_57,1688.467033
Johannesburg_61,1725.93846
Johannesburg_56,1742.373505
Johannesburg_32,1567.257018
Johannesburg_77,1535.57709
Johannesburg_78,1555.990882
Johannesburg_111,1553.534197
Johannesburg_79,1581.620873
Johannesburg_110,1554.262032
Johannesburg_80,1613.702528
Johannesburg_93,1454.003101
Johannesburg_112,1505.223221
Johannesburg_92,1561.21935
Johannesburg_94,1441.187031
Johannesburg_113,1407.113108
Johannesburg_96,1375.244752
Johannesburg_106,1493.935656
Johannesburg_109,1547.173887
Johannesburg_115,1452.382494
Johannesburg_104,1501.15464
Johannesburg_101,1525.273339
Johannesburg_97,1558.421562
Johannesburg_114,1553.015921
Johannesburg_100,1472.372909
Johannesburg_95,1427.057723
Johannesburg_71,1729.009375
Johannesburg_83,1682.250795
Johannesburg_127,1717.576715
Johannesburg_84,1738.856153
Johannesburg_41,1682.733428
Johannesburg_43,1697.414724
Johannesburg_42,1665.722934
Johannesburg_38,1611.76706
Johannesburg_45,1648.66711
Johannesburg_36,1617.850751
Johannesburg_47,1652.084285
Johannesburg_44,1689.811166
Johannesburg_49,1678.894392
Johannesburg_129,1638.177652
Johannesburg_48,1653.344095
Johannesburg_46,1654.115507
Johannesburg_34,1642.570489
Johannesburg_51,1640.006872
Johannesburg_52,1629.845475
Johannesburg_128,1679.365824
Johannesburg_53,1629.457642
Johannesburg_50,1638.079125
Johannesburg_130,1608.752072
Johannesburg_20,1624.055737
Johannesburg_14,1590.473613
Johannesburg_13,1585.385518
Johannesburg_10,1571.46711
Johannesburg_9,1567.389639
Johannesburg_8,1603.962634
Johannesburg_11,1581.660423
Johannesburg_12,1593.878896
Johannesburg_19,1589.471479
Johannesburg_16,1611.003386
Johannesburg_15,1628.934534
Johannesburg_21,1625.783875
Johannesburg_33,1612.477059
Johannesburg_35,1628.035056
Johannesburg_37,1594.850829
Johannesburg_22,1612.550414
Johannesburg_17,1570.084527
Johannesburg_120,1647.02801
Johannesburg_121,1651.346143
Johannesburg_7,1642.860477
Johannesburg_4,1611.905
Johannesburg_5,1575.162658
jakarta_005,4.235084218
jakarta_001,9.154160163
jakarta_021,5.210632277
jakarta_018,6.659143061
jakarta_008,18.0509221
jakarta_023,26.58928622
jakarta_006,48.89468851
jakarta_011,56.00561962
jakarta_031,49.2136732
jakarta_007,54.41065877
jakarta_022,31.14605474
jakarta_030,36.83788059
jakarta_004,38.84448745
jakarta_016,25.64790838
jakarta_033,24.84980559
jakarta_020,11.47168326
jakarta_017,11.18555946
jakarta_015,23.27393408
jakarta_040,14.5692376
jakarta_037,19.41684111
jakarta_024,23.41159683
jakarta_029,26.6122301
jakarta_012,18.89933201
jakarta_042,19.98686733
jakarta_026,13.06200232
jakarta_009,9.081934932
jakarta_036,11.88709296
jakarta_013,9.198710525
jakarta_002,9.248863694
jakarta_025,13.68600171
jakarta_034,11.95210731
jakarta_019,7.089367218
jakarta_041,5.995698996
jakarta_027,4.227437032
jakarta_035,9.034034647
jakarta_038,7.887243847
jakarta_039,6.447668518
jakarta_010,6.959189446
jakarta_032,4.390350662
jakarta_003,5.929877492
jakarta_028,11.97189457
jakarta_014,5.845387731
bangkok_017,7.425409216
bangkok_039,7.069455812
bangkok_004,8.116235227
bangkok_024,8.381231111
bangkok_044,7.748107527
bangkok_045,6.478861142
bangkok_029,6.456374894
bangkok_003,7.201575973
bangkok_031,8.350479349
bangkok_015,8.127212904
bangkok_001,6.34740351
bangkok_012,9.116377687
bangkok_046,9.128314545
bangkok_037,7.795672288
bangkok_005,8.190083359
bangkok_022,9.829119996
bangkok_050,8.72630758
bangkok_042,12.3104908
bangkok_009,17.31380798
bangkok_030,15.0007101
bangkok_040,12.39102148
bangkok_034,10.92049719
bangkok_011,9.22790901
bangkok_035,13.80990749
bangkok_038,11.81842018
bangkok_018,9.453178564
bangkok_032,10.88678073
bangkok_008,8.382874338
bangkok_010,8.767635219
bangkok_014,8.904109922
bangkok_016,9.601607539
bangkok_019,8.054057095
bangkok_026,7.338471621
bangkok_002,7.200422942
bangkok_049,7.70158797
bangkok_043,6.825079746
bangkok_048,12.1793021
bangkok_023,10.19863565
bangkok_033,7.480309711
bangkok_007,7.816974587
bangkok_047,5.688546589
bangkok_006,4.682686363
hochiminh_001,3.696997272
hochiminh_007,5.291081857
hochiminh_004,10.66046001
bangkok_036,5.539566887
bangkok_025,4.864259733
bangkok_041,5.299459583
bangkok_013,6.708019719
bangkok_020,6.907242977
bangkok_021,6.211651581
bangkok_027,5.605520689
bangkok_028,5.505107341
hochiminh_012,5.943776578
hochiminh_024,10.67056518
hochiminh_021,6.413992917
hochiminh_005,5.77220978
hochiminh_014,3.678730317
hochiminh_019,3.976371454
hochiminh_008,4.280416924
hochiminh_002,5.841417436
hochiminh_006,9.017183993
hochiminh_013,13.32689794
hochiminh_009,10.26691898
hochiminh_015,10.62566009
hochiminh_022,9.738849456
hochiminh_023,6.569465159
hochiminh_003,4.173034755
hochiminh_018,6.441005782
hochiminh_020,5.821535947
hochiminh_017,13.54814272
hochiminh_011,8.614733039
hochiminh_010,10.14732315
hochiminh_016,6.748039383
singapore_034,5.976814036
singapore_032,4.532444982
singapore_009,14.24606876
singapore_010,14.6105263
singapore_008,12.37688268
singapore_014,19.62788794
singapore_012,20.38586589
singapore_033,12.60841627
singapore_015,20.4011446
singapore_019,18.19570661
singapore_038,44.7342691
singapore_031,30.6976369
singapore_027,55.35682119
singapore_055,24.04998716
singapore_043,44.27085094
singapore_048,24.43620617
singapore_013,28.6482536
singapore_023,17.10692619
singapore_037,20.45781786
singapore_017,27.24467924
singapore_002,33.99150179
singapore_021,26.86854963
singapore_007,18.16468407
singapore_036,12.56731645
singapore_018,7.894495513
singapore_030,11.28476915
singapore_022,19.09701405
singapore_001,15.56909858
singapore_020,24.33424392
singapore_050,19.96316197
singapore_051,23.92150525
singapore_049,21.45513836
singapore_047,13.26014774
singapore_029,14.5190871
singapore_052,18.15956047
singapore_045,12.6446805
singapore_054,6.905293792
singapore_004,9.075130029
singapore_046,14.52336205
singapore_024,21.81670063
singapore_003,23.08296785
singapore_011,25.45121418
singapore_005,10.11972696
singapore_042,15.16278605
singapore_028,28.55046465
singapore_040,32.73485531
singapore_016,40.21904369
singapore_044,29.87470872
singapore_039,27.47911612
singapore_053,16.94558654
singapore_025,21.18602344
singapore_035,17.75100139
singapore_006,8.76189828
singapore_041,6.588916819
singapore_026,5.001736933
manila_014,53.07391585
manila_001,59.00600072
manila_017,18.4773946
manila_009,6.634532226
manila_004,9.249321398
manila_006,9.725827079
manila_015,23.071171
manila_007,22.81403866
manila_012,15.3810831
manila_005,23.76589511
manila_016,13.43368257
manila_003,20.99292682
manila_013,7.690663323
manila_011,11.79273522
manila_010,18.92092719
manila_002,23.88195724
manila_008,35.69779264
seoul_005,158.6570238
seoul_008,67.17877854
seoul_009,31.60887825
seoul_010,21.04966585
seoul_014,123.9693957
seoul_025,131.9702736
seoul_013,76.80716254
seoul_012,23.75332987
seoul_023,33.25486893
seoul_011,28.54627893
seoul_007,21.38534007
seoul_006,53.02268656
seoul_004,85.87003697
seoul_003,49.2892235
seoul_024,74.91856088
seoul_018,95.07624038
seoul_022,25.44303353
seoul_020,27.54451276
seoul_002,30.14479679
seoul_021,42.43461099
seoul_001,35.24931494
seoul_015,89.79056366
seoul_016,95.01791203
seoul_019,74.28504947
seoul_017,143.8591162
beijing_005,386.920609
beijing_009,733.9884749
beijing_003,33.77347797
beijing_006,67.84876614
beijing_012,142.7634793
beijing_007,88.44836629
beijing_004,51.55884488
beijing_015,55.22008492
beijing_002,38.05382878
beijing_001,283.2174047
beijing_016,735.4227811
beijing_008,535.0644626
beijing_013,47.21642066
beijing_014,23.5121674
beijing_010,354.9941788
beijing_011,223.5440117
delhi_001,216.6354208
delhi_009,245.4417591
delhi_005,221.8826
delhi_008,225.3779491
delhi_006,225.3746572
delhi_004,207.7421177
delhi_003,210.112054
delhi_002,214.9693966
delhi_007,217.8024157
bangalore_184,878.0916584
bangalore_059,876.3338102
bangalore_096,878.3540329
bangalore_077,886.281902
bangalore_016,879.5676679
bangalore_093,887.6968949
bangalore_153,892.3551902
bangalore_072,895.8195553
bangalore_012,907.4044708
bangalore_040,899.1578578
bangalore_053,895.5657238
bangalore_190,891.1674402
bangalore_001,901.2274529
bangalore_191,906.2708193
bangalore_020,914.3716143
bangalore_028,902.0581996
bangalore_138,903.5456474
bangalore_060,892.9386848
bangalore_044,890.691177
bangalore_126,879.9731675
bangalore_019,887.1594957
bangalore_171,912.8136928
bangalore_123,903.0669489
bangalore_076,891.5025566
bangalore_003,893.4240999
bangalore_109,889.7908201
bangalore_089,899.5323641
bangalore_045,892.4474641
bangalore_165,915.9639584
bangalore_166,904.258511
bangalore_183,893.7232205
bangalore_139,889.8300257
bangalore_002,898.5499285
bangalore_047,887.8035178
bangalore_110,897.4846002
bangalore_116,905.2787966
bangalore_176,903.2383345
bangalore_119,894.6284761
bangalore_058,898.6486482
bangalore_081,891.3410871
bangalore_071,895.1600395
bangalore_024,899.7634531
bangalore_018,916.059811
bangalore_022,895.1521529
bangalore_006,909.5806185
bangalore_025,902.3351487
bangalore_088,907.6823411
bangalore_078,909.7761876
bangalore_143,923.0136855
bangalore_162,925.7672681
bangalore_160,913.7143804
bangalore_147,908.5474573
bangalore_084,906.4342563
bangalore_108,919.0357344
bangalore_056,931.6553398
bangalore_005,906.0917078
bangalore_186,894.2695382
bangalore_197,895.952493
bangalore_112,890.7598382
bangalore_013,911.3799304
bangalore_100,918.8537844
bangalore_050,901.8093976
bangalore_142,880.6249962
bangalore_195,918.3190297
bangalore_015,917.4515303
bangalore_187,907.0041936
bangalore_178,906.6253558
bangalore_063,898.1320694
bangalore_087,916.5020699
bangalore_192,910.5331812
bangalore_027,922.1213571
bangalore_070,898.9047588
bangalore_170,910.8381137
bangalore_177,900.3245058
bangalore_158,921.7525068
bangalore_041,906.3507693
bangalore_092,907.3888395
bangalore_030,902.3906913
bangalore_029,899.6245886
bangalore_023,881.3276253
bangalore_035,897.3445955
bangalore_174,901.3997948
bangalore_140,889.3538247
bangalore_031,913.8012205
bangalore_049,914.0153307
bangalore_185,929.6147757
bangalore_037,899.8778699
bangalore_054,908.8687557
bangalore_036,908.2370476
bangalore_095,924.9022286
bangalore_122,934.7771109
bangalore_007,936.0818988
bangalore_151,921.1591712
bangalore_086,928.5800904
bangalore_052,930.3296339
bangalore_085,920.4996337
bangalore_039,915.4429079
bangalore_154,920.9466449
bangalore_156,916.6030714
bangalore_146,916.1708548
bangalore_168,910.1631109
bangalore_021,908.5605891
bangalore_061,902.803643
bangalore_075,903.1266157
bangalore_161,907.5205975
bangalore_091,895.7425913
bangalore_129,918.1333261
bangalore_099,913.0032617
bangalore_094,904.3470249
bangalore_118,905.7978886
bangalore_064,889.3722667
bangalore_097,910.2653238
bangalore_157,920.0608114
bangalore_113,907.7082663
bangalore_132,907.4869542
bangalore_102,908.7191086
bangalore_135,896.2784335
bangalore_193,902.6880598
bangalore_180,896.6216688
bangalore_026,907.5099377
bangalore_107,902.886363
bangalore_051,915.5608709
bangalore_065,910.2408653
bangalore_124,909.4177401
bangalore_159,913.1124954
bangalore_148,908.5835541
bangalore_130,916.2380258
bangalore_043,920.0466798
bangalore_188,925.791254
bangalore_196,915.1911389
bangalore_082,908.8735697
bangalore_105,910.8059811
bangalore_034,910.2042568
bangalore_009,918.8790474
bangalore_114,918.1902045
bangalore_083,928.3442701
bangalore_167,894.088477
bangalore_121,909.9036876
bangalore_011,892.4445438
bangalore_067,829.0463418
bangalore_106,799.7008254
bangalore_042,882.3379972
bangalore_181,831.8829239
bangalore_068,881.8911154
bangalore_090,850.9196194
bangalore_111,874.6429566
bangalore_066,916.8343791
bangalore_149,909.9367262
bangalore_144,910.0046664
bangalore_033,897.0782355
bangalore_179,903.3914327
bangalore_115,889.3997593
bangalore_117,902.1405841
bangalore_136,889.7530876
bangalore_120,900.1268574
bangalore_125,904.7168012
bangalore_069,916.9477526
bangalore_079,910.6291359
bangalore_198,916.6583879
bangalore_133,922.9207144
bangalore_175,921.0990927
bangalore_145,896.0620105
bangalore_173,894.161082
bangalore_150,917.4474519
bangalore_169,904.3861573
bangalore_017,907.4315458
bangalore_004,888.5126504
bangalore_163,901.2553667
bangalore_164,902.1202296
bangalore_194,885.2619535
bangalore_103,871.2176407
bangalore_098,907.5732212
bangalore_057,895.1686053
bangalore_127,888.8958678
bangalore_131,865.1631987
bangalore_128,874.2680256
bangalore_134,842.7890223
bangalore_008,861.9836712
bangalore_189,875.6176538
bangalore_073,876.1211539
bangalore_062,860.1007419
bangalore_141,867.0520689
bangalore_155,888.6774848
bangalore_046,883.3535325
bangalore_104,869.7356176
bangalore_080,877.7469437
bangalore_010,877.6916956
bangalore_014,850.8372711
bangalore_048,855.9802826
bangalore_172,884.341773
bangalore_038,846.7341062
bangalore_055,873.352592
bangalore_101,892.8499674
bangalore_032,871.8606193
bangalore_074,854.4568614
bangalore_152,831.146762
bangalore_182,862.9959154
bangalore_137,824.0039895
copenhagen_007,23.26421477
copenhagen_006,16.10832619
copenhagen_005,9.084973714
copenhagen_008,19.15338587
copenhagen_003,14.85444491
copenhagen_002,7.859217022
copenhagen_001,7.719526018
copenhagen_009,3.687263571
copenhagen_004,6.08916281
copenhagen_010,2.487573688
berlin_012,41.40445727
berlin_004,51.10654356
berlin_011,47.1534372
berlin_006,43.56294613
berlin_010,49.40261264
berlin_003,50.25723448
berlin_007,52.17131425
berlin_002,42.06943195
berlin_005,41.46103543
berlin_001,50.32724378
berlin_008,44.13206759
berlin_009,39.20016154
amsterdam_041,0.44292758
amsterdam_039,2.649653456
amsterdam_045,2.032025376
amsterdam_046,4.132502177
amsterdam_044,4.66667773
amsterdam_061,2.969113497
amsterdam_047,6.320667162
amsterdam_055,4.406601287
amsterdam_051,4.692424099
amsterdam_052,3.704836273
amsterdam_053,5.19268919
amsterdam_021,6.533044162
amsterdam_054,5.672648382
amsterdam_022,6.345516114
amsterdam_019,5.624437916
amsterdam_020,5.694474413
amsterdam_018,5.616020533
amsterdam_031,4.565576398
amsterdam_030,6.861395482
amsterdam_029,5.123770939
amsterdam_043,4.185098376
amsterdam_042,3.2355972
amsterdam_038,3.284955947
amsterdam_034,3.1184088
amsterdam_026,4.273721191
amsterdam_033,2.345205351
amsterdam_032,2.400700025
amsterdam_024,4.968048335
amsterdam_023,5.137281419
amsterdam_025,5.267142751
amsterdam_028,4.562873413
amsterdam_027,5.83939908
amsterdam_015,4.232741573
amsterdam_017,4.499372553
amsterdam_016,4.719572495
amsterdam_014,5.66355778
amsterdam_013,4.587636673
amsterdam_012,4.839371972
amsterdam_011,2.531367606
amsterdam_089,3.105244723
amsterdam_083,2.085234053
amsterdam_084,3.479325477
amsterdam_036,-0.894705166
amsterdam_037,-1.347301298
amsterdam_035,2.614896836
amsterdam_040,0.801818897
amsterdam_085,1.020401807
amsterdam_006,7.736023326
amsterdam_088,3.08929535
amsterdam_078,4.422968666
amsterdam_079,6.244405087
amsterdam_090,3.502887563
amsterdam_082,4.07631638
amsterdam_081,2.560820597
amsterdam_092,1.583809935
amsterdam_087,1.482189027
amsterdam_091,-0.364507079
amsterdam_086,3.123172445
amsterdam_080,2.344477297
amsterdam_069,3.514823587
amsterdam_010,4.990916755
amsterdam_009,6.54834524
amsterdam_065,6.338626572
amsterdam_067,4.795931284
amsterdam_068,4.758386594
amsterdam_070,2.988752903
amsterdam_075,-0.138088349
amsterdam_076,1.624035854
amsterdam_074,1.635604619
amsterdam_066,5.769324354
amsterdam_064,5.741938625
amsterdam_077,2.32437505
amsterdam_059,5.352800893
amsterdam_058,4.717342037
amsterdam_063,5.421121191
amsterdam_050,6.057060302
amsterdam_049,7.081262653
amsterdam_057,6.124719267
amsterdam_048,8.566253883
amsterdam_008,7.217708112
amsterdam_004,10.51358261
amsterdam_005,7.181931597
amsterdam_002,11.61754819
amsterdam_001,10.58766684
amsterdam_003,9.252337618
amsterdam_007,5.933039577
amsterdam_056,5.665714207
amsterdam_060,6.131447131
amsterdam_062,4.58437357
amsterdam_093,0.148209725
amsterdam_097,1.399340799
amsterdam_094,3.259648256
amsterdam_095,1.97947699
amsterdam_099,-0.096076488
amsterdam_096,1.760589706
amsterdam_098,1.173014919
amsterdam_073,0.055191
amsterdam_072,0
amsterdam_071,0.00700935
london_031,26.99360205
london_026,28.36435823
london_016,27.74261404
london_001,10.94274689
london_025,7.396605187
london_030,13.64330516
london_011,38.25290677
london_023,33.61714645
london_003,32.51755821
london_005,99.09319086
london_008,99.38193845
paris_012,52.85351786
paris_016,50.4504974
paris_019,70.0963257
paris_018,63.93203071
paris_020,87.20684918
paris_011,52.16389545
paris_010,56.25432412
paris_003,47.3356545
paris_004,44.08677556
paris_002,51.00694143
paris_009,57.35233319
paris_001,48.7238963
paris_006,52.64711669
paris_007,44.24425399
paris_008,52.38171604
paris_017,49.06663206
paris_015,47.13760238
paris_014,70.90203754
paris_013,52.24218627
paris_005,51.63381629
london_021,30.61081513
london_029,62.37031981
london_028,23.80531946
london_022,34.90995687
london_007,32.06175819
london_032,24.36044315
london_033,30.83263252
london_006,59.57125049
london_020,19.4397558
london_013,12.34764017
london_024,27.933665
london_027,17.58945271
london_018,21.02591311
london_009,32.40572873
london_004,47.31101497
london_002,81.28088674
london_015,73.05126058
london_017,44.5778586
london_010,42.06411887
london_014,43.73090745
london_019,37.49109671
london_012,22.07581654
montreal_13,17.22071836
montreal_27,26.46866287
montreal_2,41.21624505
montreal_5,23.58490495
montreal_17,10.83430571
montreal_7,20.11745811
montreal_33,99.53428562
montreal_3,75.81572242
montreal_28,46.10621397
montreal_4,31.04458236
montreal_24,27.90796928
montreal_34,19.74205876
montreal_22,48.18508743
montreal_25,53.61512968
montreal_29,49.03816558
montreal_15,34.85495924
montreal_1,27.62006079
montreal_19,44.83751323
montreal_11,90.69235799
montreal_14,55.06917122
montreal_6,56.10271164
montreal_18,39.98292463
montreal_9,23.41651067
montreal_16,39.72860373
montreal_10,24.04092916
montreal_12,26.1756769
montreal_8,27.72158545
montreal_32,25.45889297
montreal_31,36.54996183
montreal_20,32.34638594
montreal_21,26.06485663
montreal_26,42.10286937
montreal_23,34.10748701
montreal_30,30.05536583
vancouver_039,55.74138195
vancouver_040,28.2212562
vancouver_041,35.00653373
vancouver_042,44.21035101
vancouver_035,16.92683778
vancouver_034,11.3018221
vancouver_030,6.741422801
vancouver_106,12.77315192
vancouver_033,31.19978038
vancouver_036,31.24957271
vancouver_037,47.96163532
vancouver_038,49.19431512
vancouver_043,60.36157557
vancouver_044,56.38601673
vancouver_071,43.61143853
vancouver_047,35.79166582
vancouver_046,8.162570969
vancouver_045,10.25671539
vancouver_090,32.9569779
vancouver_073,48.09094175
vancouver_077,47.49075425
vancouver_068,33.97499684
vancouver_078,55.29274639
vancouver_066,43.72727237
vancouver_049,9.144678018
vancouver_022,20.62084514
vancouver_023,26.26166875
vancouver_029,9.435583173
vancouver_104,21.56497993
vancouver_024,38.60003502
vancouver_015,54.28856572
vancouver_014,18.7219059
vancouver_012,13.18890297
vancouver_013,19.01035669
vancouver_011,11.15196327
vancouver_018,20.71510424
vancouver_017,22.85334132
vancouver_019,23.87806496
vancouver_016,45.94314984
vancouver_020,42.01122423
vancouver_021,37.08976565
vancouver_050,12.18045248
vancouver_051,8.081399052
vancouver_052,16.12133537
vancouver_055,13.98903197
vancouver_054,19.06730152
vancouver_059,21.65852598
vancouver_056,23.23958583
vancouver_058,82.26364736
vancouver_086,77.08464883
vancouver_057,49.30802275
vancouver_085,35.85196759
vancouver_084,35.35043312
vancouver_088,74.83980055
vancouver_087,71.58097049
vancouver_114,26.21323139
vancouver_113,21.30462602
vancouver_116,27.70179909
vancouver_115,63.86632841
vancouver_112,79.82678465
vancouver_082,78.8469508
vancouver_083,49.72801715
vancouver_067,77.17321893
vancouver_111,96.22480353
vancouver_091,95.28576493
vancouver_089,77.03197024
vancouver_081,64.35198595
vancouver_092,90.42228269
vancouver_060,37.44852328
vancouver_053,37.97995865
vancouver_061,41.8928085
vancouver_063,38.76029357
vancouver_062,53.84119718
vancouver_064,38.13598354
vancouver_048,7.880569152
vancouver_097,27.65983014
vancouver_027,24.14684189
vancouver_026,42.08074105
vancouver_025,39.68056569
vancouver_065,36.91982247
vancouver_079,61.12128731
vancouver_080,69.62692768
vancouver_076,63.6149733
vancouver_075,61.62634324
vancouver_074,67.50565254
vancouver_093,85.86656125
vancouver_107,92.63393909
vancouver_108,86.99362197
vancouver_031,83.75985769
vancouver_103,98.00513449
vancouver_094,85.94008935
vancouver_096,93.13693157
vancouver_101,100.3385515
vancouver_032,97.84820015
vancouver_003,72.61268307
vancouver_002,60.16180886
vancouver_004,90.72894148
vancouver_105,87.39232937
vancouver_005,52.70992129
vancouver_007,31.4619802
vancouver_006,70.84684853
vancouver_109,68.81531387
vancouver_009,27.40735731
vancouver_008,21.5608063
vancouver_117,48.27067988
vancouver_110,84.32428956
vancouver_118,58.12462191
vancouver_010,15.62294133
vancouver_001,107.7422047
vancouver_102,111.5553226
vancouver_100,101.7619082
vancouver_028,104.5777213
vancouver_098,99.37672194
vancouver_099,104.1768337
vancouver_095,90.38874506
vancouver_072,67.39047254
vancouver_070,52.87545097
vancouver_069,58.16083139
tokyo_011,11.94119837
tokyo_009,19.03559259
tokyo_008,8.2647402
tokyo_023,5.179823073
tokyo_022,4.953848595
tokyo_021,6.146638718
tokyo_007,8.538909167
tokyo_002,15.41855689
tokyo_006,14.16218199
tokyo_003,25.97635729
tokyo_010,33.94777369
tokyo_013,40.92514254
tokyo_001,28.04545989
tokyo_005,27.32066866
tokyo_004,36.48179193
tokyo_016,36.40409346
tokyo_014,41.16291057
tokyo_017,15.63113045
tokyo_018,8.581201817
tokyo_019,24.13230675
tokyo_020,45.75299836
tokyo_015,48.93203377
tokyo_012,41.03346793
melbourne_83,7.081567082
melbourne_84,7.958050677
melbourne_85,7.011045174
melbourne_81,5.298062135
melbourne_82,13.09664072
melbourne_56,87.68097993
melbourne_54,63.95285476
melbourne_57,105.1791528
melbourne_53,80.91482134
melbourne_58,101.2477894
melbourne_61,75.42748891
melbourne_60,91.14955771
melbourne_63,120.8569244
melbourne_59,102.5228568
melbourne_42,51.42982472
melbourne_46,47.30819995
melbourne_62,83.89406379
melbourne_45,65.16980835
melbourne_64,105.3363254
melbourne_43,79.5958366
melbourne_44,54.94676843
melbourne_51,87.45736408
melbourne_49,52.97610055
melbourne_50,29.79254687
melbourne_48,50.67074462
melbourne_93,46.93116182
melbourne_92,40.16286953
melbourne_31,55.98761357
melbourne_34,40.4880941
melbourne_47,32.49585025
melbourne_40,19.49038322
melbourne_35,23.00368153
melbourne_33,21.48913626
melbourne_15,26.90570561
melbourne_22,16.82771836
melbourne_21,26.34565718
melbourne_24,12.13260817
melbourne_28,12.50906917
melbourne_18,39.98288042
melbourne_38,39.56662489
melbourne_13,46.55577184
melbourne_20,40.59604644
melbourne_37,28.05817165
melbourne_41,30.01669845
melbourne_39,39.87033749
melbourne_36,45.81513842
melbourne_1,53.27943794
melbourne_2,46.90992358
melbourne_7,47.21623052
melbourne_6,41.94038324
melbourne_8,58.19748857
melbourne_4,60.50852907
melbourne_52,36.8561761
melbourne_55,58.9329824
melbourne_5,54.54896566
melbourne_10,45.96245477
melbourne_12,31.0371098
melbourne_9,22.20000131
melbourne_3,38.12904254
melbourne_11,25.7181456
melbourne_17,15.62674638
melbourne_16,15.33723439
melbourne_23,6.921959867
melbourne_19,24.31438304
melbourne_14,9.913752627
melbourne_27,8.900424605
melbourne_26,7.997807059
melbourne_29,15.3431598
melbourne_32,31.0680906
melbourne_30,23.49394388
melbourne_73,44.11621883
melbourne_75,25.50197738
melbourne_25,8.533146086
melbourne_66,14.77074712
melbourne_74,35.57660673
melbourne_67,25.68624549
melbourne_78,42.61460356
melbourne_71,35.06109955
melbourne_80,52.13873018
melbourne_89,37.68712038
melbourne_72,49.56931456
melbourne_77,50.33507513
melbourne_76,56.74798832
melbourne_79,55.19540602
melbourne_86,36.1973901
melbourne_68,41.64893944
melbourne_65,26.98822817
melbourne_88,24.06573539
melbourne_91,14.2533166
melbourne_90,16.80212143
melbourne_87,7.653267114
melbourne_70,29.6657413
melbourne_69,26.23772028
losangeles_001,324.0742843
losangeles_002,414.3527118
losangeles_006,265.7878693
losangeles_007,265.9934223
losangeles_005,222.7334462
losangeles_003,451.0724714
losangeles_004,209.5394081
losangeles_009,268.7100449
losangeles_008,281.5078382
losangeles_022,25.5422488
losangeles_020,49.68881367
losangeles_019,51.40111479
losangeles_018,62.28185148
losangeles_011,61.85624909
losangeles_013,79.01077037
losangeles_012,145.550139
losangeles_010,77.35319597
losangeles_014,134.122131
losangeles_015,185.3637615
losangeles_016,93.76759306
losangeles_017,62.88143326
losangeles_021,41.97428277
mexico_014,2945.839889
mexico_005,2965.60884
mexico_001,2657.454745
mexico_010,3015.076358
mexico_004,2263.692293
mexico_016,2360.595516
mexico_009,2260.643795
mexico_013,2274.447453
mexico_012,2960.113732
mexico_007,2295.147137
mexico_002,2250.310966
mexico_011,2301.25528
mexico_006,2243.506435
mexico_015,2237.607704
mexico_008,2237.983727
mexico_003,2250.995689
chicago_30,181.2821276
chicago_59,181.5139894
chicago_73,188.6242231
chicago_61,185.3806874
chicago_45,196.5580211
chicago_46,191.4313363
chicago_67,187.7429269
chicago_9,201.9787098
chicago_3,191.24787
chicago_4,186.5040973
chicago_14,182.3978981
chicago_12,181.9024092
chicago_58,183.0809145
chicago_13,181.8906534
chicago_63,181.0993279
chicago_20,181.2978601
chicago_62,181.7458519
chicago_65,183.3653801
chicago_76,183.7997501
chicago_6,182.6201665
chicago_29,184.0675163
chicago_33,186.8535728
chicago_68,186.1196481
chicago_36,184.2901298
chicago_28,186.2439056
chicago_47,188.0972853
chicago_41,192.2851225
chicago_48,186.5963434
chicago_17,185.8619139
chicago_55,183.8766249
chicago_2,184.3936733
chicago_10,183.2178415
chicago_50,184.3593319
chicago_25,184.0095868
chicago_43,183.2114232
chicago_42,183.6675395
chicago_49,185.7273026
chicago_75,183.5710043
chicago_19,185.5549312
chicago_32,186.7107885
chicago_52,185.6400644
chicago_64,183.8256258
chicago_11,183.7885143
chicago_26,184.8044278
chicago_15,186.9920835
chicago_70,185.9822869
chicago_23,185.360337
chicago_72,189.0424939
chicago_16,189.1814627
chicago_27,185.7661861
chicago_69,185.90984
chicago_1,184.1340475
chicago_71,187.3826121
chicago_5,191.5524041
chicago_56,199.8261644
chicago_22,201.0931293
chicago_54,197.9098397
chicago_24,192.069922
chicago_35,190.6007501
chicago_18,197.0559763
chicago_44,200.0380216
chicago_77,192.1126129
chicago_57,191.0052194
chicago_8,186.0859771
chicago_34,185.6780476
chicago_53,187.0025959
chicago_31,186.8036631
chicago_7,182.9523721
chicago_40,183.5977583
chicago_39,187.6172242
chicago_74,186.5869231
chicago_60,185.2955605
chicago_21,185.4880481
chicago_66,184.2997463
chicago_51,183.1748581
chicago_37,186.6053471
chicago_38,185.8887056
detroit_047,193.1257695
detroit_046,191.7151969
detroit_249,191.3929659
detroit_059,190.2332805
detroit_045,192.214462
detroit_044,194.3864601
detroit_234,194.7463591
detroit_048,196.5637189
detroit_042,196.9637862
detroit_040,196.0383106
detroit_049,194.9534275
detroit_175,196.4711153
detroit_222,195.7715927
detroit_177,197.1526593
detroit_176,196.5687915
detroit_153,199.5411285
detroit_174,199.2142316
detroit_251,199.8489384
detroit_173,200.5653683
detroit_160,204.0858773
detroit_161,206.7413287
detroit_233,206.5299181
detroit_206,207.876431
detroit_162,206.3630683
detroit_158,208.9673789
detroit_164,206.0782333
detroit_165,205.9335354
detroit_166,206.7072307
detroit_258,207.8364973
detroit_167,205.5736486
detroit_169,202.5388794
detroit_171,204.629044
detroit_172,205.0108673
detroit_170,199.4972046
detroit_242,198.872547
detroit_039,198.6624612
detroit_168,205.5673485
detroit_178,202.8838957
detroit_038,199.1186056
detroit_037,196.203136
detroit_179,201.7187015
detroit_180,200.0486186
detroit_033,196.7228296
detroit_032,197.019724
detroit_036,196.8865618
detroit_043,193.824004
detroit_041,196.168396
detroit_035,192.8098385
detroit_060,192.9232017
detroit_064,191.8722893
detroit_063,190.4763453
detroit_061,192.3439281
detroit_154,190.9623526
detroit_058,189.9136944
detroit_062,190.290544
detroit_257,189.318602
detroit_052,191.4398157
detroit_053,190.8553288
detroit_057,188.6177197
detroit_054,189.3785055
detroit_051,191.9902771
detroit_050,192.1067839
detroit_034,194.6084635
detroit_275,191.8577796
detroit_290,197.3446937
detroit_294,201.087271
detroit_276,189.6396166
detroit_232,189.7758187
detroit_273,189.9594328
detroit_256,192.2545812
detroit_277,187.8429851
detroit_246,189.3502933
detroit_224,193.0844197
detroit_270,196.6957113
detroit_274,197.0790868
detroit_289,199.262644
detroit_269,198.0853611
detroit_283,201.9625857
detroit_288,204.0402839
detroit_284,203.4147932
detroit_285,204.6283294
detroit_287,205.6209636
detroit_291,205.7010627
detroit_293,201.9445718
detroit_292,205.9296528
detroit_163,206.0760563
detroit_286,206.1391142
detroit_279,205.867238
detroit_156,206.7547852
detroit_157,206.0071487
detroit_278,207.1642961
detroit_280,205.0443828
detroit_155,204.0824508
detroit_115,201.9555482
detroit_297,202.9227839
detroit_114,200.7460533
detroit_116,199.7365682
detroit_281,203.0821101
detroit_282,199.5641424
detroit_250,198.668254
detroit_238,199.1080347
detroit_124,198.6060948
detroit_118,199.1242251
detroit_123,199.6797404
detroit_184,198.8880465
detroit_197,197.6411865
detroit_271,192.302891
detroit_272,189.5867902
detroit_239,189.1754588
detroit_152,187.9113797
detroit_196,191.5287733
detroit_194,193.5649648
detroit_119,196.5620582
detroit_027,187.604823
detroit_195,192.1976148
detroit_098,190.52363
detroit_099,187.8858374
detroit_193,195.2173473
detroit_014,197.6698153
detroit_122,198.7289233
detroit_120,198.1231908
detroit_121,199.1393756
detroit_231,198.2110893
detroit_185,197.58088
detroit_189,197.6163064
detroit_191,197.5088853
detroit_188,196.5729425
detroit_192,196.5912707
detroit_100,186.4418369
detroit_144,189.9603936
detroit_095,188.2764388
detroit_148,194.3672558
detroit_031,196.8455463
detroit_229,192.517795
detroit_066,189.5290592
detroit_028,199.2032622
detroit_187,197.1485603
detroit_254,197.3848808
detroit_186,199.2278057
detroit_253,197.073245
detroit_142,195.8662496
detroit_030,195.8896176
detroit_259,198.0806422
detroit_105,197.6428319
detroit_107,196.3032473
detroit_092,195.9320135
detroit_109,194.5266967
detroit_108,195.0424433
detroit_016,196.4274642
detroit_237,195.6065846
detroit_093,196.2680351
detroit_009,196.08628
detroit_094,194.5967576
detroit_262,194.8673853
detroit_106,196.0577961
detroit_295,201.0122179
detroit_296,203.360337
detroit_159,206.2529058
detroit_263,205.9174284
detroit_083,192.8483907
detroit_084,193.2951533
detroit_081,192.6319716
detroit_080,192.6674578
detroit_068,193.1092499
detroit_247,193.8484174
detroit_079,192.9146676
detroit_071,193.3093644
detroit_070,193.8357528
detroit_004,192.1868315
detroit_082,192.2947796
detroit_078,192.754456
detroit_006,194.2029783
detroit_085,193.7698289
detroit_086,194.0230655
detroit_007,193.8846755
detroit_087,194.4144515
detroit_091,195.8441533
detroit_088,193.3721103
detroit_089,192.8185517
detroit_090,196.0959035
detroit_110,193.0333872
detroit_111,192.9420538
detroit_140,195.6265783
detroit_141,195.2670558
detroit_205,194.8906242
detroit_026,196.9524974
detroit_213,197.461859
detroit_214,195.1139464
detroit_228,192.318768
detroit_227,188.8111916
detroit_240,192.7358774
detroit_012,189.7573913
detroit_001,193.2589538
detroit_204,198.6488708
detroit_002,194.3755586
detroit_202,185.4204774
detroit_200,190.2365085
detroit_212,193.6256197
detroit_210,195.9035878
detroit_211,194.7654729
detroit_024,194.7111013
detroit_236,193.7692705
detroit_008,191.8106614
detroit_010,190.3662405
detroit_011,189.7200149
detroit_221,193.4160227
detroit_198,192.006362
detroit_260,191.7741122
detroit_203,192.2589091
detroit_199,192.1368206
detroit_065,185.5435239
detroit_025,179.5801693
detroit_245,187.3085132
detroit_020,189.7465858
detroit_241,186.7478746
detroit_029,177.0216781
detroit_023,179.0053069
detroit_021,189.2427597
detroit_022,186.4015131
detroit_019,188.7092084
detroit_268,185.2571012
detroit_209,186.7638997
detroit_018,187.91566
detroit_005,191.1119281
detroit_077,193.3995205
detroit_076,189.5981479
detroit_072,190.5992891
detroit_075,187.9448368
detroit_015,186.7815908
detroit_143,184.9677148
detroit_074,187.1475955
detroit_243,189.0370219
detroit_073,187.3592423
detroit_136,185.7580075
detroit_137,184.997082
detroit_138,184.2427045
detroit_183,183.2831809
detroit_255,183.5873063
detroit_244,184.9393756
detroit_017,184.3460311
detroit_219,181.9095317
detroit_264,180.0779667
detroit_267,182.7926014
detroit_003,177.9821152
detroit_266,177.0179176
detroit_265,178.8464256
detroit_261,183.4360317
detroit_220,181.8788979
detroit_139,183.6002903
detroit_182,181.0887194
detroit_151,182.3663555
detroit_181,181.4551172
detroit_133,182.7158142
detroit_126,185.2601337
detroit_129,185.0691844
detroit_134,184.4317627
detroit_135,185.3781813
detroit_128,187.0939156
detroit_127,187.0810662
detroit_132,189.7064363
detroit_131,187.6333294
detroit_069,192.0747793
detroit_130,187.7609561
detroit_067,191.2019565
detroit_201,185.7554428
detroit_216,191.0010065
detroit_215,190.1283927
detroit_217,181.5490538
detroit_226,185.6009976
detroit_218,183.4633298
detroit_013,180.2240361
detroit_097,180.5960336
detroit_096,179.4436003
detroit_125,181.2776281
detroit_223,184.09836
detroit_150,183.494112
detroit_235,183.8666664
detroit_252,182.9070684
detroit_146,185.1280109
detroit_145,184.5150571
detroit_225,185.9923174
detroit_248,183.6193761
detroit_102,185.6157859
detroit_103,183.6426018
detroit_207,184.0302464
detroit_147,182.9575634
detroit_149,182.7139795
detroit_230,182.1732527
detroit_104,183.3074863
detroit_112,186.0456058
detroit_113,185.6150015
detroit_117,184.7846288
detroit_190,183.9318184
detroit_101,180.1125881
detroit_055,187.5645182
detroit_208,187.1683901
detroit_056,188.1117632
atlanta_120,260.1855729
atlanta_018,280.8333061
atlanta_001,288.1694516
atlanta_013,305.595441
atlanta_105,276.7774424
atlanta_108,272.0453063
atlanta_008,317.9155284
atlanta_077,310.191355
atlanta_083,317.6157668
atlanta_089,301.6087013
atlanta_084,306.4005825
atlanta_020,318.7767435
atlanta_081,309.1674122
atlanta_082,314.3973379
atlanta_038,315.789596
atlanta_037,308.3491372
atlanta_055,308.1427463
atlanta_025,291.4119553
atlanta_104,281.353276
atlanta_118,276.5864033
atlanta_026,278.8503161
atlanta_024,301.3257944
atlanta_101,310.136389
atlanta_069,298.4354216
atlanta_126,296.0441546
atlanta_064,304.3176222
atlanta_027,280.7326202
atlanta_074,295.9051419
atlanta_070,310.4332539
atlanta_125,319.7117111
atlanta_014,309.5361495
atlanta_028,299.959018
atlanta_045,305.8273066
atlanta_079,318.0489001
atlanta_068,308.4920769
atlanta_065,312.1003389
atlanta_114,305.6846465
atlanta_050,319.9074216
atlanta_066,322.8083297
atlanta_109,319.8225728
atlanta_106,317.210096
atlanta_067,305.9183629
atlanta_075,312.3941925
atlanta_049,316.0840069
atlanta_012,325.6216929
atlanta_052,301.4144029
atlanta_041,314.588644
atlanta_048,308.3420586
atlanta_034,291.4084043
atlanta_060,289.7103862
atlanta_103,292.5566356
atlanta_035,304.7704176
atlanta_112,307.4421377
atlanta_040,327.0676407
atlanta_097,317.8634094
atlanta_029,305.2006427
atlanta_005,326.4412716
atlanta_036,307.6535461
atlanta_039,315.3934419
atlanta_053,311.420604
atlanta_051,309.8748641
atlanta_056,303.4202752
atlanta_063,296.2013734
atlanta_054,308.914138
atlanta_078,315.8628907
atlanta_094,311.4138237
atlanta_116,297.2630294
atlanta_095,300.9498553
atlanta_091,281.4417473
atlanta_092,294.5041087
atlanta_093,307.5107244
atlanta_122,285.9011133
atlanta_121,279.7322169
atlanta_090,270.4467698
atlanta_073,263.3708842
atlanta_123,288.167701
atlanta_009,302.9445206
atlanta_107,306.6144573
atlanta_007,308.6960231
atlanta_006,261.6690139
atlanta_110,265.5703562
atlanta_129,279.2358747
atlanta_010,287.2270564
atlanta_085,293.3924135
atlanta_096,314.9544684
atlanta_135,298.7911104
atlanta_115,289.3847674
atlanta_086,290.3663075
atlanta_030,286.8206565
atlanta_061,277.473496
atlanta_087,267.1740494
atlanta_072,264.4490209
atlanta_117,266.0507539
atlanta_019,282.2165324
atlanta_004,280.2786176
atlanta_111,257.6016325
atlanta_011,258.9989808
atlanta_102,266.484169
atlanta_100,278.2632469
atlanta_119,281.3851072
atlanta_130,297.6228388
atlanta_002,307.1548568
atlanta_003,302.793721
atlanta_127,273.6535102
atlanta_128,271.3037999
atlanta_133,281.9368481
atlanta_132,283.9688602
atlanta_131,305.5118695
atlanta_099,284.7142836
atlanta_124,301.6081101
atlanta_088,291.1691074
atlanta_021,271.6479158
atlanta_022,304.3952167
atlanta_080,309.5925192
atlanta_023,310.3120699
atlanta_098,293.7781305
atlanta_134,304.2453668
atlanta_113,310.6241559
atlanta_032,255.4509804
atlanta_057,252.1418495
atlanta_062,279.5827539
atlanta_071,259.3180383
atlanta_058,287.1297287
atlanta_059,301.4848562
atlanta_047,283.2768128
atlanta_042,280.0224155
atlanta_033,274.1261577
atlanta_043,283.0522977
atlanta_044,279.4424424
atlanta_031,282.7888107
atlanta_017,281.6476095
atlanta_015,281.3851213
atlanta_046,298.0452235
atlanta_076,301.8541206
atlanta_016,288.2717852
newyork_021,18.08935775
newyork_055,3.357221213
newyork_032,5.104196553
newyork_039,7.618920051
newyork_041,6.521493191
newyork_040,10.92266733
newyork_038,14.68727753
newyork_037,19.53694349
newyork_036,20.44574865
newyork_035,25.41067744
newyork_022,29.87034049
newyork_023,26.63436071
newyork_020,20.35632321
newyork_017,23.00606017
newyork_016,33.45297722
newyork_015,33.28166357
newyork_014,11.19033657
newyork_042,11.4679796
newyork_050,16.17600487
newyork_018,26.79400951
newyork_024,8.936982638
newyork_025,16.62547494
newyork_019,15.61785058
newyork_027,18.10843252
newyork_028,20.5323345
newyork_029,26.89736226
newyork_034,27.66245164
newyork_033,13.52388634
newyork_026,16.22010857
newyork_030,16.9180012
newyork_051,28.77442132
newyork_031,12.56146035
newyork_054,8.196752491
newyork_052,24.55713043
newyork_049,20.12813604
newyork_048,10.43538866
newyork_043,14.062413
newyork_044,14.8596906
newyork_045,29.66313049
newyork_047,28.46790158
newyork_053,13.375143
newyork_046,15.21757486
newyork_003,10.81545805
newyork_009,11.35432943
newyork_004,25.40864873
newyork_002,39.63140578
newyork_001,41.5311643
newyork_006,44.71326459
newyork_005,25.69115213
newyork_007,31.65839488
newyork_011,35.57548671
newyork_008,22.91078833
newyork_013,14.93823915
newyork_010,11.91737154
newyork_012,30.93305255
boston_151,12.5738164
boston_153,6.816989167
boston_47,16.0400607
boston_46,6.708863101
boston_51,9.221392096
boston_95,6.386706939
boston_48,8.012366816
boston_91,6.137079879
boston_168,10.96134137
boston_165,9.799897533
boston_169,7.63271148
boston_167,8.180197836
boston_166,10.75365718
boston_171,21.80099524
boston_90,8.567473538
boston_170,7.761379989
boston_157,7.715908313
boston_174,8.305849719
boston_50,16.45234807
boston_154,7.180773451
boston_121,26.37780743
boston_49,18.14302864
boston_58,19.75316875
boston_59,20.89478715
boston_127,13.95472725
boston_96,18.25964941
boston_126,14.24599414
boston_130,28.52194176
boston_97,9.615605061
boston_67,4.732050964
boston_60,27.84694669
boston_131,17.72242072
boston_129,26.20294288
boston_68,22.5803455
boston_3,3.165656689
boston_172,18.14690803
boston_173,9.775422806
boston_12,6.391842592
boston_64,9.461753624
boston_134,7.045788815
boston_18,25.92570563
boston_115,18.40242944
boston_114,13.02681999
boston_99,18.28804494
boston_98,27.23414706
boston_17,34.76405421
boston_101,30.2123116
boston_113,48.89659243
boston_57,57.3117782
boston_9,52.47058824
boston_100,48.16708517
boston_32,44.26319133
boston_31,56.71789702
boston_37,60.82931183
boston_119,60.83681521
boston_69,18.38173273
boston_103,26.9879132
boston_15,23.7128973
boston_161,36.96916253
boston_16,47.78155757
boston_52,19.62809986
boston_40,18.70622822
boston_14,16.77877386
boston_116,29.49078842
boston_53,20.54792182
boston_42,32.80205898
boston_13,43.88974978
boston_135,23.09511433
boston_36,28.62100819
boston_34,38.25584014
boston_33,28.19557157
boston_72,36.87578127
boston_71,29.68647484
boston_35,23.15700686
boston_180,21.10268948
boston_179,20.79864889
boston_132,21.88315724
boston_73,26.72423741
boston_74,12.4564318
boston_63,10.73830695
boston_65,30.48388412
boston_8,13.48314245
boston_10,18.30725419
boston_11,4.116184354
boston_5,19.97613533
boston_158,14.93526888
boston_56,14.65793095
boston_7,6.310232668
boston_6,1.276735538
boston_55,16.64371768
boston_62,17.86193814
boston_61,26.77697164
boston_4,16.80293836
boston_109,44.47500916
boston_112,22.19175215
boston_110,14.81887044
boston_2,11.91316015
boston_1,12.67828033
boston_108,12.26282086
boston_111,11.70887757
boston_80,9.441869165
boston_79,11.39944192
boston_76,8.296935354
boston_75,10.8267051
boston_133,13.82880965
boston_77,8.235304923
boston_177,24.80460632
boston_178,35.58034346
boston_175,38.54897264
boston_78,11.00397769
boston_176,28.39160425
boston_148,11.52749403
boston_144,12.15347709
boston_145,22.41014433
boston_136,11.8947266
boston_122,8.129515982
boston_143,8.730547253
boston_140,9.099690513
boston_139,24.24168714
boston_141,15.04739589
boston_142,12.99217544
boston_137,10.41016847
boston_150,8.777108648
boston_107,10.44201196
boston_66,9.965401152
boston_124,9.371987711
boston_123,13.81720236
boston_125,10.20722314
boston_128,20.66985398
boston_120,31.83268275
boston_92,8.928352228
boston_155,21.60778987
boston_149,16.10002674
boston_156,19.48638192
boston_152,12.35341766
boston_106,9.368589595
boston_105,8.10665396
boston_104,12.49810786
boston_25,23.3203517
boston_24,17.65817498
boston_27,33.99833319
boston_45,26.6434671
boston_26,27.54279732
boston_84,21.59473559
boston_83,36.38202427
boston_85,24.15359378
boston_86,38.17553912
boston_88,30.85697272
boston_89,18.3569173
boston_138,22.53958054
boston_87,27.42364692
boston_146,27.03355723
boston_147,31.30316703
boston_162,41.58027699
boston_82,39.16946136
boston_163,48.81474915
boston_164,35.70111609
boston_81,25.51770486
boston_28,32.76162704
boston_70,21.10909484
boston_43,30.29445325
boston_41,31.59156015
boston_44,24.98476408
boston_21,20.56650477
boston_22,36.78518654
boston_23,29.92891324
boston_118,52.76362282
boston_20,24.7232512
boston_117,35.68326811
boston_19,28.52269923
boston_160,17.38229898
boston_159,39.90203517
boston_54,63.92496911
boston_38,33.71355271
boston_39,47.31004147
boston_30,60.20137776
boston_93,24.19064159
boston_102,50.06155156
boston_94,56.47273518
boston_29,38.37067573
lima_001,620.1840344
lima_024,86.89381451
lima_027,576.1897158
lima_026,553.6861855
lima_019,462.1211928
lima_023,595.0926262
lima_008,857.9951068
lima_029,312.8334313
lima_038,93.98327179
lima_007,40.25399875
lima_040,141.4473026
lima_003,59.35343388
lima_022,80.46852744
lima_033,161.0482399
lima_043,344.540703
lima_042,108.0884213
lima_013,393.6839553
lima_002,578.3894929
lima_018,980.1213474
lima_006,1046.031379
lima_010,243.9970792
lima_037,275.9659553
lima_032,647.4671666
lima_015,122.7077999
lima_034,186.0445157
lima_014,154.9336619
lima_030,160.1123377
lima_031,101.0046783
lima_041,115.1627613
lima_020,61.79858378
lima_012,106.2376644
lima_016,114.1291102
lima_028,191.51126
lima_004,120.0574122
lima_021,85.9617032
lima_036,50.47703205
lima_035,61.64946096
lima_017,75.8442622
lima_009,270.7480958
lima_011,223.6387966
lima_005,807.2111686
lima_025,218.9920852
lima_039,142.0831961
saopaulo_052,761.7412367
saopaulo_056,787.1409215
saopaulo_030,777.1294898
saopaulo_069,777.5809883
saopaulo_059,771.560378
saopaulo_027,791.5933976
saopaulo_037,792.2097141
saopaulo_022,791.6990646
saopaulo_016,755.2402462
saopaulo_023,764.1132823
saopaulo_042,778.4602301
saopaulo_045,763.3281422
saopaulo_081,748.2930581
saopaulo_072,753.2934808
saopaulo_015,770.4995262
saopaulo_034,739.1860456
saopaulo_053,760.901397
saopaulo_055,765.5424832
saopaulo_085,779.5883731
saopaulo_017,777.5335209
saopaulo_019,796.2354005
saopaulo_096,768.6057491
saopaulo_066,790.1388221
saopaulo_068,766.1187955
saopaulo_012,752.8087797
saopaulo_040,746.8265359
saopaulo_002,748.3407497
saopaulo_090,732.3469401
saopaulo_048,748.0037365
saopaulo_063,750.8195516
saopaulo_044,783.1575039
saopaulo_026,801.4536697
saopaulo_061,782.0937184
saopaulo_006,733.1050384
saopaulo_070,751.8099214
saopaulo_009,734.0766754
saopaulo_021,752.0123867
saopaulo_071,753.0071959
saopaulo_067,771.3497793
saopaulo_007,806.8785744
saopaulo_080,754.0984419
saopaulo_057,730.9042415
saopaulo_088,742.8541529
saopaulo_094,756.9303215
saopaulo_091,742.9859446
saopaulo_008,741.7904704
saopaulo_010,737.5711154
saopaulo_014,751.478657
saopaulo_049,768.5996199
saopaulo_054,759.7838608
saopaulo_033,755.2146491
saopaulo_092,792.9015306
saopaulo_079,790.0098284
saopaulo_095,759.8989763
saopaulo_001,774.9865856
saopaulo_087,786.6811367
saopaulo_074,775.2112079
saopaulo_078,803.4907615
saopaulo_004,771.2740884
saopaulo_020,757.6999353
saopaulo_093,766.0696878
saopaulo_024,790.7413018
saopaulo_060,762.9422728
saopaulo_065,785.2246678
saopaulo_018,751.8114727
saopaulo_082,752.3985005
saopaulo_038,751.8873974
saopaulo_028,758.9602934
saopaulo_005,798.6909957
saopaulo_089,757.7445845
saopaulo_036,775.7736504
saopaulo_076,755.6854694
saopaulo_043,737.2659572
saopaulo_035,770.2967339
saopaulo_086,768.5026309
saopaulo_047,785.0333696
saopaulo_046,806.4344146
saopaulo_031,795.3094086
saopaulo_025,826.1185385
saopaulo_032,839.8867024
saopaulo_058,809.2360223
saopaulo_075,791.8871371
saopaulo_077,826.0016566
saopaulo_003,804.7843656
saopaulo_062,816.0452898
saopaulo_013,829.0429969
saopaulo_011,872.3389264
saopaulo_051,834.4680664
saopaulo_083,877.9933583
saopaulo_084,782.9668828
saopaulo_029,762.8767409
saopaulo_050,747.4091784
saopaulo_064,774.3742048
saopaulo_039,743.9945827
saopaulo_073,764.0750711
saopaulo_041,854.5137803
