"nbhd_code","ndbi_2011"
"casablanca_025",-0.0562172284140539
"casablanca_011",-0.0610685797325317
"casablanca_012",-0.015756098106291
"casablanca_031",-0.0808116891284183
"casablanca_019",-0.0340645411441066
"casablanca_016",-0.0272949971101054
"casablanca_002",-0.055298093824115
"casablanca_014",-0.0353254689034265
"casablanca_022",0.022007609296364
"casablanca_005",0.0397934965880813
"casablanca_015",-0.0649640279039925
"casablanca_021",-0.058453768559151
"casablanca_026",-0.0457511240491428
"casablanca_027",0.00372311057107218
"casablanca_009",0.0237302427257738
"casablanca_010",0.0177499122554024
"casablanca_006",0.0190152518760279
"casablanca_033",-0.00219900983822079
"casablanca_008",0.0188816940649783
"casablanca_023",0.0260511675631836
"casablanca_018",-0.0161545752991501
"casablanca_032",0.0201933293627032
"casablanca_030",-0.0492033995575959
"casablanca_034",-0.0407638308081082
"casablanca_001",-0.0268107343168184
"casablanca_013",-0.0545265068878646
"casablanca_003",-0.027265336781545
"casablanca_029",0.0206336398047447
"casablanca_004",0.0220472672541205
"casablanca_017",0.0125929048815338
"casablanca_028",0.0164781440369282
"casablanca_020",0.0560315789793307
"casablanca_024",0.0218967246427369
"casablanca_007",-0.0445189987308768
"barcelona_22",-0.23112895758493
"barcelona_39",-0.181323954644783
"barcelona_40",-0.178969742016388
"barcelona_43",-0.0854227955775632
"barcelona_28",-0.0313067320872126
"barcelona_41",-0.00791207044890492
"barcelona_38",0.0545395318892754
"barcelona_29",-0.0250370248040798
"barcelona_25",-0.0413239968031217
"barcelona_27",0.0494955387094771
"barcelona_26",0.0439004992797859
"barcelona_24",0.00105302467979409
"barcelona_23",-0.0782496395733499
"barcelona_21",-0.0849541003480626
"barcelona_20",-0.0163826775435618
"barcelona_19",0.0201510322286707
"barcelona_18",0.087810297540007
"barcelona_8",0.0857577817681376
"barcelona_9",0.0671438363332311
"barcelona_15",0.0721794383667408
"barcelona_14",0.0141933615661539
"barcelona_16",0.0678101355942099
"barcelona_17",0.110863544559174
"barcelona_13",0.0107991115669983
"barcelona_11",-0.0588837487582865
"barcelona_12",0.0262916063875976
"barcelona_1",0.0899552434968929
"barcelona_2",0.0907491177559445
"barcelona_3",0.0176582009991756
"barcelona_10",0.0729174332117336
"barcelona_7",0.0693035085222671
"barcelona_31",0.108835866084824
"barcelona_30",-0.00654051947652586
"barcelona_37",0.0255149518859679
"barcelona_32",0.0922186728433341
"barcelona_34",-0.00487386876017324
"barcelona_36",-0.00350287967779182
"barcelona_33",0.0655264613239252
"barcelona_6",0.0729521476794283
"barcelona_35",0.0319529849440034
"barcelona_64",0.0910698878845527
"barcelona_63",0.0767296553074082
"barcelona_62",0.0832961797444896
"barcelona_65",0.0572356112237393
"barcelona_5",0.0430257449057894
"barcelona_66",0.0430593579884474
"barcelona_4",0.0235579016821234
"barcelona_67",-0.0213454296882116
"barcelona_68",0.0436454721898326
"barcelona_71",0.0338981622552973
"barcelona_61",0.0582272560749895
"barcelona_72",0.0104630624980163
"barcelona_73",0.011372812722799
"barcelona_69",0.007974332302255
"barcelona_70",0.00323894923896492
"barcelona_56",-0.0505862361421789
"barcelona_57",0.00672287038314959
"barcelona_59",0.058558328054703
"barcelona_60",0.0572797660395361
"barcelona_44",0.0927408529437004
"barcelona_45",0.030836004319107
"barcelona_52",0.0683187854424111
"barcelona_53",0.00107999117455725
"barcelona_58",0.0139226078443675
"barcelona_54",-0.172651310439073
"barcelona_50",0.00107258438622146
"barcelona_55",-0.0470986567486839
"barcelona_49",-0.0827496393992384
"barcelona_48",-0.0160914499524616
"barcelona_51",0.0598331685364265
"barcelona_46",0.021195876507441
"barcelona_47",0.0658956983363308
"barcelona_42",-0.0335416631502383
"istanbul_032",-0.073254228059964
"istanbul_015",-0.232226163121945
"istanbul_014",-0.0757515558109871
"istanbul_002",-0.177256303521273
"istanbul_018",-0.0255042121435357
"istanbul_008",-0.0573675305887957
"istanbul_012",-0.0370135166323318
"istanbul_001",-0.136720053239428
"istanbul_004",-0.116193681125832
"istanbul_026",-0.0479157896985721
"istanbul_007",-0.020733309254809
"istanbul_006",0.0449540737577698
"istanbul_005",0.0337041868851607
"istanbul_022",0.0600906330185245
"istanbul_017",-0.0287867045316168
"istanbul_019",-0.239848757956374
"istanbul_035",-0.0998426709614642
"istanbul_009",0.024594532753489
"istanbul_021",0.0319198428920061
"istanbul_024",-0.0332296286638149
"istanbul_020",0.00200658417302527
"istanbul_013",0.0313012556230044
"istanbul_033",-0.136417331093488
"istanbul_030",-0.275493519847973
"istanbul_010",-0.0726906493226428
"istanbul_038",-0.0789459810358586
"istanbul_023",0.00339228229877415
"istanbul_039",0.0137757782661578
"istanbul_025",-0.0157553536233033
"istanbul_028",-0.127857057254788
"istanbul_027",-0.0361294996258657
"istanbul_034",-0.0193524513358497
"istanbul_029",-0.106554060667186
"istanbul_003",0.0049101312188914
"istanbul_037",-0.0804440871857382
"istanbul_016",-0.260113369220628
"istanbul_011",-0.290808666774162
"istanbul_036",-0.0298718969154081
"istanbul_031",-0.246416444228993
"telaviv_045",-0.0122346511741474
"telaviv_047",-0.0582478669729344
"telaviv_046",-0.0415287528203977
"telaviv_049",-0.0612500780243695
"telaviv_048",-0.0441433894921218
"telaviv_050",-0.0394080646569837
"telaviv_051",-0.0174274616695468
"telaviv_014",-0.0934876774617819
"telaviv_015",-0.10731157341285
"telaviv_007",-0.0856722191993604
"telaviv_008",-0.114063763480569
"telaviv_002",0.0161132154082191
"telaviv_001",0.00682600441026484
"telaviv_004",-0.0170562597615167
"telaviv_009",-0.142283551738823
"telaviv_003",0.0512278093870044
"telaviv_005",-0.042220302980611
"telaviv_010",-0.121556398840456
"telaviv_011",-0.0654963144664886
"telaviv_012",-0.0273041844935329
"telaviv_013",-0.0898960339175354
"telaviv_016",-0.0998127882926185
"telaviv_018",-0.0915453219128242
"telaviv_019",-0.106023961135491
"telaviv_026",-0.0731307948390195
"telaviv_027",-0.0769841059030626
"telaviv_028",-0.0163637242817848
"telaviv_025",-0.0847837268362836
"telaviv_017",-0.0957959078113615
"telaviv_022",-0.0697906162949401
"telaviv_020",0.00394446431149889
"telaviv_021",-0.063511463422552
"telaviv_023",-0.089948643699165
"telaviv_024",-0.0941538302452664
"telaviv_070",-0.0780280173401445
"telaviv_060",-0.0877525541258535
"telaviv_069",-0.0562168368367457
"telaviv_059",-0.0745726205489144
"telaviv_061",-0.0535751871119738
"telaviv_062",-0.0802833822366544
"telaviv_058",-0.0460462300320289
"telaviv_068",-0.0530478075026291
"telaviv_067",-0.043320146766763
"telaviv_063",-0.0512225655129318
"telaviv_065",-0.0631859231871392
"telaviv_064",-0.0468049160582019
"telaviv_066",-0.0651663420377974
"telaviv_071",-0.0946668261765724
"telaviv_054",-0.0263438409878633
"telaviv_056",-0.0685263037386128
"telaviv_043",-0.00137435529145982
"telaviv_053",-0.01233747280607
"telaviv_037",-0.0572326075496633
"telaviv_041",-0.0136590230187159
"telaviv_040",-0.0259323023790425
"telaviv_031",-0.0888635855683651
"telaviv_035",-0.106424440146823
"telaviv_030",-0.0883963322256703
"telaviv_034",-0.0989213646234161
"telaviv_036",-0.0563385835282366
"telaviv_057",-0.048167486333659
"telaviv_032",-0.0985389755758231
"telaviv_006",-0.0611404634915744
"telaviv_033",-0.126811949001644
"telaviv_029",-0.0270021495842765
"telaviv_038",-0.00271765394687982
"telaviv_039",-0.00484424351814446
"telaviv_042",-0.0141028791938177
"telaviv_052",-0.0058824425657214
"telaviv_055",-0.0431378683432675
"telaviv_044",-0.00818907925623675
"Johannesburg_1",-0.0669093838234193
"Johannesburg_2",-0.0578678508628659
"Johannesburg_3",-0.0558714719804851
"Johannesburg_6",-0.103840578527615
"Johannesburg_23",-0.160211366618271
"Johannesburg_125",-0.106811724246013
"Johannesburg_122",-0.102521278495231
"Johannesburg_119",-0.098578485948959
"Johannesburg_24",-0.0761576187363867
"Johannesburg_18",-0.0562185881853648
"Johannesburg_54",-0.107175275518376
"Johannesburg_55",-0.0982915270468889
"Johannesburg_124",-0.0446655666324252
"Johannesburg_68",-0.0326535584400008
"Johannesburg_58",-0.0673867963825291
"Johannesburg_29",-0.0337871608217486
"Johannesburg_27",-0.00464069297850101
"Johannesburg_26",-0.0384584252921755
"Johannesburg_28",-0.0302918590835713
"Johannesburg_25",-0.0531870096079845
"Johannesburg_30",-0.0233409210229975
"Johannesburg_31",-0.0211433227341442
"Johannesburg_70",-0.0993182848322767
"Johannesburg_39",-0.03375496958238
"Johannesburg_40",-0.0392138669588831
"Johannesburg_82",-0.084597978358109
"Johannesburg_86",-0.140915412713155
"Johannesburg_88",-0.178522571464048
"Johannesburg_89",-0.176233043464811
"Johannesburg_85",-0.158652424533675
"Johannesburg_126",-0.191815019581334
"Johannesburg_98",-0.187780050646287
"Johannesburg_99",-0.173318138464619
"Johannesburg_117",-0.143753719725668
"Johannesburg_102",-0.143355079407961
"Johannesburg_90",-0.136253038578938
"Johannesburg_87",-0.161920773024245
"Johannesburg_69",-0.100527170743949
"Johannesburg_60",-0.0324016050134016
"Johannesburg_67",-0.103536111510981
"Johannesburg_59",-0.0133984018410702
"Johannesburg_123",-0.0223272608048358
"Johannesburg_63",-0.0147482604252334
"Johannesburg_62",-0.0230447089616477
"Johannesburg_64",-0.0586426233249761
"Johannesburg_66",-0.0808496087392697
"Johannesburg_73",-0.12360492763633
"Johannesburg_74",-0.115404905004579
"Johannesburg_91",-0.0837319614786942
"Johannesburg_103",-0.115199477495683
"Johannesburg_108",-0.0128914542939773
"Johannesburg_107",-0.00592677752753096
"Johannesburg_81",-0.112126888655329
"Johannesburg_75",-0.0354614471518759
"Johannesburg_76",-0.016827911717441
"Johannesburg_116",-0.0103485408153411
"Johannesburg_105",-0.0393227513965695
"Johannesburg_72",-0.146814751034955
"Johannesburg_118",-0.0928624348536188
"Johannesburg_65",-0.0507728010231462
"Johannesburg_57",-0.0907655216664095
"Johannesburg_61",-0.0165408167025223
"Johannesburg_56",-0.115009295306147
"Johannesburg_32",-0.0950565120300251
"Johannesburg_77",-0.012102477955504
"Johannesburg_78",-0.0111034309137702
"Johannesburg_111",-0.0338585042154993
"Johannesburg_79",-0.0236527695175521
"Johannesburg_110",-0.0755370235383734
"Johannesburg_80",-0.035171876738273
"Johannesburg_93",-0.0978990256468504
"Johannesburg_112",-0.1062586846042
"Johannesburg_92",-0.0956997479473536
"Johannesburg_94",-0.120767718272153
"Johannesburg_113",-0.0731355156161185
"Johannesburg_96",-0.109551817598229
"Johannesburg_106",-0.119453058523899
"Johannesburg_109",-0.0822201387172532
"Johannesburg_115",-0.12456574246361
"Johannesburg_104",-0.149084296129041
"Johannesburg_101",-0.160272262700583
"Johannesburg_97",-0.17438539499911
"Johannesburg_114",-0.176975883118407
"Johannesburg_100",-0.0857540222974211
"Johannesburg_95",-0.0503449195010624
"Johannesburg_71",-0.135760862063633
"Johannesburg_83",-0.177256271265057
"Johannesburg_127",-0.133990521612869
"Johannesburg_84",-0.12462360853346
"Johannesburg_41",-0.0074313520914122
"Johannesburg_43",-0.00261184092056508
"Johannesburg_42",-0.00163591809395551
"Johannesburg_38",-0.0421733089616408
"Johannesburg_45",-0.00153626613876112
"Johannesburg_36",-0.0333551454286948
"Johannesburg_47",0.00183043894416663
"Johannesburg_44",-0.0312612605532941
"Johannesburg_49",-0.030033432570661
"Johannesburg_129",-0.0570650632882804
"Johannesburg_48",-0.00400347525536269
"Johannesburg_46",-0.0214481695415418
"Johannesburg_34",-0.0527247590849294
"Johannesburg_51",-0.000303550417967733
"Johannesburg_52",0.0222272062775063
"Johannesburg_128",-0.06391214071244
"Johannesburg_53",-0.0708352993258878
"Johannesburg_50",-0.042196311138729
"Johannesburg_130",-0.0200809125741663
"Johannesburg_20",0.00253127225245064
"Johannesburg_14",-0.0630655149655074
"Johannesburg_13",-0.0165056318420424
"Johannesburg_10",-0.0773573698799821
"Johannesburg_9",-0.0545022059452469
"Johannesburg_8",-0.0722972033159649
"Johannesburg_11",-0.0492579010998762
"Johannesburg_12",-0.00587675653329527
"Johannesburg_19",-0.0483894493397976
"Johannesburg_16",-0.0474976146683467
"Johannesburg_15",0.0118622996012092
"Johannesburg_21",-0.00631435768396327
"Johannesburg_33",-0.0209048540480413
"Johannesburg_35",-0.0100509487288886
"Johannesburg_37",-0.0429632727483319
"Johannesburg_22",-0.044856210290164
"Johannesburg_17",-0.0542940391753058
"Johannesburg_120",-0.069092616266512
"Johannesburg_121",-0.0732711045858262
"Johannesburg_7",-0.0799891760698848
"Johannesburg_4",-0.0498909926646443
"Johannesburg_5",-0.0706540262921116
"jakarta_005",-0.0788779628183192
"jakarta_001",-0.0769880504312173
"jakarta_021",-0.0332819775498156
"jakarta_018",-0.047381248138543
"jakarta_008",-0.0250236143623634
"jakarta_023",-0.0479502941012899
"jakarta_006",-0.121254856525557
"jakarta_011",-0.0597769780197717
"jakarta_031",-0.0362880517647709
"jakarta_007",-0.0587721217065267
"jakarta_022",-0.0270730038709817
"jakarta_030",-0.0571467746310603
"jakarta_004",-0.0602921688544305
"jakarta_016",-0.0533133308154637
"jakarta_033",-0.0629160844116064
"jakarta_020",-0.0829636009648306
"jakarta_017",-0.0404048469884605
"jakarta_015",-0.0393092521088509
"jakarta_040",-0.0401018703973356
"jakarta_037",-0.0509290919095157
"jakarta_024",-0.0394596134974233
"jakarta_029",-0.0339235305926956
"jakarta_012",-0.0224912392883651
"jakarta_042",-0.0166019631024999
"jakarta_026",-0.0332328572357796
"jakarta_009",-0.041905879004421
"jakarta_036",-0.0219424918647009
"jakarta_013",0.000692844854220459
"jakarta_002",-0.0100566897927147
"jakarta_025",-0.00474955211730187
"jakarta_034",-0.0250218282317881
"jakarta_019",-0.00277785798035423
"jakarta_041",-0.04056232319136
"jakarta_027",-0.0621736834355719
"jakarta_035",-0.0196478764337959
"jakarta_038",0.00693153455365878
"jakarta_039",0.0163162757020057
"jakarta_010",-0.0233854159074739
"jakarta_032",-0.0938038322195245
"jakarta_003",-0.0705523720912451
"jakarta_028",-0.0339341196627879
"jakarta_014",-0.0685552558046351
"bangkok_017",-0.113851085433009
"bangkok_039",-0.149430203891624
"bangkok_004",-0.133669866141575
"bangkok_024",-0.121794418817621
"bangkok_044",-0.167460787604663
"bangkok_045",-0.175842948292273
"bangkok_029",-0.141294629836985
"bangkok_003",-0.130848720076936
"bangkok_031",-0.0984470368685877
"bangkok_015",-0.104055073074188
"bangkok_001",-0.137872374742497
"bangkok_012",-0.0281005804642418
"bangkok_046",-0.0202339594828074
"bangkok_037",-0.091485825682336
"bangkok_005",-0.0282017145385698
"bangkok_022",-0.0267669778936381
"bangkok_050",-0.0610174790267684
"bangkok_042",-0.0306045853163331
"bangkok_009",-0.0185019887172411
"bangkok_030",-0.0571340619953885
"bangkok_040",0.0260438454200476
"bangkok_034",-0.0246965565193793
"bangkok_011",-0.0804968508242595
"bangkok_035",0.0544385468620291
"bangkok_038",-0.0232394809661589
"bangkok_018",-0.0547073273141439
"bangkok_032",-0.0470476729175551
"bangkok_008",-0.0641921249176229
"bangkok_010",-0.0593596779038113
"bangkok_014",-0.0846101424507419
"bangkok_016",-0.00135935799365301
"bangkok_019",-0.0826965801773544
"bangkok_026",-0.088837665479085
"bangkok_002",-0.0996699292297714
"bangkok_049",-0.0586124096147898
"bangkok_043",-0.108289470544531
"bangkok_048",-0.0672193492246461
"bangkok_023",-0.0460406410943367
"bangkok_033",-0.0847687310110178
"bangkok_007",-0.0971067132103737
"bangkok_047",-0.166131989912936
"bangkok_006",-0.263606762505163
"hochiminh_001",-0.146481130351236
"hochiminh_007",-0.146804530141356
"hochiminh_004",-0.176906219436775
"bangkok_036",-0.158715654049683
"bangkok_025",-0.206568848978792
"bangkok_041",-0.155571821001515
"bangkok_013",-0.10468647553096
"bangkok_020",-0.143685455131244
"bangkok_021",-0.218386991030722
"bangkok_027",-0.177262559828948
"bangkok_028",-0.245436792494397
"hochiminh_012",-0.107458794379253
"hochiminh_024",-0.0894992357892065
"hochiminh_021",-0.188338540769791
"hochiminh_005",-0.441652526943326
"hochiminh_014",-0.175470791988845
"hochiminh_019",-0.141641911221121
"hochiminh_008",-0.256758835010279
"hochiminh_002",-0.0902762958761859
"hochiminh_006",-0.0261079095367121
"hochiminh_013",-0.021219818808773
"hochiminh_009",0.00460861895657948
"hochiminh_015",0.0181463083318363
"hochiminh_022",-0.0101796354481184
"hochiminh_023",-0.00494928618878455
"hochiminh_003",-0.0743432461137983
"hochiminh_018",0.0193196779459897
"hochiminh_020",-0.0564955245269364
"hochiminh_017",0.0159359669120391
"hochiminh_011",0.00981088454699126
"hochiminh_010",-0.00541520274870016
"hochiminh_016",0.01201003037897
"singapore_034",-0.141438849879879
"singapore_032",-0.147730070397129
"singapore_009",-0.113217925270249
"singapore_010",-0.103974247961408
"singapore_008",-0.130555674441275
"singapore_014",-0.130526896084737
"singapore_012",-0.254773623730687
"singapore_033",-0.233597377978653
"singapore_015",-0.281828898292457
"singapore_019",-0.134175218347331
"singapore_038",-0.17721402453624
"singapore_031",-0.148576552227023
"singapore_027",-0.179275017538476
"singapore_055",-0.155440842623518
"singapore_043",-0.228514889747785
"singapore_048",-0.109484728592796
"singapore_013",-0.141186553472975
"singapore_023",-0.175811556045914
"singapore_037",-0.15939529225333
"singapore_017",-0.131226106559093
"singapore_002",-0.208193898667967
"singapore_021",-0.139215598877513
"singapore_007",-0.120286356858137
"singapore_036",-0.120759471829889
"singapore_018",-0.184489101890513
"singapore_030",-0.124159679266988
"singapore_022",-0.146664488029062
"singapore_001",-0.110148879833995
"singapore_020",-0.140963547431023
"singapore_050",-0.101339639876993
"singapore_051",-0.0757182572407324
"singapore_049",-0.111426381948245
"singapore_047",-0.117472337589563
"singapore_029",-0.0858298123492138
"singapore_052",-0.0936827611880067
"singapore_045",-0.121736216612598
"singapore_054",-0.139677642089941
"singapore_004",-0.113450335577949
"singapore_046",-0.119784183022547
"singapore_024",-0.127737938985418
"singapore_003",-0.10084640758488
"singapore_011",-0.152165880609367
"singapore_005",-0.0792661253658663
"singapore_042",-0.170988614782687
"singapore_028",-0.168457938996601
"singapore_040",-0.146000451510875
"singapore_016",-0.139903308569613
"singapore_044",-0.157171603472152
"singapore_039",-0.16050664483133
"singapore_053",-0.0888176111027062
"singapore_025",-0.136439494870214
"singapore_035",-0.120271359687543
"singapore_006",-0.127169969000709
"singapore_041",-0.151033004150076
"singapore_026",-0.177178932814459
"manila_014",-0.117457111255716
"manila_001",-0.0963631110838327
"manila_017",-0.101205716879825
"manila_009",-0.0848785765121387
"manila_004",-0.0737771176131869
"manila_006",-0.0723236043869404
"manila_015",-0.117326518136131
"manila_007",-0.102807804000603
"manila_012",-0.1213225738349
"manila_005",-0.101580458268882
"manila_016",-0.121460839245828
"manila_003",-0.120996105727384
"manila_013",-0.105447272463694
"manila_011",-0.0936517550635628
"manila_010",-0.120028800859394
"manila_002",-0.110002745363623
"manila_008",-0.148052985768242
"seoul_005",-0.0343611574566117
"seoul_008",-0.00950617826424408
"seoul_009",-0.0152813183846117
"seoul_010",-0.0307246828177092
"seoul_014",-0.0281023468574117
"seoul_025",-0.043668469943552
"seoul_013",-0.014825363694489
"seoul_012",-0.111182445321824
"seoul_023",-0.101305496831733
"seoul_011",-0.0199326077461879
"seoul_007",-0.0256988066350952
"seoul_006",-0.0135196878308825
"seoul_004",-0.0335430533083967
"seoul_003",-0.0372490520363132
"seoul_024",-0.001363637175018
"seoul_018",-0.033667827338271
"seoul_022",-0.0865344837807108
"seoul_020",-0.00388984124763412
"seoul_002",-0.0483941477811925
"seoul_021",-0.131257322610232
"seoul_001",-0.0685103561450152
"seoul_015",-0.0421557306635042
"seoul_016",-0.0332257327797796
"seoul_019",-0.040892661840179
"seoul_017",-0.0454228555502462
"beijing_005",-0.0823114363666204
"beijing_009",-0.0695345803810562
"beijing_003",-0.0293568589094694
"beijing_006",-0.0522884695635018
"beijing_012",-0.0809874333809065
"beijing_007",-0.092257036186392
"beijing_004",-0.0936133195159745
"beijing_015",-0.0874448172851679
"beijing_002",-0.0571871295187414
"beijing_001",-0.0856692937604563
"beijing_016",-0.049789050107434
"beijing_008",-0.101765786483404
"beijing_013",-0.0551967200277383
"beijing_014",-0.0461994598961744
"beijing_010",-0.111157767532672
"beijing_011",-0.115942294174605
"delhi_001",-0.0530333874246992
"delhi_009",-0.0425692154897957
"delhi_005",-0.104154003630566
"delhi_008",-0.0171040268931937
"delhi_006",-0.0541443736703782
"delhi_004",-0.0391276047513993
"delhi_003",-0.025750044374823
"delhi_002",-0.0734468494719883
"delhi_007",-0.0236336965594331
"bangalore_184",-0.0259257155265283
"bangalore_059",-0.0366245591988611
"bangalore_096",-0.00352986417027655
"bangalore_077",0.0378069316173635
"bangalore_016",0.0334231416645727
"bangalore_093",0.00741813517332495
"bangalore_153",0.0285737662696836
"bangalore_072",0.0389042880905831
"bangalore_012",0.0133832394521881
"bangalore_040",0.0255320276079903
"bangalore_053",0.014392638931162
"bangalore_190",0.0154113159910806
"bangalore_001",0.0327767667509534
"bangalore_191",0.0296849591503898
"bangalore_020",0.0218711264778877
"bangalore_028",-0.0133047599577275
"bangalore_138",-0.0124326181232583
"bangalore_060",0.0338610437186335
"bangalore_044",0.00602147446296955
"bangalore_126",-0.0135309835642433
"bangalore_019",-0.0287776262455848
"bangalore_171",0.0350260928979514
"bangalore_123",0.0352682484385737
"bangalore_076",0.0181185804619481
"bangalore_003",-0.0348102711652568
"bangalore_109",-0.0216426504757591
"bangalore_089",-0.0158614254918195
"bangalore_045",-0.00556032640061023
"bangalore_165",-0.00553638804432288
"bangalore_166",0.00263023682058905
"bangalore_183",0.0297768236894751
"bangalore_139",0.0556421318265052
"bangalore_002",-0.0513085826965177
"bangalore_047",0.00274651323231495
"bangalore_110",-0.0249914927181174
"bangalore_116",-0.0308990623865311
"bangalore_176",-0.00586979335699753
"bangalore_119",0.0270847085181233
"bangalore_058",0.0479060606812488
"bangalore_081",0.00335983583447652
"bangalore_071",0.0283100025455793
"bangalore_024",0.0215048250800361
"bangalore_018",0.0230378786108457
"bangalore_022",-0.0674366813962707
"bangalore_006",-0.00239466371858976
"bangalore_025",-0.00926481470215264
"bangalore_088",-0.00535008889154857
"bangalore_078",-0.00867933872004326
"bangalore_143",-0.0384053334700112
"bangalore_162",-0.0225951169310749
"bangalore_160",-0.00905654593241247
"bangalore_147",-0.00290816840132422
"bangalore_084",-0.0262778492516899
"bangalore_108",0.00144358195482459
"bangalore_056",0.0338553368019047
"bangalore_005",0.0517219604763677
"bangalore_186",0.021140573822171
"bangalore_197",0.0288372845616471
"bangalore_112",-0.00259369513373481
"bangalore_013",0.0289103863234587
"bangalore_100",-0.0185940587287549
"bangalore_050",-0.0168827688481768
"bangalore_142",0.00620717438768901
"bangalore_195",-0.00430145465440544
"bangalore_015",0.00296012940188627
"bangalore_187",0.00305873899742276
"bangalore_178",0.00613595489544443
"bangalore_063",-0.0317080481435362
"bangalore_087",-0.0381476689417135
"bangalore_192",-0.0391072365072586
"bangalore_027",-0.0100442402602931
"bangalore_070",0.0150191250542335
"bangalore_170",0.00500360540119473
"bangalore_177",0.0463581212562725
"bangalore_158",-0.0364266180342594
"bangalore_041",0.0508075607108325
"bangalore_092",0.0457091302150924
"bangalore_030",0.0190025012113996
"bangalore_029",0.0326043881645524
"bangalore_023",0.068207264579729
"bangalore_035",0.03327498523305
"bangalore_174",0.0257082158449301
"bangalore_140",0.024860787666258
"bangalore_031",0.0747431190333239
"bangalore_049",0.0150222165949081
"bangalore_185",-0.0288535493221335
"bangalore_037",0.0159867223498133
"bangalore_054",0.0381384447954032
"bangalore_036",0.0146890406255073
"bangalore_095",0.0111346503811741
"bangalore_122",-0.00100254019044984
"bangalore_007",-0.0328861858272248
"bangalore_151",0.0053983918487293
"bangalore_086",-0.0235829254732224
"bangalore_052",-0.0175959727074762
"bangalore_085",0.0228418203134446
"bangalore_039",0.0228933273134419
"bangalore_154",0.0285941683605252
"bangalore_156",0.0178649471826702
"bangalore_146",-0.00638370438717514
"bangalore_168",0.0781978232323224
"bangalore_021",0.0445456047825474
"bangalore_061",-0.118094532665941
"bangalore_075",-0.0135570329022785
"bangalore_161",-0.00188497457209128
"bangalore_091",0.0400003627531803
"bangalore_129",0.0167944439334381
"bangalore_099",0.042599237866581
"bangalore_094",0.00795591227837005
"bangalore_118",0.0369482142903265
"bangalore_064",0.0317022504438676
"bangalore_097",0.0646727309413582
"bangalore_157",0.021750156456619
"bangalore_113",0.0824097806839431
"bangalore_132",0.0959915385316694
"bangalore_102",0.032451394218336
"bangalore_135",0.0738115063922541
"bangalore_193",0.0387058448051878
"bangalore_180",0.0606736410763741
"bangalore_026",0.0178267896216886
"bangalore_107",-0.0217501729577503
"bangalore_051",0.0243385790396365
"bangalore_065",0.0164054345963092
"bangalore_124",0.0347773319391188
"bangalore_159",0.0054725168554843
"bangalore_148",-0.0172756635085709
"bangalore_130",0.0226632165308117
"bangalore_043",-0.00897569083268331
"bangalore_188",0.0317983636958124
"bangalore_196",0.015565323544719
"bangalore_082",0.0547315170237471
"bangalore_105",0.0133694603881572
"bangalore_034",0.00437459215670006
"bangalore_009",0.0487979101748732
"bangalore_114",-0.00460024342377174
"bangalore_083",0.0122116014539477
"bangalore_167",0.0208030616032236
"bangalore_121",0.0600194403928847
"bangalore_011",0.0503684728942015
"bangalore_067",0.0417466584343185
"bangalore_106",0.0544439040784456
"bangalore_042",0.068326212113072
"bangalore_181",0.0711809285788921
"bangalore_068",0.0638394231081477
"bangalore_090",0.0528789548621258
"bangalore_111",0.0447414823642911
"bangalore_066",0.0744622549216717
"bangalore_149",0.0696103399899714
"bangalore_144",0.0134672201513125
"bangalore_033",0.0342464824393061
"bangalore_179",0.0560216281170433
"bangalore_115",0.0576775995460906
"bangalore_117",0.0464644557049812
"bangalore_136",0.0131272562720349
"bangalore_120",0.010050781319713
"bangalore_125",0.0361683582986413
"bangalore_069",0.0276008040715051
"bangalore_079",0.0033232919712078
"bangalore_198",0.0346536034671733
"bangalore_133",0.00844517855661467
"bangalore_175",0.0163456325162398
"bangalore_145",-0.0064009813292678
"bangalore_173",0.00745556623214651
"bangalore_150",0.017897732552289
"bangalore_169",0.0253104133742813
"bangalore_017",0.00419421762619516
"bangalore_004",0.0234434151497697
"bangalore_163",0.0323270819198995
"bangalore_164",0.0204838772147336
"bangalore_194",0.0447066623442772
"bangalore_103",0.0462117032894401
"bangalore_098",0.00986696378309195
"bangalore_057",0.00397777277095816
"bangalore_127",0.016860471011801
"bangalore_131",0.0147463872008209
"bangalore_128",0.0202580759061269
"bangalore_134",0.000504438883798322
"bangalore_008",0.00381204557412967
"bangalore_189",0.0223905697025847
"bangalore_073",0.0121523779802051
"bangalore_062",0.0142846753310067
"bangalore_141",0.0900316142165034
"bangalore_155",0.0189274640688809
"bangalore_046",0.031991506568486
"bangalore_104",0.0576433141180638
"bangalore_080",0.0311209233840295
"bangalore_010",0.0265830976243841
"bangalore_014",0.0464168597377799
"bangalore_048",-0.00406789928170919
"bangalore_172",0.00306090303015763
"bangalore_038",0.0402016553225128
"bangalore_055",-0.0126884437456588
"bangalore_101",0.02411619772401
"bangalore_032",0.0239891736165596
"bangalore_074",0.0127849642063093
"bangalore_152",-0.0191274920489603
"bangalore_182",0.00866432374200995
"bangalore_137",0.0028305125634213
"copenhagen_007",-0.14771084977864
"copenhagen_006",-0.115395618184654
"copenhagen_005",-0.107299282760816
"copenhagen_008",-0.10412918676309
"copenhagen_003",-0.0284879936264923
"copenhagen_002",-0.0577337582201834
"copenhagen_001",-0.0772406847082236
"copenhagen_009",-0.073179678757191
"copenhagen_004",-0.0549926588064499
"copenhagen_010",-0.0850645391969555
"berlin_012",-0.227100671893539
"berlin_004",-0.141163415870528
"berlin_011",-0.13146758524547
"berlin_006",-0.133939447651606
"berlin_010",-0.228658568679773
"berlin_003",-0.127517843297141
"berlin_007",-0.141823307431012
"berlin_002",-0.105343808554144
"berlin_005",-0.100413458640914
"berlin_001",-0.173176215606443
"berlin_008",-0.200120294759142
"berlin_009",-0.18774749419133
"amsterdam_041",-0.091740339903742
"amsterdam_039",-0.0737276832327938
"amsterdam_045",-0.159259277876924
"amsterdam_046",-0.0961798071827527
"amsterdam_044",-0.126081000909484
"amsterdam_061",-0.165371937982536
"amsterdam_047",-0.0670133269534234
"amsterdam_051",-0.0479150317938954
"amsterdam_055",-0.0424288586170039
"amsterdam_052",-0.0447612903765088
"amsterdam_053",-0.128491184777888
"amsterdam_021",-0.022044455395306
"amsterdam_054",-0.0794088827048005
"amsterdam_022",-0.0751144658467966
"amsterdam_019",-0.0162574276286723
"amsterdam_020",-0.0438990688388475
"amsterdam_018",-0.00872498666068864
"amsterdam_031",-0.0505477624151979
"amsterdam_030",-0.0618403203637513
"amsterdam_029",-0.0224178346510296
"amsterdam_043",-0.129194394325426
"amsterdam_042",-0.153627786443811
"amsterdam_038",-0.0908073414901708
"amsterdam_034",-0.144663488331081
"amsterdam_026",-0.0575940159896809
"amsterdam_033",-0.124879874514935
"amsterdam_032",-0.117411548922468
"amsterdam_024",-0.0625010424424732
"amsterdam_023",-0.111170743311264
"amsterdam_025",-0.115746240335568
"amsterdam_028",-0.0604759003570969
"amsterdam_027",-0.0778688882045591
"amsterdam_015",-0.0157515521926278
"amsterdam_017",-0.0544512111292536
"amsterdam_016",-0.0670559374214341
"amsterdam_014",-0.0461721761585696
"amsterdam_013",-0.097885619563334
"amsterdam_012",-0.0797928519597038
"amsterdam_011",-0.0489669527234912
"amsterdam_089",-0.0252466605195852
"amsterdam_083",-0.0805290093135808
"amsterdam_084",-0.152332612870828
"amsterdam_036",-0.172158580150901
"amsterdam_037",-0.167879367892073
"amsterdam_035",-0.100448852288191
"amsterdam_040",-0.0886186582136518
"amsterdam_085",-0.181791452668834
"amsterdam_006",-0.0209099141336664
"amsterdam_088",-0.148363265487852
"amsterdam_078",-0.0894611738903707
"amsterdam_079",-0.122714500520829
"amsterdam_090",-0.0433687702165933
"amsterdam_082",-0.185972666501148
"amsterdam_081",-0.0195966864855575
"amsterdam_092",-0.107695017544618
"amsterdam_087",-0.147755670836882
"amsterdam_091",-0.278059968969375
"amsterdam_086",-0.165570186296015
"amsterdam_080",-0.0943958259367108
"amsterdam_069",-0.0197277552321741
"amsterdam_010",-0.0470571957899145
"amsterdam_009",-0.0729356175632649
"amsterdam_065",-0.0431567721167151
"amsterdam_067",-0.0204783024681152
"amsterdam_068",-0.146002363298825
"amsterdam_070",-0.105351494023088
"amsterdam_075",-0.109563630762794
"amsterdam_076",-0.144821784616333
"amsterdam_074",-0.129266858191167
"amsterdam_066",-0.0376033445082823
"amsterdam_064",-0.0856741442455885
"amsterdam_077",-0.16720833417775
"amsterdam_059",-0.113380852412451
"amsterdam_058",-0.0608310669626645
"amsterdam_063",-0.0455773212371732
"amsterdam_050",-0.0406135915638823
"amsterdam_049",-0.0408626164919602
"amsterdam_057",-0.0588854039772865
"amsterdam_048",-0.0545396983148945
"amsterdam_008",-0.0457711470699181
"amsterdam_004",-0.0691499386054596
"amsterdam_005",-0.017648459195668
"amsterdam_002",0.00913588930795152
"amsterdam_001",0.0265493069696436
"amsterdam_003",-0.0655901962278385
"amsterdam_007",-0.0120983119658414
"amsterdam_056",-0.0837562883027369
"amsterdam_060",-0.190745051043025
"amsterdam_062",-0.178470822637822
"amsterdam_093",-0.125678362604752
"amsterdam_097",-0.145912098709655
"amsterdam_094",-0.103114949139164
"amsterdam_095",-0.145442164713292
"amsterdam_099",-0.246189852127628
"amsterdam_096",-0.24436220738171
"amsterdam_098",-0.19034481469748
"amsterdam_073",0.0141298296960016
"amsterdam_072",0.0595916718842786
"amsterdam_071",-0.000500298494371744
"london_031",-0.138008378698771
"london_026",-0.137708241867788
"london_016",-0.161723307261304
"london_001",-0.0869254512738924
"london_025",-0.0744253790771789
"london_030",-0.0834452856968031
"london_011",-0.13085404156019
"london_023",-0.126493362425367
"london_003",-0.122968110591844
"london_005",-0.193941042919879
"london_008",-0.170105578532492
"paris_012",-0.14808512333562
"paris_016",-0.169735422278356
"paris_019",-0.0668129389803493
"paris_018",-0.0460101298851717
"paris_020",-0.0463399712727311
"paris_011",-0.0204668915467041
"paris_010",-0.03916200611734
"paris_003",-0.0314150719296118
"paris_004",-0.0732624863387694
"paris_002",-0.0263505663244239
"paris_009",-0.0394006834141854
"paris_001",-0.0536226154648045
"paris_006",-0.0605372615024023
"paris_007",-0.0969413172514507
"paris_008",-0.0773630723192516
"paris_017",-0.0572486885487482
"paris_015",-0.0624025986437488
"paris_014",-0.0709842529180059
"paris_013",-0.0520876247582226
"paris_005",-0.0544225954924914
"london_021",-0.16239581635273
"london_029",-0.138846560367456
"london_028",-0.125524968285394
"london_022",-0.116730411325004
"london_007",-0.0153958807539853
"london_032",-0.132145404186666
"london_033",-0.117131919352951
"london_006",-0.143567204126865
"london_020",-0.118247546133176
"london_013",-0.0986844004877676
"london_024",-0.137996876007426
"london_027",-0.178430175373427
"london_018",-0.146323655651929
"london_009",-0.118644444481279
"london_004",-0.103460961334868
"london_002",-0.168672126800008
"london_015",-0.157969108003293
"london_017",-0.161391570016234
"london_010",-0.158025929177091
"london_014",-0.129945909078051
"london_019",-0.110741025945874
"london_012",-0.11205166091283
"montreal_13",-0.244764375314832
"montreal_27",-0.146882387553055
"montreal_2",-0.119044449541322
"montreal_5",-0.18670052112847
"montreal_17",-0.217642978908724
"montreal_7",-0.156954468814529
"montreal_33",-0.214708619276194
"montreal_3",-0.176921052331279
"montreal_28",-0.235194405511281
"montreal_4",-0.189983892820586
"montreal_24",-0.205797249345356
"montreal_34",-0.336852560109289
"montreal_22",-0.207044840875132
"montreal_25",-0.234820792584487
"montreal_29",-0.198789038416413
"montreal_15",-0.152789444740754
"montreal_1",-0.194034077560407
"montreal_19",-0.111140133027979
"montreal_11",-0.209941014142469
"montreal_14",-0.135457399886952
"montreal_6",-0.108779808457477
"montreal_18",-0.172793033763582
"montreal_9",-0.137327833693487
"montreal_16",-0.104082584790675
"montreal_10",-0.164661425845955
"montreal_12",-0.265573829457814
"montreal_8",-0.296843688376502
"montreal_32",-0.286971394262678
"montreal_31",-0.27663893751633
"montreal_20",-0.273390551822759
"montreal_21",-0.264122352847132
"montreal_26",-0.202541703461315
"montreal_23",-0.221798432252876
"montreal_30",-0.230386511320411
"vancouver_039",-0.14712283087148
"vancouver_040",-0.119914796742644
"vancouver_041",-0.142848533202922
"vancouver_042",-0.114971623301221
"vancouver_035",-0.140371425320089
"vancouver_034",-0.0687234682594711
"vancouver_030",-0.0538915490248833
"vancouver_106",-0.0850930395582602
"vancouver_033",-0.135686760716706
"vancouver_036",-0.129555048437605
"vancouver_037",-0.135905770000096
"vancouver_038",-0.16697204902766
"vancouver_043",-0.118379400177128
"vancouver_044",-0.160331194413758
"vancouver_071",-0.126037654188899
"vancouver_047",-0.143399237104951
"vancouver_046",-0.0636026886108652
"vancouver_045",-0.149559845878591
"vancouver_090",-0.153017227069547
"vancouver_073",-0.147874050060466
"vancouver_077",-0.149739374328559
"vancouver_068",-0.165022641783114
"vancouver_078",-0.143175254164169
"vancouver_066",-0.121489184154727
"vancouver_049",-0.0589340688920849
"vancouver_022",-0.0702872992046995
"vancouver_023",-0.082072613393622
"vancouver_029",-0.0937688051782146
"vancouver_104",-0.105266683303524
"vancouver_024",-0.0753592441437703
"vancouver_015",-0.130226539673308
"vancouver_014",-0.127611829848211
"vancouver_012",-0.133679494931031
"vancouver_013",-0.152709492696084
"vancouver_011",-0.148814961520571
"vancouver_018",-0.146517846509068
"vancouver_017",-0.146250493344746
"vancouver_019",-0.124536820014434
"vancouver_016",-0.118920429913759
"vancouver_020",-0.110019904252871
"vancouver_021",-0.125413862962532
"vancouver_050",-0.134454234067374
"vancouver_051",-0.129708698343321
"vancouver_052",-0.157707928580392
"vancouver_055",-0.18407290251164
"vancouver_054",-0.179042913433832
"vancouver_059",-0.209417570142479
"vancouver_056",-0.20238028584598
"vancouver_058",-0.19629876285617
"vancouver_086",-0.217984981292184
"vancouver_057",-0.217012130935881
"vancouver_085",-0.186805943139239
"vancouver_084",-0.183772703686083
"vancouver_088",-0.200241463976776
"vancouver_087",-0.206492710269694
"vancouver_114",-0.228912420138091
"vancouver_113",-0.229727886292306
"vancouver_116",-0.217971935890281
"vancouver_115",-0.207774730965769
"vancouver_112",-0.200673044914704
"vancouver_082",-0.187492181792969
"vancouver_083",-0.207160955472451
"vancouver_067",-0.221866371822478
"vancouver_111",-0.159025886621376
"vancouver_091",-0.177494612245976
"vancouver_089",-0.207789264159861
"vancouver_081",-0.156346461213564
"vancouver_092",-0.174774633730106
"vancouver_060",-0.179428613920993
"vancouver_053",-0.174644504576572
"vancouver_061",-0.152049293549362
"vancouver_063",-0.102219565409141
"vancouver_062",-0.133666327805856
"vancouver_064",-0.131459473964413
"vancouver_048",-0.142758844879286
"vancouver_097",-0.112714919313515
"vancouver_027",-0.0935765703400894
"vancouver_026",-0.0623824934533971
"vancouver_025",-0.0734899768108315
"vancouver_065",-0.151200979822244
"vancouver_079",-0.171886706001693
"vancouver_080",-0.154767793436965
"vancouver_076",-0.150173503522313
"vancouver_075",-0.133724710710751
"vancouver_074",-0.110947896171602
"vancouver_093",-0.132572041119487
"vancouver_107",-0.121320795166747
"vancouver_108",-0.121027559908557
"vancouver_031",-0.107196780233485
"vancouver_103",-0.113606913210793
"vancouver_094",-0.112423429209605
"vancouver_096",-0.116744200914338
"vancouver_101",-0.133343090865672
"vancouver_032",-0.111507070864241
"vancouver_003",-0.214874922207243
"vancouver_002",-0.193038016231261
"vancouver_004",-0.104848114521337
"vancouver_105",-0.10480534308664
"vancouver_005",-0.152050819908348
"vancouver_007",-0.110764961374327
"vancouver_006",-0.119341572449289
"vancouver_109",-0.145107592673439
"vancouver_009",-0.087791251920201
"vancouver_008",-0.0972459484438971
"vancouver_117",-0.148641631359747
"vancouver_110",-0.177925151330362
"vancouver_118",-0.155914255905987
"vancouver_010",-0.126029186696779
"vancouver_001",-0.21247599550902
"vancouver_102",-0.131862722570963
"vancouver_100",-0.110454070219342
"vancouver_028",-0.15033192736791
"vancouver_098",-0.129938914086641
"vancouver_099",-0.121392859072893
"vancouver_095",-0.125820226228789
"vancouver_072",-0.131670366012982
"vancouver_070",-0.111786500314
"vancouver_069",-0.120764400847989
"tokyo_011",-0.0296123414300887
"tokyo_009",-0.0413930909599979
"tokyo_008",-0.0553411309880537
"tokyo_023",-0.0506040621816439
"tokyo_022",-0.0513814603627521
"tokyo_021",-0.0429429939594364
"tokyo_007",-0.0551497156009628
"tokyo_002",-0.0797158006142668
"tokyo_006",-0.0667283350690715
"tokyo_003",-0.0721866357322148
"tokyo_010",-0.0470583126767749
"tokyo_013",-0.0647138014896557
"tokyo_001",-0.101578219168069
"tokyo_005",-0.0627170337861576
"tokyo_004",-0.0505153731511535
"tokyo_016",-0.0319701614140265
"tokyo_014",-0.020636820676466
"tokyo_017",-0.0469951036448018
"tokyo_018",-0.0442888999876459
"tokyo_019",-0.0415129694121981
"tokyo_020",-0.0311347650490502
"tokyo_015",-0.0358598962158296
"tokyo_012",-0.0398615771500557
"melbourne_83",-0.13809250073133
"melbourne_84",-0.108877072222796
"melbourne_85",-0.14922963801108
"melbourne_81",-0.154065252963272
"melbourne_82",-0.150309484665968
"melbourne_56",-0.0825725920533413
"melbourne_54",-0.0895734856394649
"melbourne_57",-0.0700180899487388
"melbourne_53",-0.102140190997015
"melbourne_58",-0.0849276001659715
"melbourne_61",-0.143093303126085
"melbourne_60",-0.110540501691076
"melbourne_63",-0.141430722877453
"melbourne_59",-0.11328509748992
"melbourne_42",-0.12514576451654
"melbourne_46",-0.0864842755159267
"melbourne_62",-0.09889575936978
"melbourne_45",-0.0888012888593325
"melbourne_64",-0.135674510990516
"melbourne_43",-0.0993992215047389
"melbourne_44",-0.115893846026987
"melbourne_51",-0.0942238500190872
"melbourne_49",-0.0790022141821792
"melbourne_50",-0.1029781475894
"melbourne_48",-0.0631527652229924
"melbourne_93",-0.161606417302975
"melbourne_92",-0.0816114379469158
"melbourne_31",-0.0586629785820198
"melbourne_34",-0.0977379947041393
"melbourne_47",-0.0749726448913025
"melbourne_40",-0.018292577499475
"melbourne_35",-0.0152365956674534
"melbourne_33",-0.0558897019159031
"melbourne_15",-0.104593162760673
"melbourne_22",-0.118096376086985
"melbourne_21",-0.113895354640272
"melbourne_24",-0.0989719113559371
"melbourne_28",0.0068055614871401
"melbourne_18",0.0154480456301747
"melbourne_38",0.000419568515958549
"melbourne_13",-0.0230365676450134
"melbourne_20",-0.113517021952349
"melbourne_37",0.0283152364844313
"melbourne_41",-0.0997149987519751
"melbourne_39",-0.025275268807734
"melbourne_36",-0.0547299560472261
"melbourne_1",0.0155675965365949
"melbourne_2",-0.0120164813335127
"melbourne_7",-0.0310104248867461
"melbourne_6",-0.0336905457134558
"melbourne_8",-0.0209662342351426
"melbourne_4",-0.0122007747773002
"melbourne_52",-0.111019585462351
"melbourne_55",-0.0771557272127858
"melbourne_5",-0.0477503139798783
"melbourne_10",-0.102326300223563
"melbourne_12",-0.0670820261136895
"melbourne_9",-0.056933508106819
"melbourne_3",-0.0251617309544014
"melbourne_11",-0.0482210406481871
"melbourne_17",-0.00871164231459592
"melbourne_16",-0.0738120844272803
"melbourne_23",-0.0270265641015158
"melbourne_19",0.00460393320136329
"melbourne_14",-0.040313914284621
"melbourne_27",-0.0133938682210279
"melbourne_26",-0.0406466946593381
"melbourne_29",-0.0563461736267183
"melbourne_32",-0.00914906359310411
"melbourne_30",-0.032092746884034
"melbourne_73",-0.0920754441953338
"melbourne_75",-0.0971500348908255
"melbourne_25",-0.0679547264054857
"melbourne_66",-0.134996884978645
"melbourne_74",-0.140767955037959
"melbourne_67",-0.127888423646625
"melbourne_78",-0.186915990329742
"melbourne_71",-0.149583550760233
"melbourne_80",-0.152338037358987
"melbourne_89",-0.106050350184639
"melbourne_72",-0.185966826306594
"melbourne_77",-0.195959708050565
"melbourne_76",-0.219753552208271
"melbourne_79",-0.208571066139598
"melbourne_86",-0.0970104674185055
"melbourne_68",-0.129127791103882
"melbourne_65",-0.139430277696586
"melbourne_88",-0.0811542379041577
"melbourne_91",-0.111866995715929
"melbourne_90",-0.215287194007984
"melbourne_87",-0.114559393881369
"melbourne_70",-0.167780404381992
"melbourne_69",-0.0973912363276195
"losangeles_001",-0.0658622535080674
"losangeles_002",-0.0427694192120846
"losangeles_006",-0.0661305156722914
"losangeles_005",-0.0952459282210347
"losangeles_007",-0.113092223969088
"losangeles_003",-0.0355742118845328
"losangeles_004",-0.0755095798291951
"losangeles_009",-0.157516331173798
"losangeles_008",-0.103325172319925
"losangeles_022",-0.0511877021690062
"losangeles_020",-0.0386388868245723
"losangeles_019",-0.0613729217146386
"losangeles_018",-0.0615712791488417
"losangeles_011",-0.0934470695623219
"losangeles_013",-0.0546036069244757
"losangeles_012",-0.0980501878683794
"losangeles_010",-0.11818466820123
"losangeles_014",-0.0803457225192266
"losangeles_015",-0.0789600671374487
"losangeles_016",-0.0292466849195247
"losangeles_017",-0.0370133402600073
"losangeles_021",-0.0350491471647227
"mexico_014",-0.0943526547919283
"mexico_005",-0.126510391888512
"mexico_001",-0.125062411053689
"mexico_010",-0.166989073555076
"mexico_004",-0.099980955225098
"mexico_016",-0.0763796325546611
"mexico_009",-0.0587443130379222
"mexico_013",-0.0319140924923032
"mexico_012",-0.0779319740374484
"mexico_007",0.0149953465803079
"mexico_002",0.0125350683792518
"mexico_011",-0.112085777738275
"mexico_006",-0.0742721773508326
"mexico_015",-0.0467227528558139
"mexico_008",-0.0660293191091577
"mexico_003",-0.101738136386561
"chicago_30",-0.151296688070103
"chicago_59",-0.174666117620195
"chicago_73",-0.186037431178362
"chicago_61",-0.183351495238102
"chicago_45",-0.197087035473749
"chicago_46",-0.192390568970158
"chicago_67",-0.159745379961162
"chicago_9",-0.222633332631794
"chicago_3",-0.154502896666906
"chicago_4",-0.133726414400216
"chicago_14",-0.144074352198938
"chicago_12",-0.13997541795407
"chicago_58",-0.159468982211418
"chicago_13",-0.141845556079264
"chicago_63",-0.152922409710095
"chicago_20",-0.132515038497008
"chicago_62",-0.122683912451747
"chicago_65",-0.116173082384557
"chicago_76",-0.123539685900787
"chicago_6",-0.145716661564762
"chicago_29",-0.118071157549289
"chicago_33",-0.130063515663141
"chicago_68",-0.127500201780577
"chicago_36",-0.118396733875431
"chicago_28",-0.0875535611623818
"chicago_47",-0.0725745023799427
"chicago_41",-0.0941479291358745
"chicago_48",-0.0883148977462704
"chicago_17",-0.0976929492264217
"chicago_55",-0.112505973682174
"chicago_2",-0.0764107565821333
"chicago_10",-0.073486919870064
"chicago_50",-0.0889517762460759
"chicago_25",-0.0685199012115048
"chicago_43",-0.0924854923008565
"chicago_42",-0.0669119514984829
"chicago_49",-0.0814122638872537
"chicago_75",-0.102471967311257
"chicago_19",-0.116009096762229
"chicago_32",-0.122776472132719
"chicago_52",-0.119186848986722
"chicago_64",-0.100816905370488
"chicago_11",-0.101991588326497
"chicago_26",-0.121628449555829
"chicago_15",-0.138818425109482
"chicago_70",-0.144892391998104
"chicago_23",-0.132340613814014
"chicago_72",-0.13994829206463
"chicago_16",-0.123663762510176
"chicago_27",-0.135051069627549
"chicago_69",-0.133652710124406
"chicago_1",-0.0943368896232151
"chicago_71",-0.136428005693558
"chicago_5",-0.156520955653196
"chicago_56",-0.10466366675015
"chicago_22",-0.161072823789643
"chicago_54",-0.160723271487311
"chicago_24",-0.219397218242862
"chicago_35",-0.140244154153965
"chicago_18",-0.146242388502727
"chicago_44",-0.1282730013188
"chicago_8",-0.117608688544247
"chicago_57",-0.139907047642904
"chicago_77",-0.129250943988063
"chicago_34",-0.137367159323469
"chicago_53",-0.179094631135276
"chicago_31",-0.114169388680568
"chicago_7",-0.0921663425822839
"chicago_40",-0.118049873349575
"chicago_39",-0.149279876582373
"chicago_74",-0.144098131558994
"chicago_60",-0.107448313945
"chicago_21",-0.12691725027049
"chicago_66",-0.127639589235706
"chicago_51",-0.123914803184154
"chicago_37",-0.109503971096894
"chicago_38",-0.115047272131155
"detroit_047",-0.217077853272601
"detroit_046",-0.176315998851028
"detroit_249",-0.205702546285762
"detroit_059",-0.190770105786034
"detroit_045",-0.194116301320014
"detroit_044",-0.219335117749588
"detroit_234",-0.234831264797649
"detroit_048",-0.228024433954268
"detroit_042",-0.223118707638664
"detroit_040",-0.179799437555729
"detroit_049",-0.232419042908201
"detroit_175",-0.205642169223238
"detroit_222",-0.189333090760774
"detroit_177",-0.185880405431284
"detroit_176",-0.180736364965676
"detroit_153",-0.154703369786359
"detroit_174",-0.199926525518202
"detroit_251",-0.169915655607426
"detroit_173",-0.140238916579796
"detroit_160",-0.138769858928316
"detroit_161",-0.141339090305167
"detroit_233",-0.145622017352423
"detroit_206",-0.136009235899705
"detroit_162",-0.12336439177038
"detroit_158",-0.118793593892585
"detroit_164",-0.147056201814731
"detroit_165",-0.126631135598217
"detroit_166",-0.153072726393321
"detroit_258",-0.169824826956921
"detroit_167",-0.155970169424858
"detroit_169",-0.149728514954234
"detroit_171",-0.158678887225953
"detroit_172",-0.154165965048979
"detroit_170",-0.171708070270263
"detroit_242",-0.22248288307246
"detroit_039",-0.190132122660509
"detroit_168",-0.151128824689429
"detroit_178",-0.16233379110699
"detroit_038",-0.189497522176602
"detroit_037",-0.203925306618308
"detroit_179",-0.190868353800535
"detroit_180",-0.15955132215342
"detroit_033",-0.210587787197264
"detroit_032",-0.168664638594329
"detroit_036",-0.199889844570734
"detroit_043",-0.195517535745139
"detroit_041",-0.198197418799863
"detroit_035",-0.0934837326441177
"detroit_060",-0.156291282114073
"detroit_064",-0.0961292033198505
"detroit_063",-0.152368621014328
"detroit_061",-0.180798550726355
"detroit_154",-0.176270616716167
"detroit_058",-0.146083573150128
"detroit_062",-0.160778261104238
"detroit_257",-0.169544326839937
"detroit_052",-0.169851234998674
"detroit_053",-0.109314520696257
"detroit_057",-0.162629046337305
"detroit_054",-0.144363635039226
"detroit_051",-0.185372629693476
"detroit_050",-0.181011559926049
"detroit_034",-0.157492049888073
"detroit_275",-0.113354777586573
"detroit_290",-0.141554689282984
"detroit_294",-0.156167336468215
"detroit_276",-0.109031527640628
"detroit_232",-0.146774549159216
"detroit_273",-0.127291260187463
"detroit_256",-0.140080539536702
"detroit_277",-0.154975999429659
"detroit_246",-0.154912617702607
"detroit_224",-0.149089499933266
"detroit_270",-0.15961121138509
"detroit_274",-0.141509694208069
"detroit_289",-0.11191098723858
"detroit_269",-0.124855258142069
"detroit_283",-0.11496331443484
"detroit_288",-0.128681354281039
"detroit_284",-0.133044600265843
"detroit_285",-0.126401888271059
"detroit_287",-0.1481149812679
"detroit_291",-0.176630376803398
"detroit_293",-0.171958541947918
"detroit_292",-0.159103603515008
"detroit_163",-0.128121066554208
"detroit_286",-0.1246171565231
"detroit_279",-0.114317344882019
"detroit_156",-0.11771544979696
"detroit_157",-0.115141848456184
"detroit_278",-0.14430872376497
"detroit_280",-0.116931597249844
"detroit_155",-0.173573714296807
"detroit_115",-0.12303979791976
"detroit_297",-0.218897887197389
"detroit_114",-0.148583472489058
"detroit_116",-0.103031968078303
"detroit_281",-0.138516787023663
"detroit_282",-0.113367796462348
"detroit_250",-0.127608301965246
"detroit_238",-0.124861752703512
"detroit_124",-0.127894868732348
"detroit_118",-0.12241883593198
"detroit_123",-0.117093068300091
"detroit_184",-0.135721954023135
"detroit_197",-0.123472947839769
"detroit_271",-0.0950870583459062
"detroit_272",-0.138668015792381
"detroit_239",-0.157875242754297
"detroit_152",-0.142062283094152
"detroit_196",-0.119472171198465
"detroit_194",-0.141753171096947
"detroit_119",-0.147768005626364
"detroit_027",-0.00826507345440525
"detroit_195",-0.164283499248181
"detroit_098",-0.185475346662548
"detroit_099",-0.152588172702003
"detroit_193",-0.12910048337291
"detroit_014",-0.152233178799495
"detroit_122",-0.123522258141805
"detroit_120",-0.126271833688158
"detroit_121",-0.162109972379851
"detroit_231",-0.138525820850599
"detroit_185",-0.125708105424376
"detroit_189",-0.134936128655808
"detroit_191",-0.15489392650492
"detroit_188",-0.177375669732677
"detroit_192",-0.181683635476523
"detroit_100",-0.163700456909932
"detroit_144",-0.171610223076273
"detroit_095",-0.163926255572478
"detroit_148",-0.132571342089544
"detroit_031",-0.0871306373195889
"detroit_229",-0.125043741645304
"detroit_066",-0.124525963685457
"detroit_028",-0.052022429165348
"detroit_187",-0.125641127221402
"detroit_254",-0.136332972764691
"detroit_186",-0.176319299920453
"detroit_253",-0.140258811684986
"detroit_142",-0.101661365028742
"detroit_030",-0.130012965309519
"detroit_259",-0.161491205682276
"detroit_105",-0.150583983897561
"detroit_107",-0.109997754440348
"detroit_092",-0.167660926250531
"detroit_109",-0.111829990064
"detroit_108",-0.117164120050632
"detroit_016",-0.138704231501547
"detroit_237",-0.156389422701745
"detroit_093",-0.149734644358208
"detroit_009",-0.15748465334557
"detroit_094",-0.135975793445474
"detroit_262",-0.133828222986607
"detroit_106",-0.0702213000511137
"detroit_295",-0.164355400954723
"detroit_296",-0.214321840338855
"detroit_159",-0.128472248527946
"detroit_263",-0.121366849012979
"detroit_083",-0.100225770926109
"detroit_084",-0.0814075134049765
"detroit_081",-0.0772563232585823
"detroit_080",-0.0880817910487006
"detroit_068",-0.150241259953936
"detroit_247",-0.14420258972119
"detroit_079",-0.143529471405256
"detroit_071",-0.142890776062422
"detroit_070",-0.134271002268774
"detroit_004",-0.147709345215135
"detroit_082",-0.130456914801311
"detroit_078",-0.0981369740174736
"detroit_006",-0.0805369789834208
"detroit_085",-0.0909763419733797
"detroit_086",-0.110218379692253
"detroit_007",-0.135086318974553
"detroit_087",-0.153356272275953
"detroit_091",-0.135782170283084
"detroit_088",-0.148758747857967
"detroit_089",-0.0935451295288983
"detroit_090",-0.146397596129208
"detroit_110",-0.0859707882314235
"detroit_111",-0.148706850204941
"detroit_140",-0.0239604116208172
"detroit_141",-0.0931180070734002
"detroit_205",-0.0838825551827505
"detroit_026",0.00361796461516772
"detroit_213",-0.0468167993452651
"detroit_214",-0.0893925098242545
"detroit_228",-0.0454092284207976
"detroit_227",-0.105775387802932
"detroit_240",-0.0303061390937293
"detroit_012",-0.0407394537039608
"detroit_001",-0.082980709833252
"detroit_204",-0.051251703900933
"detroit_002",-0.0398561171676775
"detroit_202",-0.0492192404044843
"detroit_200",-0.125229920050306
"detroit_212",-0.138176127958782
"detroit_210",-0.128005960351612
"detroit_211",-0.165507924031105
"detroit_024",-0.0983303202166513
"detroit_236",-0.14430879568369
"detroit_008",-0.129122798825553
"detroit_010",-0.159513982349482
"detroit_011",-0.173761379860565
"detroit_221",-0.107054402730677
"detroit_198",-0.142951716687037
"detroit_260",-0.117213691427337
"detroit_203",-0.187197258416106
"detroit_199",-0.149877741656362
"detroit_065",-0.0698462394409383
"detroit_025",-0.115204116825061
"detroit_245",-0.130275290043291
"detroit_020",-0.170330890769685
"detroit_241",-0.133141945756568
"detroit_029",-0.221527840191009
"detroit_023",-0.167269450635386
"detroit_021",-0.208743235951016
"detroit_022",-0.174798421602754
"detroit_019",-0.167891049335794
"detroit_268",-0.158015481722941
"detroit_209",-0.17150399924857
"detroit_018",-0.134266277859069
"detroit_005",-0.111385371688662
"detroit_077",-0.170887803409268
"detroit_076",-0.167235493308339
"detroit_072",-0.150286877981117
"detroit_075",-0.172613532571453
"detroit_015",-0.1885458874382
"detroit_143",-0.165434633581451
"detroit_074",-0.17009024418756
"detroit_243",-0.179204789785266
"detroit_073",-0.163441848146504
"detroit_136",-0.148864552303526
"detroit_137",-0.143629322696669
"detroit_138",-0.14631124617304
"detroit_183",-0.159912749458655
"detroit_255",-0.168616547268076
"detroit_244",-0.1584901615326
"detroit_017",-0.0315977047026707
"detroit_219",-0.166355446093983
"detroit_264",-0.144086622866938
"detroit_267",-0.154023867219087
"detroit_003",-0.111186223289474
"detroit_266",-0.190021729124114
"detroit_265",-0.195233392875305
"detroit_261",-0.165511312709747
"detroit_220",-0.182226827539972
"detroit_139",-0.139545158445956
"detroit_182",-0.166624844266605
"detroit_151",-0.150918680671327
"detroit_181",-0.178180388274625
"detroit_133",-0.183114940123398
"detroit_126",-0.165856427532098
"detroit_129",-0.173265207309039
"detroit_134",-0.155821111750233
"detroit_135",-0.15166923377846
"detroit_128",-0.16362494089726
"detroit_127",-0.168215462019991
"detroit_132",-0.167637916874365
"detroit_131",-0.157579942441391
"detroit_069",-0.125633652850122
"detroit_067",-0.126566192734919
"detroit_130",-0.148550612715497
"detroit_201",-0.106594890604713
"detroit_216",-0.112564603783481
"detroit_215",-0.0101940449624425
"detroit_217",-0.109014653210465
"detroit_226",-0.0467433009191976
"detroit_218",-0.0671268453266866
"detroit_013",-0.121845635876981
"detroit_097",-0.148903855386039
"detroit_096",-0.150702270699999
"detroit_125",-0.0791233992540581
"detroit_223",-0.124807956438706
"detroit_150",-0.128374190157231
"detroit_235",-0.113516700342223
"detroit_252",-0.105783558181809
"detroit_146",-0.122728695028352
"detroit_145",-0.0499637947718724
"detroit_225",-0.0973193740780491
"detroit_248",-0.112107715647559
"detroit_102",-0.144782967629997
"detroit_103",-0.128997501833339
"detroit_207",-0.108863079552642
"detroit_147",-0.0214878366871513
"detroit_149",-0.109848664320404
"detroit_230",-0.117128629218224
"detroit_104",-0.0924742786653007
"detroit_112",-0.124819567522669
"detroit_113",-0.131731028245106
"detroit_117",-0.130681816630404
"detroit_190",-0.0984882195955366
"detroit_101",-0.0338425678535386
"detroit_055",-0.162410061354096
"detroit_208",-0.13917294089777
"detroit_056",-0.157235408297614
"atlanta_120",-0.225873171615582
"atlanta_018",-0.262852861240568
"atlanta_001",-0.218978480188741
"atlanta_013",-0.0161376186830247
"atlanta_105",-0.228151188055516
"atlanta_108",-0.232733933171558
"atlanta_008",-0.227570429687802
"atlanta_077",-0.225263079090537
"atlanta_083",-0.232164849283583
"atlanta_089",-0.236715220963336
"atlanta_084",-0.217883150627284
"atlanta_020",-0.208332187355877
"atlanta_081",-0.200292606510678
"atlanta_082",-0.152984635382319
"atlanta_038",-0.145683943265216
"atlanta_037",-0.184876165396335
"atlanta_055",-0.212691816096708
"atlanta_025",-0.215498841414761
"atlanta_104",-0.168567873077775
"atlanta_118",-0.179515336527998
"atlanta_026",-0.269994059052857
"atlanta_024",-0.213329051411355
"atlanta_101",-0.0616003332945403
"atlanta_069",-0.136984666031916
"atlanta_126",-0.161545594053652
"atlanta_064",-0.108148496454086
"atlanta_027",-0.207999353231111
"atlanta_074",-0.184853516734215
"atlanta_070",-0.188497548019816
"atlanta_125",-0.146914016574894
"atlanta_014",-0.165305978931126
"atlanta_028",-0.275042058518802
"atlanta_045",-0.274292007396619
"atlanta_079",-0.223414324334653
"atlanta_068",-0.138518898179437
"atlanta_065",-0.108910217990507
"atlanta_114",-0.0857534424619524
"atlanta_050",-0.0630160985951317
"atlanta_066",-0.112264214128736
"atlanta_109",-0.104607401143895
"atlanta_106",-0.181064241491505
"atlanta_067",-0.259130841617606
"atlanta_075",-0.219345925887454
"atlanta_049",-0.177228259512882
"atlanta_012",-0.0727751660165897
"atlanta_052",-0.165654934212138
"atlanta_041",-0.08925811040753
"atlanta_048",-0.205084810130189
"atlanta_034",-0.22717551659148
"atlanta_060",-0.240167907257902
"atlanta_103",-0.145266988876932
"atlanta_035",-0.0687053465828063
"atlanta_112",-0.011652996499741
"atlanta_040",-0.0295192530872568
"atlanta_097",-0.051905436705686
"atlanta_029",-0.0679298149499298
"atlanta_005",-0.0422737444093321
"atlanta_036",-0.0542713068091898
"atlanta_039",-0.0989897970378216
"atlanta_053",-0.156103270220305
"atlanta_051",-0.052857233724002
"atlanta_056",-0.200699434090333
"atlanta_063",-0.14910137615952
"atlanta_054",-0.133281343218587
"atlanta_078",-0.0980530584197364
"atlanta_094",-0.170627729154385
"atlanta_116",-0.114737586600795
"atlanta_095",-0.144602056866992
"atlanta_091",-0.171124860243553
"atlanta_092",-0.185236537772326
"atlanta_093",-0.199324956990983
"atlanta_121",-0.269466503204811
"atlanta_122",-0.244265622866743
"atlanta_090",-0.170839774815326
"atlanta_073",-0.176412984415685
"atlanta_123",-0.197117940741421
"atlanta_009",-0.183689246432562
"atlanta_107",-0.128578783863759
"atlanta_007",-0.0792040891090714
"atlanta_006",-0.210620422358401
"atlanta_110",-0.205029011930658
"atlanta_129",-0.14223174213785
"atlanta_010",-0.0937255561779603
"atlanta_085",-0.0976246519495641
"atlanta_096",-0.0608411050867754
"atlanta_135",-0.0894547742340152
"atlanta_115",-0.0977005474302936
"atlanta_086",-0.105761097576771
"atlanta_030",-0.199514280164266
"atlanta_061",-0.264636106744934
"atlanta_087",-0.193939639151054
"atlanta_072",-0.148188775483821
"atlanta_117",-0.273760593221041
"atlanta_019",-0.297217300119021
"atlanta_004",-0.291911452252688
"atlanta_111",-0.257700290102512
"atlanta_011",-0.165529741486873
"atlanta_102",-0.297292306641809
"atlanta_100",-0.293967797953787
"atlanta_119",-0.278554864269891
"atlanta_130",-0.235197944890505
"atlanta_002",-0.170543024948118
"atlanta_003",-0.177347596383707
"atlanta_127",-0.263072247102675
"atlanta_128",-0.11551228297271
"atlanta_133",-0.191221082586698
"atlanta_132",-0.268859662515922
"atlanta_131",-0.182833816634585
"atlanta_099",-0.241497172110692
"atlanta_124",-0.255289803433954
"atlanta_088",-0.218167302014279
"atlanta_021",-0.285860678784644
"atlanta_022",-0.259252167666593
"atlanta_080",-0.199218774611643
"atlanta_023",-0.256454311505476
"atlanta_098",-0.262984171614735
"atlanta_134",-0.259924528429294
"atlanta_113",-0.269809343201284
"atlanta_032",-0.206864043398361
"atlanta_057",-0.210040572466796
"atlanta_062",-0.280545217016318
"atlanta_071",-0.192805387329716
"atlanta_058",-0.207068915670253
"atlanta_059",-0.245535527784909
"atlanta_047",-0.26749961591898
"atlanta_042",-0.245415130500666
"atlanta_033",-0.28148814939764
"atlanta_043",-0.204917319702374
"atlanta_044",-0.274733021092889
"atlanta_031",-0.288264632525516
"atlanta_017",-0.255833662941546
"atlanta_015",-0.284363919677305
"atlanta_046",-0.230974218840371
"atlanta_076",-0.319260573952169
"atlanta_016",-0.243650111388515
"newyork_021",-0.165035797234255
"newyork_055",-0.110637175764966
"newyork_032",-0.100186865594376
"newyork_039",-0.0632952286261709
"newyork_041",-0.0446267347240214
"newyork_040",-0.0212620307653159
"newyork_038",-0.0857515715348725
"newyork_037",-0.0538286401980183
"newyork_036",-0.0727304062230216
"newyork_035",-0.0478111438794791
"newyork_022",-0.161527889486305
"newyork_023",-0.143579440407251
"newyork_020",-0.0368920639254302
"newyork_017",-0.0278766850259711
"newyork_016",-0.160318721438055
"newyork_015",-0.0588631226244076
"newyork_014",-0.0782290483784279
"newyork_042",-0.0438034997209957
"newyork_050",-0.0413876999246988
"newyork_018",-0.0497098441127125
"newyork_024",-0.00646607858000897
"newyork_025",-0.0233463269126342
"newyork_019",-0.0492828490403729
"newyork_027",-0.0569848859752118
"newyork_028",-0.080822538994418
"newyork_029",-0.0436322074370473
"newyork_034",-0.0343591609205446
"newyork_033",-0.0402231265835371
"newyork_026",-0.0422697277490233
"newyork_030",-0.0340386999012042
"newyork_051",-0.0733800543720935
"newyork_031",-0.046867339762571
"newyork_054",-0.0888367235460543
"newyork_052",-0.101176540620623
"newyork_049",-0.0862474890454407
"newyork_048",-0.096546025374683
"newyork_043",-0.051250895757043
"newyork_044",-0.10411142796505
"newyork_045",-0.145552905191365
"newyork_047",-0.128304397253389
"newyork_053",-0.0880436417779277
"newyork_046",-0.0748112807063909
"newyork_003",-0.136973570971344
"newyork_009",-0.0623385497317034
"newyork_004",-0.0627718688543138
"newyork_002",-0.134386733075297
"newyork_001",-0.136068037653364
"newyork_006",-0.0369118963242525
"newyork_005",-0.0926889787386333
"newyork_007",-0.0323531646701697
"newyork_011",-0.0847351098139542
"newyork_008",-0.0357381298321344
"newyork_013",-0.0445125811043844
"newyork_010",-0.0293191264096127
"newyork_012",-0.0737420049981125
"boston_151",-0.165826050656635
"boston_153",-0.0905779506301563
"boston_47",-0.121588918919516
"boston_46",-0.150351484833222
"boston_51",-0.0249590842745619
"boston_95",-0.0183833796900153
"boston_48",-0.102142013667988
"boston_91",-0.0807826083989263
"boston_168",-0.0712510370036446
"boston_165",-0.0850672551669917
"boston_169",-0.0952776847260503
"boston_167",-0.0670371588579013
"boston_166",-0.118880278538472
"boston_171",-0.0977430559303292
"boston_90",-0.107541435349699
"boston_170",-0.0791898805318215
"boston_157",-0.043464402502436
"boston_174",-0.0686163423358114
"boston_50",-0.0479607275647937
"boston_154",-0.0266599318811446
"boston_121",-0.0454158421101799
"boston_49",-0.0619621350058767
"boston_58",-0.0511352263070763
"boston_59",-0.0984523764712468
"boston_127",-0.0526774684975766
"boston_96",-0.102484481087055
"boston_126",-0.0807286986928346
"boston_130",-0.0936675436345612
"boston_97",-0.0612854939169163
"boston_67",-0.189681254032317
"boston_60",-0.107951398139411
"boston_131",-0.12494265332235
"boston_129",-0.0879009619309413
"boston_68",-0.216497258534914
"boston_3",-0.108581741757347
"boston_172",-0.0999208891162963
"boston_173",-0.0900926104849806
"boston_12",-0.066673479854027
"boston_64",-0.0949693794151633
"boston_134",-0.0954553489082964
"boston_18",-0.197417977765245
"boston_115",-0.174289918627315
"boston_114",-0.176928191810671
"boston_99",-0.146016394834326
"boston_98",-0.151239684565328
"boston_17",-0.231729692662814
"boston_101",-0.192690963390902
"boston_113",-0.159850333613715
"boston_57",-0.135236218399955
"boston_9",-0.156182175108878
"boston_100",-0.256217756944237
"boston_32",-0.229250524932579
"boston_31",-0.193303043689612
"boston_37",-0.248849553612484
"boston_119",-0.263508651858499
"boston_69",-0.289770991159374
"boston_103",-0.209759101244761
"boston_15",-0.203839775704817
"boston_161",-0.294925473112556
"boston_16",-0.194931928038791
"boston_52",-0.180643248469821
"boston_40",-0.194931833024671
"boston_14",-0.163186896842166
"boston_116",-0.236405634275518
"boston_53",-0.179274159198121
"boston_42",-0.156118714941493
"boston_13",-0.250165254335251
"boston_135",-0.177869505892476
"boston_36",-0.207822875883295
"boston_34",-0.200386085212351
"boston_33",-0.145572024388112
"boston_72",-0.176540220999403
"boston_35",-0.170522106658787
"boston_71",-0.109557304764941
"boston_180",-0.133811851951643
"boston_179",-0.165551765610296
"boston_132",-0.10776943620071
"boston_73",-0.147272796014437
"boston_74",-0.0977416587735099
"boston_63",-0.105411211252968
"boston_65",-0.120230144535892
"boston_8",-0.0863686213789433
"boston_10",-0.0956606614148559
"boston_11",-0.07112423689403
"boston_5",-0.0653717844113472
"boston_158",-0.0750781914694798
"boston_56",-0.137561435534947
"boston_7",-0.0722465646367757
"boston_6",-0.134533997015918
"boston_55",-0.10800399631887
"boston_62",-0.0762770071273528
"boston_61",-0.0524894779531768
"boston_4",-0.0912543741502091
"boston_109",-0.111509349135046
"boston_112",-0.0830953030611749
"boston_110",-0.136373519723021
"boston_2",-0.0905836116648812
"boston_1",-0.111126373271384
"boston_108",-0.123572951047573
"boston_111",-0.131502931320073
"boston_80",-0.113644110946396
"boston_79",-0.0720714899177833
"boston_76",-0.135733807734351
"boston_75",-0.0874758700666328
"boston_133",-0.0762072325894518
"boston_77",-0.101864290393386
"boston_177",-0.150874859377733
"boston_178",-0.188528327948952
"boston_175",-0.158335950253661
"boston_78",-0.135295959031177
"boston_176",-0.157358329694225
"boston_148",-0.0384021805521985
"boston_144",-0.123205571377779
"boston_145",-0.158390542227303
"boston_136",-0.0327310828737448
"boston_122",-0.0172114878583433
"boston_143",-0.0791083641152195
"boston_140",-0.108807715579174
"boston_139",-0.159308729704292
"boston_141",-0.158800009608573
"boston_142",-0.132929651463039
"boston_137",-0.116021728744115
"boston_150",-0.120919134709771
"boston_107",-0.124534404234251
"boston_66",-0.118740707631361
"boston_124",-0.07713082794967
"boston_123",-0.0912324575307436
"boston_125",-0.0718243750682476
"boston_128",-0.0580535533761098
"boston_120",-0.0378220215829796
"boston_92",-0.104844680023214
"boston_155",-0.12407059272477
"boston_149",-0.117823728283257
"boston_156",-0.111662366058614
"boston_152",-0.107719039406977
"boston_106",-0.121770181131293
"boston_105",-0.127786668727524
"boston_104",-0.153136930949907
"boston_25",-0.161054593469985
"boston_24",-0.196106886067335
"boston_27",-0.175901271077804
"boston_45",-0.200810568044049
"boston_26",-0.173556048600274
"boston_84",-0.174861847880571
"boston_83",-0.162208947306267
"boston_85",-0.152914294438709
"boston_86",-0.181031070578691
"boston_88",-0.152811085083306
"boston_89",-0.124353754952958
"boston_138",-0.158863267540124
"boston_87",-0.143354430551149
"boston_146",-0.13600711763108
"boston_147",-0.10448968199028
"boston_162",-0.152832964566799
"boston_82",-0.156671279743019
"boston_163",-0.148117978260958
"boston_164",-0.162538281894403
"boston_81",-0.157771766414565
"boston_28",-0.183389295506115
"boston_70",-0.17697364139075
"boston_43",-0.190380994045445
"boston_41",-0.161867727690592
"boston_44",-0.204800767082524
"boston_21",-0.147741370286413
"boston_22",-0.213388528839931
"boston_23",-0.175852078512308
"boston_118",-0.28072082523751
"boston_20",-0.16431917044182
"boston_117",-0.21317881295348
"boston_19",-0.19694824341496
"boston_160",-0.188433199871355
"boston_159",-0.201007510355015
"boston_54",-0.179516379788999
"boston_38",-0.174014421052472
"boston_39",-0.189620250745562
"boston_30",-0.208603384525946
"boston_93",-0.189108585006935
"boston_102",-0.195942772568187
"boston_94",-0.203929819664123
"boston_29",-0.182028269610468
"lima_001",0.0064534843191925
"lima_024",-0.0786024698838018
"lima_027",0.0298223937185482
"lima_026",0.00605616634480251
"lima_019",-0.0280448754735612
"lima_023",0.0180123996171924
"lima_008",0.0902077371082387
"lima_029",-0.0607886724197132
"lima_038",-0.0355218748373397
"lima_007",-0.106996329140729
"lima_040",-0.106433587994738
"lima_003",-0.108999870098052
"lima_022",-0.107371860294077
"lima_033",-0.113611516001462
"lima_043",-0.102018028819542
"lima_042",-0.109555873143734
"lima_013",-0.0608174039796418
"lima_002",0.00601051036631393
"lima_018",0.0439412121042845
"lima_006",0.0495084502276617
"lima_010",-0.078732341154078
"lima_037",-0.0810554140643893
"lima_032",0.0179142088450845
"lima_015",-0.0864489801377257
"lima_034",-0.0938241441916906
"lima_014",-0.0977251892018864
"lima_030",-0.0967421258571731
"lima_031",-0.107900738004416
"lima_041",-0.111260265585216
"lima_020",-0.0885200362540657
"lima_012",-0.0967042365656217
"lima_016",-0.0918350921472588
"lima_028",-0.0658688057994712
"lima_004",-0.100022688841095
"lima_021",-0.0970114479525604
"lima_036",-0.112119786808762
"lima_035",-0.0820452189177565
"lima_017",-0.0898154173167392
"lima_009",-0.0825880077422591
"lima_011",-0.0805262556081253
"lima_005",0.0339535645302106
"lima_025",-0.0868531508705093
"lima_039",-0.105007623479537
"saopaulo_052",-0.290916323264173
"saopaulo_056",-0.25296860858436
"saopaulo_030",-0.197902103210293
"saopaulo_069",0.0547611552613124
"saopaulo_059",-0.133157391747888
"saopaulo_027",-0.037937279277173
"saopaulo_037",0.0735615753055585
"saopaulo_022",0.101377344058721
"saopaulo_016",0.032166229044716
"saopaulo_023",-0.102851725354738
"saopaulo_042",-0.141476434303708
"saopaulo_045",-0.116688151476432
"saopaulo_081",-0.0945728453385038
"saopaulo_072",0.00442361214382226
"saopaulo_015",0.0356574520083556
"saopaulo_034",0.0113245742076063
"saopaulo_053",-0.033063588310292
"saopaulo_055",-0.0760173191723353
"saopaulo_085",-0.085782205638153
"saopaulo_017",0.051552429795937
"saopaulo_019",0.0664192302927692
"saopaulo_096",0.0142793455451447
"saopaulo_066",-0.038431746415688
"saopaulo_068",0.0252872407963987
"saopaulo_012",-0.0457530418345084
"saopaulo_040",0.00573245123789213
"saopaulo_002",-0.0476850869562052
"saopaulo_090",0.0183871367541981
"saopaulo_048",0.0427060985072087
"saopaulo_063",-2.71396459875555e-05
"saopaulo_044",-0.0165904913577712
"saopaulo_026",-0.0186331372760137
"saopaulo_061",0.0291497167610207
"saopaulo_006",0.0185804803710661
"saopaulo_070",0.0644517605744835
"saopaulo_009",0.0517247571467077
"saopaulo_021",0.0706542520156924
"saopaulo_071",0.0252856550976323
"saopaulo_067",0.0433628735651651
"saopaulo_007",0.0146781174199242
"saopaulo_080",0.0396315096963617
"saopaulo_057",0.0607889020508853
"saopaulo_088",0.0752726657565027
"saopaulo_094",0.100514919653233
"saopaulo_091",0.0700037309268473
"saopaulo_008",0.0692380357387933
"saopaulo_010",0.108268989055257
"saopaulo_014",0.0829207238302941
"saopaulo_049",0.0465141877585407
"saopaulo_054",0.0795058304676479
"saopaulo_033",0.0694879037914938
"saopaulo_092",0.0330938591589158
"saopaulo_079",0.0648084786071826
"saopaulo_095",0.0775901262262333
"saopaulo_001",0.100280584492258
"saopaulo_087",0.0848322860186593
"saopaulo_074",0.0937424565797696
"saopaulo_078",0.0823086572649894
"saopaulo_004",0.106581722373465
"saopaulo_020",0.09004259474207
"saopaulo_093",0.0852112718148428
"saopaulo_024",0.0500562136767799
"saopaulo_060",0.0795738936663225
"saopaulo_065",0.0923811381258939
"saopaulo_018",-0.0164719931910141
"saopaulo_082",0.0583129329700911
"saopaulo_038",0.0532585120973196
"saopaulo_028",0.0123551545217737
"saopaulo_005",0.0826171607355749
"saopaulo_089",0.0649796510571134
"saopaulo_036",0.0707587961397592
"saopaulo_076",0.0493067636228218
"saopaulo_043",0.0212120470210797
"saopaulo_035",0.0713893622882551
"saopaulo_086",0.0688689077046342
"saopaulo_047",0.0569480770147789
"saopaulo_046",-0.0646254288729366
"saopaulo_031",0.00242767936073594
"saopaulo_025",-0.0449839115312044
"saopaulo_032",-0.076762363038218
"saopaulo_058",-0.100498452838241
"saopaulo_075",0.0624067143199093
"saopaulo_077",0.00830257890496838
"saopaulo_003",-0.203413084760966
"saopaulo_062",-0.119321794043444
"saopaulo_013",-0.0921550784621911
"saopaulo_011",-0.0999466026790241
"saopaulo_051",-0.106429382709094
"saopaulo_083",-0.195978237264956
"saopaulo_084",0.0348775231611183
"saopaulo_029",0.0581573731955666
"saopaulo_050",0.0802069625308592
"saopaulo_064",-0.0113321347349364
"saopaulo_039",0.0382213186264239
"saopaulo_073",0.0209044323658194
"saopaulo_041",-0.107436677183304
