"nbhd_code","ndvi_2009"
"casablanca_025",0.230796519696225
"casablanca_011",0.244799512992334
"casablanca_012",0.23749415021285
"casablanca_031",0.225884116355102
"casablanca_019",0.179088421829134
"casablanca_016",0.185347778948088
"casablanca_002",0.210065302938639
"casablanca_014",0.195148778576264
"casablanca_022",0.120768031858778
"casablanca_005",0.102900718893283
"casablanca_015",0.259306902105541
"casablanca_021",0.213739820745234
"casablanca_026",0.205794853173113
"casablanca_027",0.154201673460401
"casablanca_009",0.111365755290253
"casablanca_010",0.121785127431475
"casablanca_006",0.116237601333315
"casablanca_033",0.148571718133488
"casablanca_008",0.110532364920528
"casablanca_023",0.113870062996511
"casablanca_018",0.211789558279538
"casablanca_032",0.138974391670035
"casablanca_030",0.25130333836465
"casablanca_034",0.221766865353696
"casablanca_001",0.200586877380306
"casablanca_013",0.249577870967443
"casablanca_003",0.221430100551554
"casablanca_029",0.121444674988392
"casablanca_004",0.112855731842113
"casablanca_017",0.126882890171043
"casablanca_028",0.111532718624906
"casablanca_020",0.0845270448534484
"casablanca_024",0.0855833100205934
"casablanca_007",0.199016645484903
"barcelona_22",0.55761138935673
"barcelona_39",0.507800283159658
"barcelona_40",0.483527527273762
"barcelona_43",0.371593284314848
"barcelona_28",0.27332609136976
"barcelona_41",0.206735371406677
"barcelona_38",0.181169217840686
"barcelona_29",0.292191094358243
"barcelona_25",0.285622187458725
"barcelona_27",0.201782112862766
"barcelona_26",0.182591687558745
"barcelona_24",0.226484467688826
"barcelona_23",0.334790091752726
"barcelona_21",0.330797081268659
"barcelona_20",0.206883742235655
"barcelona_19",0.190520429814126
"barcelona_18",0.131330530279607
"barcelona_8",0.150526677586486
"barcelona_9",0.15781212394157
"barcelona_15",0.135642564628219
"barcelona_14",0.207769234791255
"barcelona_16",0.134746114925311
"barcelona_17",0.125700195730419
"barcelona_13",0.198320714684839
"barcelona_11",0.285400839807187
"barcelona_12",0.0801375948684147
"barcelona_1",0.129476211364292
"barcelona_2",0.119015805399778
"barcelona_3",0.0892751235756111
"barcelona_10",0.154885687226618
"barcelona_7",0.156690488520119
"barcelona_31",0.143513775787506
"barcelona_30",0.254855805274858
"barcelona_37",0.226230835701512
"barcelona_32",0.153926241102752
"barcelona_34",0.261236011460618
"barcelona_36",0.261616703100282
"barcelona_33",0.167894477053492
"barcelona_6",0.152494364672955
"barcelona_35",0.209857750537269
"barcelona_64",0.140441109538191
"barcelona_63",0.157505396914763
"barcelona_62",0.161420975368422
"barcelona_65",0.15546784063414
"barcelona_5",0.168588231534547
"barcelona_66",0.127330665348777
"barcelona_4",0.218605220916524
"barcelona_67",0.19366558235665
"barcelona_68",0.145422400334333
"barcelona_71",0.15630830429256
"barcelona_61",0.153591258040808
"barcelona_72",0.229042380412157
"barcelona_73",0.19431105371268
"barcelona_69",0.150628122562264
"barcelona_70",0.146123903441392
"barcelona_56",0.266846604601473
"barcelona_57",0.1929745671645
"barcelona_59",0.112617730930108
"barcelona_60",0.162916869020626
"barcelona_44",0.159499514562213
"barcelona_45",0.1787549964042
"barcelona_52",0.170118110258626
"barcelona_53",0.212046714397298
"barcelona_58",0.172739460275879
"barcelona_54",0.451229382522531
"barcelona_50",0.259834929822275
"barcelona_55",0.255051100361221
"barcelona_49",0.361311071457991
"barcelona_48",0.251633456692392
"barcelona_51",0.170338537739342
"barcelona_46",0.216582890974006
"barcelona_47",0.190201639474806
"barcelona_42",0.281246080726181
"istanbul_032",0.41273911476008
"istanbul_015",0.568261699914657
"istanbul_014",0.230053471526887
"istanbul_002",0.45043556733998
"istanbul_018",0.222169592469858
"istanbul_008",0.33014351396985
"istanbul_012",0.255350736825619
"istanbul_001",0.403597052813078
"istanbul_004",0.214935131199779
"istanbul_026",0.201796129068562
"istanbul_007",0.239551192809417
"istanbul_006",0.149568775776608
"istanbul_005",0.152885531647913
"istanbul_022",0.141388453725651
"istanbul_017",0.250538476093443
"istanbul_019",0.541815893672816
"istanbul_035",0.297404167432014
"istanbul_009",0.162539628380846
"istanbul_021",0.168397273422807
"istanbul_024",0.253910591522615
"istanbul_020",0.212656147451415
"istanbul_013",0.176974065873205
"istanbul_033",0.39409840378259
"istanbul_030",0.573285414164092
"istanbul_010",0.304442155992952
"istanbul_038",0.332612826544407
"istanbul_023",0.238865479576927
"istanbul_039",0.169860458773018
"istanbul_025",0.282292152643816
"istanbul_028",0.433603652175343
"istanbul_027",0.277732705965702
"istanbul_034",0.265670002522149
"istanbul_029",0.398054546120866
"istanbul_003",0.195466186485403
"istanbul_037",0.32389571251079
"istanbul_016",0.63425626384576
"istanbul_011",0.640914039542871
"istanbul_036",0.367113238034518
"istanbul_031",0.662421971154567
"telaviv_045",0.135157875553322
"telaviv_047",0.217107600091996
"telaviv_046",0.185631657598686
"telaviv_049",0.192248528345033
"telaviv_048",0.198076956764737
"telaviv_050",0.18785170742735
"telaviv_051",0.197394349695365
"telaviv_014",0.232945635239508
"telaviv_015",0.276110964254367
"telaviv_007",0.284338748912654
"telaviv_008",0.285631265299969
"telaviv_002",0.22656649752688
"telaviv_001",0.220544095388676
"telaviv_004",0.198472473879231
"telaviv_009",0.281161485951647
"telaviv_003",0.102068225908985
"telaviv_005",0.208306330796352
"telaviv_010",0.279343062541497
"telaviv_011",0.20998716772755
"telaviv_012",0.197423753750142
"telaviv_013",0.330796060812459
"telaviv_016",0.309806376223299
"telaviv_018",0.213779958637904
"telaviv_019",0.273650388865015
"telaviv_026",0.234527434042869
"telaviv_027",0.286159414728563
"telaviv_028",0.12060615925911
"telaviv_025",0.233942832494222
"telaviv_017",0.238378881868258
"telaviv_022",0.23391155467295
"telaviv_020",0.174695793154764
"telaviv_021",0.241625330445568
"telaviv_023",0.306059994796521
"telaviv_024",0.274575598088406
"telaviv_070",0.239325339458316
"telaviv_060",0.291983256927291
"telaviv_069",0.203038925527451
"telaviv_059",0.181563340030468
"telaviv_061",0.221119670357409
"telaviv_062",0.199349693951742
"telaviv_058",0.133293480475759
"telaviv_068",0.208323072565231
"telaviv_067",0.18861703344709
"telaviv_063",0.175081370413817
"telaviv_065",0.220043001429739
"telaviv_064",0.199768258750293
"telaviv_066",0.274315353984712
"telaviv_071",0.22034676659154
"telaviv_054",0.135196078056954
"telaviv_056",0.188114171625911
"telaviv_043",0.0688839076172104
"telaviv_053",0.098602044506085
"telaviv_037",0.12800512633778
"telaviv_041",0.076560053907626
"telaviv_040",0.146026540634762
"telaviv_031",0.152113891433072
"telaviv_035",0.200635890354261
"telaviv_030",0.161948377539719
"telaviv_034",0.199243342259704
"telaviv_036",0.1841420920942
"telaviv_057",0.139396792334604
"telaviv_032",0.24093960520468
"telaviv_006",0.216678746329865
"telaviv_033",0.226506771170562
"telaviv_029",0.0922024644009246
"telaviv_038",0.0776216127969749
"telaviv_039",0.142151767080479
"telaviv_042",0.107452885712095
"telaviv_052",0.0602225912348723
"telaviv_055",0.243446903859027
"telaviv_044",0.112478570379866
"Johannesburg_1",0.327263919154495
"Johannesburg_2",0.306857551622317
"Johannesburg_3",0.311892803846846
"Johannesburg_6",0.413353965918326
"Johannesburg_23",0.450761619649031
"Johannesburg_125",0.363393554912228
"Johannesburg_122",0.420219375311797
"Johannesburg_119",0.409021997318149
"Johannesburg_24",0.33268540290634
"Johannesburg_18",0.330707553537897
"Johannesburg_54",0.369937357062198
"Johannesburg_55",0.3290638833594
"Johannesburg_124",0.216704939560327
"Johannesburg_68",0.257124530713009
"Johannesburg_58",0.293131360467243
"Johannesburg_29",0.243359500769761
"Johannesburg_27",0.184047032678361
"Johannesburg_26",0.234662225734211
"Johannesburg_28",0.231924159684983
"Johannesburg_25",0.301220809339505
"Johannesburg_30",0.216794474909754
"Johannesburg_31",0.204878058460937
"Johannesburg_70",0.364238899200248
"Johannesburg_39",0.261903658725225
"Johannesburg_40",0.250859077668252
"Johannesburg_82",0.312967528165029
"Johannesburg_86",0.385209928461845
"Johannesburg_88",0.468814451968578
"Johannesburg_89",0.40944034760747
"Johannesburg_85",0.403461790588362
"Johannesburg_126",0.421856914796485
"Johannesburg_98",0.441850999987301
"Johannesburg_99",0.453743310285502
"Johannesburg_117",0.456332920656253
"Johannesburg_102",0.423874097135696
"Johannesburg_90",0.447271474545531
"Johannesburg_87",0.473197619058084
"Johannesburg_69",0.339326509968849
"Johannesburg_60",0.208114598608759
"Johannesburg_67",0.395422018304262
"Johannesburg_59",0.18349439046313
"Johannesburg_123",0.168757734678216
"Johannesburg_63",0.12524125813126
"Johannesburg_62",0.144825520750576
"Johannesburg_64",0.289770057923925
"Johannesburg_66",0.381963482444959
"Johannesburg_73",0.43688481059403
"Johannesburg_74",0.434403578842965
"Johannesburg_91",0.358631722675908
"Johannesburg_103",0.429432635568256
"Johannesburg_108",0.125940191832136
"Johannesburg_107",0.123288961399485
"Johannesburg_81",0.426563133831772
"Johannesburg_75",0.175693789015593
"Johannesburg_76",0.138592045603784
"Johannesburg_116",0.111033157935351
"Johannesburg_105",0.231715737626571
"Johannesburg_72",0.48975488150446
"Johannesburg_118",0.377345090406524
"Johannesburg_65",0.225681928340114
"Johannesburg_57",0.296027313765655
"Johannesburg_61",0.188995862149648
"Johannesburg_56",0.342918880103798
"Johannesburg_32",0.419961980514033
"Johannesburg_77",0.213517922828436
"Johannesburg_78",0.193603234552639
"Johannesburg_111",0.254641640250122
"Johannesburg_79",0.203177048473271
"Johannesburg_110",0.384070883150899
"Johannesburg_80",0.24833991946723
"Johannesburg_93",0.397415487404635
"Johannesburg_112",0.420811044891216
"Johannesburg_92",0.403429977583826
"Johannesburg_94",0.429257732137009
"Johannesburg_113",0.365498248484123
"Johannesburg_96",0.41398918890649
"Johannesburg_106",0.417959049210476
"Johannesburg_109",0.377352513477701
"Johannesburg_115",0.39196758641427
"Johannesburg_104",0.42834278040901
"Johannesburg_101",0.418450137097611
"Johannesburg_97",0.412749592097374
"Johannesburg_114",0.424545250519538
"Johannesburg_100",0.346190021900638
"Johannesburg_95",0.219222975163598
"Johannesburg_71",0.362788273962961
"Johannesburg_83",0.413790610101722
"Johannesburg_127",0.37206335823942
"Johannesburg_84",0.361741397120915
"Johannesburg_41",0.225957240287875
"Johannesburg_43",0.226790734968606
"Johannesburg_42",0.220131520219213
"Johannesburg_38",0.30897701646318
"Johannesburg_45",0.218968270913278
"Johannesburg_36",0.288058815434599
"Johannesburg_47",0.224116781035027
"Johannesburg_44",0.277783055578077
"Johannesburg_49",0.262293541704125
"Johannesburg_129",0.290917759635305
"Johannesburg_48",0.249581588454157
"Johannesburg_46",0.291306500770418
"Johannesburg_34",0.284791425623547
"Johannesburg_51",0.240676995945435
"Johannesburg_52",0.226634206794408
"Johannesburg_128",0.303206436429108
"Johannesburg_53",0.308322301986922
"Johannesburg_50",0.284725867842582
"Johannesburg_130",0.231171546380868
"Johannesburg_20",0.230130999688037
"Johannesburg_14",0.296477769803962
"Johannesburg_13",0.255642999288491
"Johannesburg_10",0.327279442120422
"Johannesburg_9",0.352152680163231
"Johannesburg_8",0.340766137374112
"Johannesburg_11",0.327975828257479
"Johannesburg_12",0.226456969258149
"Johannesburg_19",0.298410652347445
"Johannesburg_16",0.256702345561442
"Johannesburg_15",0.204054280006878
"Johannesburg_21",0.241290826500842
"Johannesburg_33",0.262401484776081
"Johannesburg_35",0.24596107710025
"Johannesburg_37",0.301216024696529
"Johannesburg_22",0.284242046866363
"Johannesburg_17",0.315613341880923
"Johannesburg_120",0.381571014579191
"Johannesburg_121",0.387809886250141
"Johannesburg_7",0.385836894050705
"Johannesburg_4",0.322264524113952
"Johannesburg_5",0.366860863874011
"jakarta_005",0.221075931928853
"jakarta_001",0.219772077761682
"jakarta_021",0.171490069712563
"jakarta_018",0.180763304087904
"jakarta_008",0.215770459611839
"jakarta_023",0.346559635013099
"jakarta_006",0.401026282471403
"jakarta_011",0.377247322936333
"jakarta_031",0.310175658840993
"jakarta_007",0.309716845924009
"jakarta_022",0.234780944576857
"jakarta_030",0.309663207638023
"jakarta_004",0.32005139052621
"jakarta_016",0.261068024981488
"jakarta_033",0.295234899307351
"jakarta_020",0.242381956495094
"jakarta_017",0.159848463604418
"jakarta_015",0.24151361704703
"jakarta_040",0.223086727831253
"jakarta_037",0.218580540352907
"jakarta_024",0.229788846222403
"jakarta_029",0.241361249577876
"jakarta_012",0.181775418011671
"jakarta_042",0.189400215293293
"jakarta_026",0.202610506743825
"jakarta_009",0.160411483131227
"jakarta_036",0.138958276739675
"jakarta_013",0.117345429388458
"jakarta_002",0.164030150506634
"jakarta_025",0.145974879212536
"jakarta_034",0.168934096250719
"jakarta_019",0.123668362447464
"jakarta_041",0.150013584516587
"jakarta_027",0.162081030553962
"jakarta_035",0.130472269844924
"jakarta_038",0.1107213007029
"jakarta_039",0.0935909545103187
"jakarta_010",0.111591120595565
"jakarta_032",0.186313317098488
"jakarta_003",0.144014704014556
"jakarta_028",0.169324629824252
"jakarta_014",0.191745006573298
"bangkok_017",0.299388043457807
"bangkok_039",0.358287936304447
"bangkok_004",0.345548401716436
"bangkok_024",0.310584569666137
"bangkok_044",0.404926192458971
"bangkok_045",0.408196853634537
"bangkok_029",0.386454447349682
"bangkok_003",0.369428480237217
"bangkok_031",0.347725662456335
"bangkok_015",0.344054212471659
"bangkok_001",0.366559320007217
"bangkok_012",0.277443083650797
"bangkok_046",0.215047988766401
"bangkok_037",0.285277108450495
"bangkok_005",0.196019461243591
"bangkok_022",0.189645187970325
"bangkok_050",0.189897948335717
"bangkok_042",0.223295095147766
"bangkok_009",0.166822473582089
"bangkok_030",0.230976667268772
"bangkok_040",0.116238349055434
"bangkok_034",0.173831145529134
"bangkok_011",0.291862568108052
"bangkok_035",0.165516426211143
"bangkok_038",0.198385777373239
"bangkok_018",0.267945084310548
"bangkok_032",0.249439150547336
"bangkok_008",0.255672029582671
"bangkok_010",0.278994795529204
"bangkok_014",0.27947321871142
"bangkok_016",0.196114140431893
"bangkok_019",0.278230619532921
"bangkok_026",0.29400513231145
"bangkok_002",0.296655120975252
"bangkok_049",0.263073360903621
"bangkok_043",0.301173472756151
"bangkok_048",0.262944199201191
"bangkok_023",0.185505923196133
"bangkok_033",0.266018144303182
"bangkok_007",0.261870841992313
"bangkok_047",0.36006112166806
"bangkok_006",0.24203629052491
"hochiminh_001",0.441658733966101
"hochiminh_007",0.43956147153904
"hochiminh_004",0.517979524403448
"bangkok_036",0.342122863667678
"bangkok_025",0.350477104747166
"bangkok_041",0.351150046801342
"bangkok_013",0.313130951880296
"bangkok_020",0.35313126611291
"bangkok_021",0.402131458084713
"bangkok_027",0.359221765900286
"bangkok_028",0.368592139227719
"hochiminh_012",0.369757429028128
"hochiminh_024",0.308822138472031
"hochiminh_021",0.36472852297983
"hochiminh_005",0.457663757440701
"hochiminh_014",0.303886190716918
"hochiminh_019",0.210783779976824
"hochiminh_008",0.281023148562148
"hochiminh_002",0.219990633568001
"hochiminh_006",0.227310934157323
"hochiminh_013",0.193530278021315
"hochiminh_009",0.160056915470365
"hochiminh_015",0.156226794100155
"hochiminh_022",0.25158688344413
"hochiminh_023",0.202908065316465
"hochiminh_003",0.319497829953981
"hochiminh_018",0.149002743608383
"hochiminh_020",0.242446759177656
"hochiminh_017",0.152388842264402
"hochiminh_011",0.151791885069523
"hochiminh_010",0.179267977610753
"hochiminh_016",0.106100255023546
"singapore_034",0.137354888159015
"singapore_032",0.124625902931429
"singapore_009",0.13882001386855
"singapore_010",0.154739824318209
"singapore_008",0.185473537360811
"singapore_014",0.233683685748844
"singapore_012",0.354523300436462
"singapore_033",0.30016143777279
"singapore_015",0.437704270259767
"singapore_019",0.214395350017175
"singapore_038",0.303449787124277
"singapore_031",0.251124703093969
"singapore_027",0.271096488876038
"singapore_055",0.275991419517222
"singapore_043",0.342513904416694
"singapore_048",0.226642208903802
"singapore_013",0.280705552133604
"singapore_023",0.294078305081218
"singapore_037",0.257984654238489
"singapore_017",0.256349244818144
"singapore_002",0.369700568114462
"singapore_021",0.281968970444481
"singapore_007",0.213197548662319
"singapore_036",0.25366972366073
"singapore_018",0.280023046151893
"singapore_030",0.267641026604185
"singapore_022",0.263932165141127
"singapore_001",0.242097000607304
"singapore_020",0.341366876303908
"singapore_050",0.212144702065438
"singapore_051",0.192476309912469
"singapore_049",0.226776047344819
"singapore_047",0.214849259341749
"singapore_029",0.207073244548889
"singapore_052",0.256871220710711
"singapore_045",0.274340129989995
"singapore_054",0.232218938055297
"singapore_004",0.144102882137107
"singapore_046",0.0953690539886516
"singapore_024",0.130611143076146
"singapore_003",0.177515337767229
"singapore_011",0.218229767477993
"singapore_005",0.110147422347483
"singapore_042",0.221846594578686
"singapore_028",0.275832492406916
"singapore_040",0.215277235769531
"singapore_016",0.199895942081619
"singapore_044",0.239983369715454
"singapore_039",0.262569340625182
"singapore_053",0.151771066857033
"singapore_025",0.189785709226565
"singapore_035",0.287687585694847
"singapore_006",0.329023503294534
"singapore_041",0.313834471555518
"singapore_026",0.264144565524415
"manila_014",0.190653762240847
"manila_001",0.210319204668512
"manila_017",0.149271510575778
"manila_009",0.075381662117169
"manila_004",0.132944758238542
"manila_006",0.0832971994644086
"manila_015",0.0824208321454687
"manila_007",0.180406816840794
"manila_012",0.138660783086672
"manila_005",0.0994702085099389
"manila_016",0.208788651948466
"manila_003",0.144902803441779
"manila_013",0.147571449993582
"manila_011",0.118113519941391
"manila_010",0.139827654406403
"manila_002",0.170894966198292
"manila_008",0.216565369248472
"seoul_005",0.15082797724649
"seoul_008",0.0853427158608919
"seoul_009",0.107923528550957
"seoul_010",0.141812556565366
"seoul_014",0.20724531502717
"seoul_025",0.152051762703432
"seoul_013",0.157115255933777
"seoul_012",0.0918468073601525
"seoul_023",0.0736049925196463
"seoul_011",0.121970158385845
"seoul_007",0.0540857076084973
"seoul_006",0.0879409583813877
"seoul_004",0.183514817254518
"seoul_003",0.155957368735399
"seoul_024",0.090494411482076
"seoul_018",0.145445851579158
"seoul_022",0.0739607175923521
"seoul_020",0.0673401918418992
"seoul_002",0.200139982831046
"seoul_021",0.0950404700407594
"seoul_001",0.221280496371567
"seoul_015",0.213847522590531
"seoul_016",0.212675120599615
"seoul_019",0.150500206217461
"seoul_017",0.23326945370394
"beijing_005",0.306926490211841
"beijing_009",0.38238117960712
"beijing_003",0.193863944822672
"beijing_006",0.181098764303292
"beijing_012",0.255467912890216
"beijing_007",0.229305515686748
"beijing_004",0.153826915573082
"beijing_015",0.139626864397733
"beijing_002",0.167947758387296
"beijing_001",0.316680518529214
"beijing_016",0.358819785628794
"beijing_008",0.34920434825257
"beijing_013",0.220874208102096
"beijing_014",0.2177545647881
"beijing_010",0.329923668596156
"beijing_011",0.331516291224022
"delhi_001",0.226936911831482
"delhi_009",0.255937392560119
"delhi_005",0.298484188396561
"delhi_008",0.220703109739983
"delhi_006",0.199062877214835
"delhi_004",0.179395930564615
"delhi_003",0.151236221877261
"delhi_002",0.223950421902676
"delhi_007",0.181840552031956
"bangalore_184",0.387901861939509
"bangalore_059",0.352128016889529
"bangalore_096",0.320085468942441
"bangalore_077",0.293886546751695
"bangalore_016",0.266648612723916
"bangalore_093",0.304426372367741
"bangalore_153",0.326687250958078
"bangalore_072",0.304609087310167
"bangalore_012",0.225343440066015
"bangalore_040",0.28541678233908
"bangalore_053",0.246383643013678
"bangalore_190",0.274302452313651
"bangalore_001",0.216016813623904
"bangalore_191",0.223255760823914
"bangalore_020",0.304297825199997
"bangalore_028",0.285784386303862
"bangalore_138",0.282080362626865
"bangalore_060",0.288064947824457
"bangalore_044",0.271448665757639
"bangalore_126",0.273033818055063
"bangalore_019",0.320214417550645
"bangalore_171",0.282616899267163
"bangalore_123",0.224358164947562
"bangalore_076",0.267989190281391
"bangalore_003",0.392033889366914
"bangalore_109",0.293122941496892
"bangalore_089",0.262574658979705
"bangalore_045",0.243213585258218
"bangalore_165",0.259656426205404
"bangalore_166",0.268786638083669
"bangalore_183",0.204050433139236
"bangalore_139",0.176775754570203
"bangalore_002",0.306571745535885
"bangalore_047",0.188765225764517
"bangalore_110",0.290452396175772
"bangalore_116",0.221210311579594
"bangalore_176",0.212649521103104
"bangalore_119",0.167674843776462
"bangalore_058",0.12362839524142
"bangalore_081",0.250052427081835
"bangalore_071",0.164263171297223
"bangalore_024",0.196612368579257
"bangalore_018",0.314782831567456
"bangalore_022",0.263837788747921
"bangalore_006",0.276619383209732
"bangalore_025",0.209136639585352
"bangalore_088",0.193318828812771
"bangalore_078",0.225427156744718
"bangalore_143",0.273517091860409
"bangalore_162",0.277965567060176
"bangalore_160",0.225681724385777
"bangalore_147",0.242178973430977
"bangalore_084",0.240865299942318
"bangalore_108",0.236189803665261
"bangalore_056",0.296701152096378
"bangalore_005",0.307950128676419
"bangalore_186",0.274682239342536
"bangalore_197",0.198953593533963
"bangalore_112",0.223602291794685
"bangalore_013",0.199943371648093
"bangalore_100",0.219820662040944
"bangalore_050",0.228823451397627
"bangalore_142",0.21962726628166
"bangalore_195",0.218935150239791
"bangalore_015",0.217184792335
"bangalore_187",0.192354846744181
"bangalore_178",0.219219346752551
"bangalore_063",0.252500732466737
"bangalore_087",0.288508720094064
"bangalore_192",0.274819691229692
"bangalore_027",0.219011277514385
"bangalore_070",0.204564948063032
"bangalore_170",0.209456816282035
"bangalore_177",0.169741440125689
"bangalore_158",0.31358999780263
"bangalore_041",0.153606615686569
"bangalore_092",0.186339594035791
"bangalore_030",0.208587765872826
"bangalore_029",0.227134453811111
"bangalore_023",0.161757553246438
"bangalore_035",0.175148551464185
"bangalore_174",0.226348538911508
"bangalore_140",0.223634128288913
"bangalore_031",0.109076171594455
"bangalore_049",0.221792098415611
"bangalore_185",0.30756654076989
"bangalore_037",0.146505432105817
"bangalore_054",0.170519086498127
"bangalore_036",0.190009461748344
"bangalore_095",0.246472302198708
"bangalore_122",0.281523188974107
"bangalore_007",0.34427949254827
"bangalore_151",0.233811377722318
"bangalore_086",0.298071310350805
"bangalore_052",0.29001567390666
"bangalore_085",0.218755473830597
"bangalore_039",0.306935254195012
"bangalore_154",0.236012224849235
"bangalore_156",0.301282643237167
"bangalore_146",0.269409903236514
"bangalore_168",0.135538176733921
"bangalore_021",0.189446083694895
"bangalore_061",0.246046492785332
"bangalore_075",0.278912905776163
"bangalore_161",0.32873641618847
"bangalore_091",0.184699916760974
"bangalore_129",0.281362056593025
"bangalore_099",0.16983863270478
"bangalore_094",0.222459264944104
"bangalore_118",0.201229627912855
"bangalore_064",0.263362457736425
"bangalore_097",0.158415391220073
"bangalore_157",0.232206785190417
"bangalore_113",0.138850312495478
"bangalore_132",0.155011155568244
"bangalore_102",0.216485066320922
"bangalore_135",0.191124322287257
"bangalore_193",0.177829355519437
"bangalore_180",0.258336521690422
"bangalore_026",0.294984417900867
"bangalore_107",0.318361400199543
"bangalore_051",0.288600881657603
"bangalore_065",0.222496098827656
"bangalore_124",0.177646320053188
"bangalore_159",0.258580761934621
"bangalore_148",0.258070717648364
"bangalore_130",0.203399666353983
"bangalore_043",0.352036309804681
"bangalore_188",0.326993211590873
"bangalore_196",0.310317542332812
"bangalore_082",0.303426750539808
"bangalore_105",0.301460052736695
"bangalore_034",0.33345967048954
"bangalore_009",0.29715250687536
"bangalore_114",0.360407320302604
"bangalore_083",0.32098037862578
"bangalore_167",0.334447559125372
"bangalore_121",0.223446623565173
"bangalore_011",0.270343554501953
"bangalore_067",0.336800891792435
"bangalore_106",0.315844073421833
"bangalore_042",0.299483817017199
"bangalore_181",0.298470724343308
"bangalore_068",0.279770653074172
"bangalore_090",0.311008833561177
"bangalore_111",0.247584324040902
"bangalore_066",0.187518279900273
"bangalore_149",0.221238664447667
"bangalore_144",0.23625410643385
"bangalore_033",0.283047324514947
"bangalore_179",0.192466739074188
"bangalore_115",0.17936637818115
"bangalore_117",0.233158378348238
"bangalore_136",0.237259680660528
"bangalore_120",0.179144112559054
"bangalore_125",0.213975531124749
"bangalore_069",0.257061668083854
"bangalore_079",0.248095208716793
"bangalore_198",0.198592826893007
"bangalore_133",0.235723247937423
"bangalore_175",0.186315868654366
"bangalore_145",0.204329566877606
"bangalore_173",0.201720653385786
"bangalore_150",0.21920556621682
"bangalore_169",0.198239931420264
"bangalore_017",0.221289959104909
"bangalore_004",0.205979534883106
"bangalore_163",0.169332052141237
"bangalore_164",0.183566581246813
"bangalore_194",0.168767220729166
"bangalore_103",0.214880916510487
"bangalore_098",0.21659177451686
"bangalore_057",0.199266213260778
"bangalore_127",0.191524734398483
"bangalore_131",0.202749549731356
"bangalore_128",0.190965690302874
"bangalore_134",0.254777166650457
"bangalore_008",0.197426121669184
"bangalore_189",0.172542725833841
"bangalore_073",0.193319694323037
"bangalore_062",0.208724393148209
"bangalore_141",0.118765198435144
"bangalore_155",0.197916394789496
"bangalore_046",0.198399976654414
"bangalore_104",0.126174338237394
"bangalore_080",0.19072819053254
"bangalore_010",0.192223944927083
"bangalore_014",0.148815175656768
"bangalore_048",0.183811789900869
"bangalore_172",0.172095485895295
"bangalore_038",0.190605154747059
"bangalore_055",0.21344262074426
"bangalore_101",0.17153548728336
"bangalore_032",0.168908213909281
"bangalore_074",0.204671166819178
"bangalore_152",0.324865526111186
"bangalore_182",0.31322734876934
"bangalore_137",0.287903535829642
"copenhagen_007",0.408166587985764
"copenhagen_006",0.355595247952122
"copenhagen_005",0.360980542484435
"copenhagen_008",0.393474666916314
"copenhagen_003",0.273616616851501
"copenhagen_002",0.241568951776176
"copenhagen_001",0.227101160170538
"copenhagen_009",0.283099645088632
"copenhagen_004",0.242393155091086
"copenhagen_010",0.388025948560763
"berlin_012",0.454205120965989
"berlin_004",0.41453551064077
"berlin_011",0.383474674021423
"berlin_006",0.40773533828233
"berlin_010",0.451920974301817
"berlin_003",0.38982697993035
"berlin_007",0.471785473056735
"berlin_002",0.305337835874733
"berlin_005",0.330713624256182
"berlin_001",0.462109618234628
"berlin_008",0.496936038147984
"berlin_009",0.473038374161117
"amsterdam_041",0.290875404026713
"amsterdam_039",0.305231079016616
"amsterdam_045",0.281237164294786
"amsterdam_046",0.164016754604648
"amsterdam_044",0.135572295725171
"amsterdam_061",0.175783672519812
"amsterdam_047",0.168993666500581
"amsterdam_051",0.131424953701097
"amsterdam_055",0.201969644273446
"amsterdam_052",0.172847411640182
"amsterdam_053",0.150340730915617
"amsterdam_021",0.0867586651765199
"amsterdam_054",0.145443956338572
"amsterdam_022",0.132475104820593
"amsterdam_019",0.145789604175064
"amsterdam_020",0.107755485297273
"amsterdam_018",0.112279414727223
"amsterdam_031",0.134068504143886
"amsterdam_030",0.123469006658752
"amsterdam_029",0.176020198632322
"amsterdam_043",0.236979677423812
"amsterdam_042",0.252203614044672
"amsterdam_038",0.292326326323865
"amsterdam_034",0.312097789396674
"amsterdam_026",0.210508128463732
"amsterdam_033",0.1964376151127
"amsterdam_032",0.327659389608613
"amsterdam_024",0.20755719591691
"amsterdam_023",0.319797105636787
"amsterdam_025",0.226840529207718
"amsterdam_028",0.232464521495278
"amsterdam_027",0.185459907136383
"amsterdam_015",0.19433453928846
"amsterdam_017",0.144717397268903
"amsterdam_016",0.149292263163
"amsterdam_014",0.186652794480249
"amsterdam_013",0.238672553403152
"amsterdam_012",0.139031406159369
"amsterdam_011",0.213526091696007
"amsterdam_089",0.130782724395504
"amsterdam_083",0.192000654635661
"amsterdam_084",0.234813694079091
"amsterdam_036",0.485780165120527
"amsterdam_037",0.388393593308869
"amsterdam_035",0.256063398108219
"amsterdam_040",0.303215220524073
"amsterdam_085",0.374586219642318
"amsterdam_006",0.0762051938768453
"amsterdam_088",0.310889051463487
"amsterdam_078",0.180614140521386
"amsterdam_079",0.193626659849941
"amsterdam_090",0.152928696239485
"amsterdam_082",0.27137659076254
"amsterdam_081",0.203361853599458
"amsterdam_092",0.230283553560928
"amsterdam_087",0.192534738405783
"amsterdam_091",0.417582482140201
"amsterdam_086",0.22190305072144
"amsterdam_080",0.120451202345257
"amsterdam_069",0.0940885314848648
"amsterdam_010",0.102208897129821
"amsterdam_009",0.109812180522682
"amsterdam_065",0.0949446653999523
"amsterdam_067",0.0964285876545602
"amsterdam_068",0.142974465108154
"amsterdam_070",0.200583524940125
"amsterdam_075",0.162859294961465
"amsterdam_076",0.26575925452302
"amsterdam_074",0.189536057910091
"amsterdam_066",0.0928107684249637
"amsterdam_064",0.124137464318729
"amsterdam_077",0.205782696130867
"amsterdam_059",0.171848371976804
"amsterdam_058",0.171566206133099
"amsterdam_063",0.0620360246168484
"amsterdam_050",0.133667370682983
"amsterdam_049",0.133380126452821
"amsterdam_057",0.174501808335947
"amsterdam_048",0.0965241417302467
"amsterdam_008",0.0914842035594806
"amsterdam_004",0.115122609320069
"amsterdam_005",0.0933004244715505
"amsterdam_002",0.0676079985313355
"amsterdam_001",0.0660014207990414
"amsterdam_003",0.112101783287401
"amsterdam_007",0.122695668029858
"amsterdam_056",0.155160672652757
"amsterdam_060",0.219423023053445
"amsterdam_062",0.120396228349673
"amsterdam_093",0.164580851877177
"amsterdam_097",0.192424645954979
"amsterdam_094",0.175360976678007
"amsterdam_095",0.181088846508574
"amsterdam_099",0.23762430470709
"amsterdam_096",0.234605470108641
"amsterdam_098",0.203916987398339
"amsterdam_073",0.0860082525261516
"amsterdam_072",0.0930828045868778
"amsterdam_071",0.101927315935549
"london_031",0.372504257904543
"london_026",0.386072494098682
"london_016",0.41770032818051
"london_001",0.309475777992481
"london_025",0.269541157140597
"london_030",0.237576024398447
"london_011",0.397663036200439
"london_023",0.393733611285213
"london_003",0.394042292051907
"london_005",0.51238562654973
"london_008",0.481455042293007
"paris_012",0.276276079101806
"paris_016",0.336778775238281
"paris_019",0.187916884394245
"paris_018",0.129092553351202
"paris_020",0.173815243517384
"paris_011",0.113020321222646
"paris_010",0.0807557541868089
"paris_003",0.0624676680066543
"paris_004",0.0877644344827409
"paris_002",0.0531278657141665
"paris_009",0.0629802723589567
"paris_001",0.109615176344302
"paris_006",0.103816057775437
"paris_007",0.138707852235523
"paris_008",0.0971623922143511
"paris_017",0.149250148582319
"paris_015",0.150160104701939
"paris_014",0.186314887956911
"paris_013",0.165594643605657
"paris_005",0.147495150211062
"london_021",0.408073811827393
"london_029",0.428921408839571
"london_028",0.357207809997627
"london_022",0.338739480302123
"london_007",0.09236534564526
"london_032",0.348001061121853
"london_033",0.251599648091215
"london_006",0.340774228790277
"london_020",0.270435126221858
"london_013",0.284761565803632
"london_024",0.376054443315049
"london_027",0.405830813203252
"london_018",0.37045784134821
"london_009",0.368086553693252
"london_004",0.349284198570467
"london_002",0.428219703070184
"london_015",0.428812044945224
"london_017",0.395920218171935
"london_010",0.400230444416774
"london_014",0.368757435031681
"london_019",0.284352973665924
"london_012",0.315559429392829
"montreal_13",0.2383616362059
"montreal_27",0.145314215403976
"montreal_2",0.212474645616971
"montreal_5",0.176375926772444
"montreal_17",0.0801710646107632
"montreal_7",0.208828090095119
"montreal_33",0.301086518141218
"montreal_3",0.292895021012806
"montreal_28",0.412759800053515
"montreal_4",0.200024008283014
"montreal_24",0.218150272466977
"montreal_34",0.585495974738022
"montreal_22",0.341293825139647
"montreal_25",0.368509816757683
"montreal_29",0.294917733859903
"montreal_15",0.25764504493248
"montreal_1",0.267929934255852
"montreal_19",0.190264369769894
"montreal_11",0.256200122411781
"montreal_14",0.224000888756025
"montreal_6",0.181836086009389
"montreal_18",0.136417688845916
"montreal_9",0.188988637161721
"montreal_16",0.189039027894992
"montreal_10",0.227517590650607
"montreal_12",0.276283317929032
"montreal_8",0.269917236958428
"montreal_32",0.13073946876699
"montreal_31",0.418146861809226
"montreal_20",0.294689002262874
"montreal_21",0.13957889074274
"montreal_26",0.331492618641915
"montreal_23",0.302707173603636
"montreal_30",0.164648614471322
"vancouver_039",0.344428821883973
"vancouver_040",0.306221351247485
"vancouver_041",0.300031883389652
"vancouver_042",0.245810314482317
"vancouver_035",0.286919746012823
"vancouver_034",0.137888216428916
"vancouver_030",0.113804007325701
"vancouver_106",0.217216896257587
"vancouver_033",0.27123603861807
"vancouver_036",0.295978958125242
"vancouver_037",0.325571321669875
"vancouver_038",0.311787220880501
"vancouver_043",0.286518744161152
"vancouver_044",0.343764231802932
"vancouver_071",0.327131928025741
"vancouver_047",0.283513423165731
"vancouver_046",0.182805220570417
"vancouver_045",0.331641237783375
"vancouver_090",0.291191190258037
"vancouver_073",0.330266892842575
"vancouver_077",0.277586315831283
"vancouver_068",0.333477131398947
"vancouver_078",0.298580575861433
"vancouver_066",0.258998409407874
"vancouver_049",0.148839065070237
"vancouver_022",0.139624746149665
"vancouver_023",0.153618043418635
"vancouver_029",0.159223451467004
"vancouver_104",0.209391159616208
"vancouver_024",0.125452344060238
"vancouver_015",0.266609069931764
"vancouver_014",0.199546292532011
"vancouver_012",0.228453861084786
"vancouver_013",0.326602459861204
"vancouver_011",0.327590194760767
"vancouver_018",0.340192954237109
"vancouver_017",0.340734476885699
"vancouver_019",0.299758442112331
"vancouver_016",0.312955681598442
"vancouver_020",0.267547978767783
"vancouver_021",0.293831113433804
"vancouver_050",0.276797109659872
"vancouver_051",0.281107114661369
"vancouver_052",0.30373790727525
"vancouver_055",0.36544806031263
"vancouver_054",0.34774798305671
"vancouver_059",0.397773960943239
"vancouver_056",0.455094804096772
"vancouver_058",0.408173264610109
"vancouver_086",0.468319791322332
"vancouver_057",0.442356927380803
"vancouver_085",0.407889384808387
"vancouver_084",0.3913715864854
"vancouver_088",0.459218153110658
"vancouver_087",0.484585013996071
"vancouver_114",0.502662215268518
"vancouver_113",0.52006160079552
"vancouver_116",0.476762010845809
"vancouver_115",0.474274198125923
"vancouver_112",0.442925714228122
"vancouver_082",0.394760373938757
"vancouver_083",0.447538719690415
"vancouver_067",0.473916911542418
"vancouver_111",0.363105672592134
"vancouver_091",0.395794742283499
"vancouver_089",0.450267726973898
"vancouver_081",0.353642534597936
"vancouver_092",0.336212849048653
"vancouver_060",0.359203844518729
"vancouver_053",0.338354501233486
"vancouver_061",0.297372501656995
"vancouver_063",0.224404323783862
"vancouver_062",0.300595735517907
"vancouver_064",0.258629816402634
"vancouver_048",0.290888835587196
"vancouver_097",0.227016235407715
"vancouver_027",0.209957244148919
"vancouver_026",0.174488648685092
"vancouver_025",0.166367174881461
"vancouver_065",0.327045394547967
"vancouver_079",0.384370472929034
"vancouver_080",0.282874281092803
"vancouver_076",0.255547163681056
"vancouver_075",0.290776194483916
"vancouver_074",0.280378101432159
"vancouver_093",0.283595565843045
"vancouver_107",0.295793605076579
"vancouver_108",0.298598527108622
"vancouver_031",0.284680448105677
"vancouver_103",0.294733029885253
"vancouver_094",0.286686563800627
"vancouver_096",0.29770592879745
"vancouver_101",0.28201114852142
"vancouver_032",0.302551109700905
"vancouver_003",0.458502843402141
"vancouver_002",0.401517232080592
"vancouver_004",0.303840587517557
"vancouver_105",0.27680086853086
"vancouver_005",0.345865981676344
"vancouver_007",0.231902671599674
"vancouver_006",0.310371087190508
"vancouver_109",0.372610730137006
"vancouver_009",0.206973975566132
"vancouver_008",0.256881868379146
"vancouver_117",0.358890156906187
"vancouver_110",0.414068460269807
"vancouver_118",0.360951348517178
"vancouver_010",0.17143628284266
"vancouver_001",0.403307945707708
"vancouver_102",0.320636840445829
"vancouver_100",0.243806546413691
"vancouver_028",0.276838967647287
"vancouver_098",0.23640681840721
"vancouver_099",0.263317141382573
"vancouver_095",0.258985232830102
"vancouver_072",0.327863120603543
"vancouver_070",0.262971651917248
"vancouver_069",0.280777084068241
"tokyo_011",0.191072365045875
"tokyo_009",0.173063602817344
"tokyo_008",0.175068540379583
"tokyo_023",0.167789157798536
"tokyo_022",0.189714989845339
"tokyo_021",0.195220479456844
"tokyo_007",0.138268762808038
"tokyo_002",0.109757944101192
"tokyo_006",0.146341827862004
"tokyo_003",0.205318362958825
"tokyo_010",0.209841812501
"tokyo_013",0.226870989149675
"tokyo_001",0.224875987598845
"tokyo_005",0.214073098853703
"tokyo_004",0.202043288032016
"tokyo_016",0.173301552780881
"tokyo_014",0.19699607430155
"tokyo_017",0.205760987106234
"tokyo_018",0.159749201546206
"tokyo_019",0.202767774400249
"tokyo_020",0.218530939684668
"tokyo_015",0.230696377400594
"tokyo_012",0.245499422352335
"melbourne_83",0.278772593177679
"melbourne_84",0.314853423711264
"melbourne_85",0.38912292692422
"melbourne_81",0.355725360231183
"melbourne_82",0.335109206087299
"melbourne_56",0.318767316443002
"melbourne_54",0.361021391728837
"melbourne_57",0.309261477871347
"melbourne_53",0.294784479510892
"melbourne_58",0.31759032237213
"melbourne_61",0.303370995363071
"melbourne_60",0.296721789144249
"melbourne_63",0.277408199534785
"melbourne_59",0.310504777939911
"melbourne_42",0.320330564211342
"melbourne_46",0.302459983377437
"melbourne_62",0.294219135091363
"melbourne_45",0.332552460537804
"melbourne_64",0.336871663009341
"melbourne_43",0.327276665402049
"melbourne_44",0.301367681442104
"melbourne_51",0.350034023970963
"melbourne_49",0.314856567135173
"melbourne_50",0.374261063847317
"melbourne_48",0.260648834085447
"melbourne_93",0.273580707256524
"melbourne_92",0.230770479002292
"melbourne_31",0.214580074731945
"melbourne_34",0.2593005873274
"melbourne_47",0.264176933987199
"melbourne_40",0.155072333549008
"melbourne_35",0.178416242114921
"melbourne_33",0.185954235678069
"melbourne_15",0.239901571541002
"melbourne_22",0.252834724953229
"melbourne_21",0.269901709569326
"melbourne_24",0.201419463153282
"melbourne_28",0.127600168028217
"melbourne_18",0.0887295100064088
"melbourne_38",0.127185390840722
"melbourne_13",0.174278076951866
"melbourne_20",0.278534216393377
"melbourne_37",0.098993728353485
"melbourne_41",0.311448804730563
"melbourne_39",0.195542821376308
"melbourne_36",0.22216555972706
"melbourne_1",0.163967711809749
"melbourne_2",0.207986402447893
"melbourne_7",0.241484296454863
"melbourne_6",0.238292245034148
"melbourne_8",0.23885020086662
"melbourne_4",0.237547600451149
"melbourne_52",0.330836187861226
"melbourne_55",0.291384239633315
"melbourne_5",0.257786315201734
"melbourne_10",0.267050759952061
"melbourne_12",0.224271588272221
"melbourne_9",0.246959387103268
"melbourne_3",0.209588146472417
"melbourne_11",0.227571808540308
"melbourne_17",0.184025263482501
"melbourne_16",0.300217541632121
"melbourne_23",0.045009711193545
"melbourne_19",0.142495926968064
"melbourne_14",0.0523985486668362
"melbourne_27",0.11198585088658
"melbourne_26",0.170181679475152
"melbourne_29",0.173563321485165
"melbourne_32",0.151470423467289
"melbourne_30",0.185069004746115
"melbourne_73",0.266611071202156
"melbourne_75",0.23416825213624
"melbourne_25",0.232391000520566
"melbourne_66",0.268516341205613
"melbourne_74",0.261883707463601
"melbourne_67",0.317105773782145
"melbourne_78",0.263310604798404
"melbourne_71",0.289079679750112
"melbourne_80",0.308624173569292
"melbourne_89",0.268871646284088
"melbourne_72",0.245027781094882
"melbourne_77",0.265997622181874
"melbourne_76",0.248163569992006
"melbourne_79",0.267699379465579
"melbourne_86",0.256599093749669
"melbourne_68",0.288338386431304
"melbourne_65",0.347215226034201
"melbourne_88",0.280377328303773
"melbourne_91",0.305102609218967
"melbourne_90",0.33901781459463
"melbourne_87",0.341236060818243
"melbourne_70",0.304461390364325
"melbourne_69",0.276085038870967
"losangeles_001",0.277252224705975
"losangeles_002",0.266559680196699
"losangeles_006",0.235791285369353
"losangeles_005",0.24832024548361
"losangeles_007",0.338065236502435
"losangeles_003",0.31231360690005
"losangeles_004",0.229572510155578
"losangeles_009",0.431087298778876
"losangeles_008",0.30686300610687
"losangeles_022",0.126476096736505
"losangeles_020",0.18859787248908
"losangeles_019",0.225351638340963
"losangeles_018",0.194380747558859
"losangeles_011",0.245173850331864
"losangeles_013",0.1315390571641
"losangeles_012",0.238377312521349
"losangeles_010",0.28781187931094
"losangeles_014",0.232736769771294
"losangeles_015",0.281674295664169
"losangeles_016",0.119517465392998
"losangeles_017",0.144990517585529
"losangeles_021",0.186682704322711
"mexico_014",0.395221070545879
"mexico_005",0.46019159013276
"mexico_001",0.363226749696609
"mexico_010",0.485796364798491
"mexico_004",0.220797033904822
"mexico_016",0.345070997767501
"mexico_009",0.128259920591283
"mexico_013",0.25088069889008
"mexico_012",0.43439678643507
"mexico_007",0.165896607896806
"mexico_002",0.139028903034684
"mexico_011",0.255099431975232
"mexico_006",0.128269423616303
"mexico_015",0.124595132741078
"mexico_008",0.123189315746891
"mexico_003",0.160071833630922
"chicago_30",0.313868512782981
"chicago_59",0.338285484475282
"chicago_73",0.367422473418077
"chicago_61",0.336699868623754
"chicago_45",0.375855834033146
"chicago_46",0.364408508558713
"chicago_67",0.320371183707817
"chicago_9",0.428778677066422
"chicago_3",0.302743786613938
"chicago_4",0.290508214548669
"chicago_14",0.299739488679478
"chicago_12",0.3017995244539
"chicago_58",0.315645795920633
"chicago_13",0.306535938770065
"chicago_63",0.265898278689431
"chicago_20",0.293453761748146
"chicago_62",0.306279935754454
"chicago_65",0.29294467301815
"chicago_76",0.341964422727039
"chicago_6",0.312885048530621
"chicago_29",0.288674198944462
"chicago_33",0.31928505383921
"chicago_68",0.356516019439281
"chicago_36",0.330437686304954
"chicago_28",0.281584837663078
"chicago_47",0.138713044363646
"chicago_41",0.163513651871987
"chicago_48",0.224618320219527
"chicago_17",0.30400598257929
"chicago_55",0.322920628528389
"chicago_2",0.16205000474076
"chicago_10",0.180201673919451
"chicago_50",0.234889158199963
"chicago_25",0.203968638244081
"chicago_43",0.206215412354256
"chicago_42",0.13810617780578
"chicago_49",0.167546538683661
"chicago_75",0.196196582199897
"chicago_19",0.272967862485941
"chicago_32",0.229987301004125
"chicago_52",0.270299499887617
"chicago_64",0.209840325462158
"chicago_11",0.185629905883372
"chicago_26",0.240474048338083
"chicago_15",0.306969759431767
"chicago_70",0.338714512355926
"chicago_23",0.339468385617155
"chicago_72",0.241972126986358
"chicago_16",0.228149736213159
"chicago_27",0.252313163902654
"chicago_69",0.266585043352192
"chicago_1",0.156582848455689
"chicago_71",0.251648976781944
"chicago_5",0.283238682119524
"chicago_56",0.278487198213605
"chicago_22",0.324892008016015
"chicago_54",0.334470705641185
"chicago_24",0.442275218972835
"chicago_35",0.298514545979619
"chicago_18",0.308663007156583
"chicago_44",0.282065591214962
"chicago_8",0.242358763359699
"chicago_57",0.270316894004229
"chicago_77",0.254572259990691
"chicago_34",0.270012809577633
"chicago_53",0.378831923619208
"chicago_31",0.237036043313466
"chicago_7",0.200066604314986
"chicago_40",0.215414836239132
"chicago_39",0.313922673600902
"chicago_74",0.30548833755218
"chicago_60",0.238386750633787
"chicago_21",0.242361927469039
"chicago_66",0.292134865024633
"chicago_51",0.248794959133955
"chicago_37",0.22943543254162
"chicago_38",0.242189051030644
"detroit_047",0.307328035123687
"detroit_046",0.28992869135841
"detroit_249",0.371482394813898
"detroit_059",0.368716401720019
"detroit_045",0.27170191384792
"detroit_044",0.312429475411144
"detroit_234",0.317383736088311
"detroit_048",0.29613667909258
"detroit_042",0.314970133227425
"detroit_040",0.313953105939139
"detroit_049",0.278964912125915
"detroit_175",0.298644814251038
"detroit_222",0.248285466790082
"detroit_177",0.186494867680441
"detroit_176",0.246435459006579
"detroit_153",0.256259004216329
"detroit_174",0.292126228743027
"detroit_251",0.254555489258921
"detroit_173",0.243603256008815
"detroit_160",0.216770948927063
"detroit_161",0.24182463356871
"detroit_233",0.234605360171648
"detroit_206",0.240951595651752
"detroit_162",0.242976378177304
"detroit_158",0.250777811289498
"detroit_164",0.227200687130691
"detroit_165",0.191290994768867
"detroit_166",0.243805168951177
"detroit_258",0.21324215431621
"detroit_167",0.198982482527443
"detroit_169",0.293508573655901
"detroit_171",0.29114851564012
"detroit_172",0.261994392437943
"detroit_170",0.296763904510026
"detroit_242",0.328596110125405
"detroit_039",0.372303904598827
"detroit_168",0.22097661592546
"detroit_178",0.270818630837198
"detroit_038",0.336026806438399
"detroit_037",0.308128020689961
"detroit_179",0.290530724759138
"detroit_180",0.271251557489209
"detroit_033",0.387304309389477
"detroit_032",0.335544479553011
"detroit_036",0.383334889618881
"detroit_043",0.312958996923523
"detroit_041",0.323001234440321
"detroit_035",0.202588360102041
"detroit_060",0.23075748176842
"detroit_064",0.226871539918399
"detroit_063",0.263246111837362
"detroit_061",0.312517252838566
"detroit_154",0.356289488445296
"detroit_058",0.332196437515992
"detroit_062",0.312584276363161
"detroit_257",0.29426506486397
"detroit_052",0.341964579591817
"detroit_053",0.217250371145716
"detroit_057",0.28015919757702
"detroit_054",0.265159530393001
"detroit_051",0.363675561254471
"detroit_050",0.309835440608458
"detroit_034",0.304509392494634
"detroit_275",0.279899405201991
"detroit_290",0.326299434622873
"detroit_294",0.264206165484416
"detroit_276",0.272736948734022
"detroit_232",0.300622311031617
"detroit_273",0.29353933128051
"detroit_256",0.314157320466379
"detroit_277",0.313113703764236
"detroit_246",0.351759587981441
"detroit_224",0.315225140745346
"detroit_270",0.352307295100971
"detroit_274",0.333007628620604
"detroit_289",0.28133633557493
"detroit_269",0.320637106758672
"detroit_283",0.279343885398761
"detroit_288",0.231924368544989
"detroit_284",0.257511891994052
"detroit_285",0.205171976084359
"detroit_287",0.204271228422132
"detroit_291",0.222224185495048
"detroit_293",0.237402869261199
"detroit_292",0.186282104690239
"detroit_163",0.205797841844436
"detroit_286",0.183660305204783
"detroit_279",0.201269491859005
"detroit_156",0.209102280823364
"detroit_157",0.223110856904903
"detroit_278",0.251800503613911
"detroit_280",0.226807535485241
"detroit_155",0.296743818335002
"detroit_115",0.24730772634709
"detroit_297",0.466535246924229
"detroit_114",0.290094487926336
"detroit_116",0.241250566312881
"detroit_281",0.285416295663097
"detroit_282",0.273188852986883
"detroit_250",0.278241926655111
"detroit_238",0.276407497402684
"detroit_124",0.304563538301805
"detroit_118",0.301002942518068
"detroit_123",0.297069649084486
"detroit_184",0.330765658910413
"detroit_197",0.308056822082901
"detroit_271",0.262430774773019
"detroit_272",0.285381044154957
"detroit_239",0.282843860153766
"detroit_152",0.258499651159446
"detroit_196",0.310068168013025
"detroit_194",0.345373264728816
"detroit_119",0.360988572541341
"detroit_027",0.159410629762727
"detroit_195",0.355501870302981
"detroit_098",0.367140306944446
"detroit_099",0.343822237800934
"detroit_193",0.330246465595221
"detroit_014",0.38391872406154
"detroit_122",0.308185525867227
"detroit_120",0.34787116705204
"detroit_121",0.371180512636776
"detroit_231",0.345198122958293
"detroit_185",0.325932081268158
"detroit_189",0.334468814568438
"detroit_191",0.363468531274076
"detroit_188",0.399057145790669
"detroit_192",0.397729968832801
"detroit_100",0.38824926607488
"detroit_144",0.370383061881061
"detroit_095",0.371851573396845
"detroit_148",0.325867892676517
"detroit_031",0.275718508161916
"detroit_229",0.304725664619244
"detroit_066",0.311646664357806
"detroit_028",0.223837776682951
"detroit_187",0.309754018854728
"detroit_254",0.332593748047772
"detroit_186",0.402980235798726
"detroit_253",0.355916797560568
"detroit_142",0.299786362459299
"detroit_030",0.349727258739958
"detroit_259",0.373135730520654
"detroit_105",0.339954700347928
"detroit_107",0.336838207207226
"detroit_092",0.395241076971458
"detroit_109",0.310384322493491
"detroit_108",0.317604767769021
"detroit_016",0.34295350552662
"detroit_237",0.369550090365432
"detroit_093",0.3830495652515
"detroit_009",0.373080682399442
"detroit_094",0.359939811745988
"detroit_262",0.372096588037663
"detroit_106",0.276270684478189
"detroit_295",0.373743036629958
"detroit_296",0.378312798199079
"detroit_159",0.250567198363393
"detroit_263",0.229414547059409
"detroit_083",0.30156555038702
"detroit_084",0.297757293530273
"detroit_081",0.28045814917618
"detroit_080",0.28887772027268
"detroit_068",0.374210941779613
"detroit_247",0.396461093875699
"detroit_079",0.439242537753448
"detroit_071",0.384531433041611
"detroit_070",0.388492810657953
"detroit_004",0.394973162145568
"detroit_082",0.380097592699918
"detroit_078",0.347279665295965
"detroit_006",0.295878795234652
"detroit_085",0.290611011517551
"detroit_086",0.315527813760732
"detroit_007",0.363158960975511
"detroit_087",0.38206176386637
"detroit_091",0.365593831313224
"detroit_088",0.381297454897922
"detroit_089",0.299093666786691
"detroit_090",0.392872074738421
"detroit_110",0.288867107037974
"detroit_111",0.352327256920257
"detroit_140",0.205646696033674
"detroit_141",0.304835455917344
"detroit_205",0.268416131755619
"detroit_026",0.156214452109854
"detroit_213",0.211853812211542
"detroit_214",0.271887322348559
"detroit_228",0.21693687941822
"detroit_227",0.291986501281362
"detroit_240",0.181076299138912
"detroit_012",0.194610959497958
"detroit_001",0.253920221274625
"detroit_204",0.224854692351736
"detroit_002",0.220070582299196
"detroit_202",0.0800752227106213
"detroit_200",0.312581802472438
"detroit_212",0.374523075964907
"detroit_210",0.345233846890507
"detroit_211",0.391592436688755
"detroit_024",0.324536257161349
"detroit_236",0.374073985523786
"detroit_008",0.374130183561709
"detroit_010",0.386789386350779
"detroit_011",0.415032391052809
"detroit_221",0.333701418254352
"detroit_198",0.3547004663008
"detroit_260",0.342584642894166
"detroit_203",0.409918779922592
"detroit_199",0.353984571279148
"detroit_065",0.278557198085025
"detroit_025",0.0876407237876781
"detroit_245",0.342228565017659
"detroit_020",0.425731812499335
"detroit_241",0.349225743862645
"detroit_029",0.246002390352529
"detroit_023",0.20257389564255
"detroit_021",0.470691605338496
"detroit_022",0.428727273380015
"detroit_019",0.405045365159467
"detroit_268",0.397220305666136
"detroit_209",0.408274400079774
"detroit_018",0.366575083915542
"detroit_005",0.338249766224599
"detroit_077",0.388572048759733
"detroit_076",0.412234868181813
"detroit_072",0.392675868047853
"detroit_075",0.404522227858685
"detroit_015",0.476337577586092
"detroit_143",0.378930953314342
"detroit_074",0.403729767396385
"detroit_243",0.410709113582515
"detroit_073",0.406291211266545
"detroit_136",0.377002161474403
"detroit_137",0.382497131308814
"detroit_138",0.356252983963924
"detroit_183",0.392404800713649
"detroit_255",0.40326780096165
"detroit_244",0.386770911031906
"detroit_017",0.165457032513694
"detroit_219",0.408714382164666
"detroit_264",0.374885187180285
"detroit_267",0.381829913699811
"detroit_003",0.271243231310302
"detroit_266",0.184728943160122
"detroit_265",0.43543966277404
"detroit_261",0.388954608997927
"detroit_220",0.388253696093209
"detroit_139",0.362108260707055
"detroit_182",0.382656426841059
"detroit_151",0.392947504616119
"detroit_181",0.410554560023259
"detroit_133",0.416961088759399
"detroit_126",0.388222973162713
"detroit_129",0.398122164687206
"detroit_134",0.378959825682711
"detroit_135",0.388233952322991
"detroit_128",0.402277335882998
"detroit_127",0.393201489654336
"detroit_132",0.402698928958555
"detroit_131",0.385623246409875
"detroit_069",0.35120197172643
"detroit_067",0.338458007445021
"detroit_130",0.35614152729057
"detroit_201",0.29529647986704
"detroit_216",0.0799317596507333
"detroit_215",0.122832599971992
"detroit_217",0.147514726200493
"detroit_226",0.217629133523307
"detroit_218",0.202027146586492
"detroit_013",0.204198499179469
"detroit_097",0.321848664478271
"detroit_096",0.337741029931724
"detroit_125",0.245008894059204
"detroit_223",0.340972971292139
"detroit_150",0.40008497923965
"detroit_235",0.319505854084824
"detroit_252",0.308861431116192
"detroit_146",0.339062317211535
"detroit_145",0.241560652941461
"detroit_225",0.272814540350447
"detroit_248",0.313205067867697
"detroit_102",0.380037189288302
"detroit_103",0.291634908939294
"detroit_207",0.296999821225079
"detroit_147",0.207194565108628
"detroit_149",0.326362707529727
"detroit_230",0.329036866394771
"detroit_104",0.247705141142783
"detroit_112",0.252703185699362
"detroit_113",0.291290228106207
"detroit_117",0.216159824013541
"detroit_190",0.185805122073611
"detroit_101",0.173606410838057
"detroit_055",0.223350019200547
"detroit_208",0.263971400114015
"detroit_056",0.313906715019532
"atlanta_120",0.406770774647633
"atlanta_018",0.457366281536922
"atlanta_001",0.415325045143911
"atlanta_013",0.206154128126764
"atlanta_105",0.431769664625924
"atlanta_108",0.451328568399105
"atlanta_008",0.449129654770476
"atlanta_077",0.370735945438346
"atlanta_083",0.443700774249394
"atlanta_089",0.451897439260248
"atlanta_084",0.429280634846001
"atlanta_020",0.420645344894646
"atlanta_081",0.401547038148511
"atlanta_082",0.362946532009197
"atlanta_038",0.339103894869663
"atlanta_037",0.357085277971109
"atlanta_055",0.412411670416565
"atlanta_025",0.439846851089556
"atlanta_104",0.403796732150692
"atlanta_118",0.405891353937176
"atlanta_026",0.51541425221426
"atlanta_024",0.455619924438239
"atlanta_101",0.346009923288722
"atlanta_069",0.357415692532532
"atlanta_126",0.375147641803441
"atlanta_064",0.325461626140873
"atlanta_027",0.423783390562782
"atlanta_074",0.394042203510085
"atlanta_070",0.416182981033665
"atlanta_125",0.355809775458196
"atlanta_014",0.410305566062525
"atlanta_028",0.524463405036993
"atlanta_045",0.520884211036882
"atlanta_079",0.453447228989378
"atlanta_068",0.333746720272956
"atlanta_065",0.293640118171108
"atlanta_114",0.27625484715467
"atlanta_050",0.256656491418716
"atlanta_066",0.305639235560666
"atlanta_109",0.297949595114808
"atlanta_106",0.401311310287509
"atlanta_067",0.510820484015954
"atlanta_075",0.449147002411243
"atlanta_049",0.401467468727837
"atlanta_012",0.264304026957626
"atlanta_052",0.392247861532961
"atlanta_041",0.301233434191224
"atlanta_048",0.44133633208959
"atlanta_034",0.449006902740164
"atlanta_060",0.450906087597136
"atlanta_103",0.354428816974741
"atlanta_035",0.22540380431198
"atlanta_112",0.285505475086174
"atlanta_040",0.136357715690863
"atlanta_097",0.238377362403802
"atlanta_029",0.182664621065131
"atlanta_005",0.149179986828101
"atlanta_036",0.189991386829845
"atlanta_039",0.268847589169674
"atlanta_053",0.324770023876182
"atlanta_051",0.233827740835038
"atlanta_056",0.40768452537538
"atlanta_063",0.389469282596037
"atlanta_054",0.299439650320493
"atlanta_078",0.270931304932052
"atlanta_094",0.392091024459144
"atlanta_116",0.277801999052585
"atlanta_095",0.297137299216559
"atlanta_091",0.338421542418733
"atlanta_092",0.369042587822111
"atlanta_093",0.385816055222014
"atlanta_121",0.500525142839834
"atlanta_122",0.440339549582335
"atlanta_090",0.353926431155202
"atlanta_073",0.355119902028778
"atlanta_123",0.347289484919592
"atlanta_009",0.300512419271569
"atlanta_107",0.206212132561409
"atlanta_007",0.146856932508117
"atlanta_006",0.39618863877564
"atlanta_110",0.408418566931761
"atlanta_129",0.28697673710689
"atlanta_010",0.193738605168708
"atlanta_085",0.238901587811171
"atlanta_096",0.156383574815901
"atlanta_135",0.260425257451325
"atlanta_115",0.227745177569608
"atlanta_086",0.260226239993101
"atlanta_030",0.402573160332071
"atlanta_061",0.482539294554904
"atlanta_087",0.393109825256304
"atlanta_072",0.349944522782788
"atlanta_117",0.499716463818757
"atlanta_019",0.549201573938617
"atlanta_004",0.536697611011226
"atlanta_111",0.464804939440021
"atlanta_011",0.379446746470594
"atlanta_102",0.554384591610002
"atlanta_100",0.543353015200674
"atlanta_119",0.540982294501216
"atlanta_130",0.444553382761197
"atlanta_002",0.343012210737848
"atlanta_003",0.356501196791197
"atlanta_127",0.47396074946993
"atlanta_128",0.254914618010957
"atlanta_133",0.352328128240171
"atlanta_132",0.505776224447443
"atlanta_131",0.3664367005619
"atlanta_099",0.464448883130229
"atlanta_124",0.472200484232706
"atlanta_088",0.425349287178667
"atlanta_021",0.52474061445709
"atlanta_022",0.48535465001563
"atlanta_080",0.429685376089304
"atlanta_023",0.467087640979571
"atlanta_098",0.504304567099549
"atlanta_134",0.516337396264904
"atlanta_113",0.526091941020937
"atlanta_032",0.37060452221739
"atlanta_057",0.44236752707585
"atlanta_062",0.495928694675681
"atlanta_071",0.393311066827612
"atlanta_058",0.483054528850812
"atlanta_059",0.494817296024793
"atlanta_047",0.492097436571985
"atlanta_042",0.47642137740152
"atlanta_033",0.500337203886931
"atlanta_043",0.428193118528832
"atlanta_044",0.507821664505152
"atlanta_031",0.50286597991714
"atlanta_017",0.499846146317579
"atlanta_015",0.511377022987085
"atlanta_046",0.475603697222306
"atlanta_076",0.544940854849761
"atlanta_016",0.459287121155255
"newyork_021",0.397192103297333
"newyork_055",0.273224944025747
"newyork_032",0.27955250279105
"newyork_039",0.194218658308143
"newyork_041",0.19791635889121
"newyork_040",0.121231267955971
"newyork_038",0.217917884040547
"newyork_037",0.173246815434825
"newyork_036",0.231734802696551
"newyork_035",0.20265756606614
"newyork_022",0.397004592498033
"newyork_023",0.335224457261789
"newyork_020",0.134230554977333
"newyork_017",0.0897525329879665
"newyork_016",0.318562056914682
"newyork_015",0.154084899743999
"newyork_014",0.208167013109896
"newyork_042",0.16388949676372
"newyork_050",0.163482965931709
"newyork_018",0.125997244434906
"newyork_024",0.114063477697029
"newyork_025",0.173417229830644
"newyork_019",0.159250502340242
"newyork_027",0.180262797131629
"newyork_028",0.229861435052268
"newyork_029",0.179379924978968
"newyork_034",0.155325870455696
"newyork_033",0.168266691820871
"newyork_026",0.187338391375989
"newyork_030",0.174556396099122
"newyork_051",0.25684811859843
"newyork_031",0.229775935864073
"newyork_054",0.233398329297184
"newyork_052",0.2596647803168
"newyork_049",0.235747072862988
"newyork_048",0.214749535554799
"newyork_043",0.161035118062927
"newyork_044",0.269402662615616
"newyork_045",0.362327947178513
"newyork_047",0.322848269415704
"newyork_053",0.245847663879868
"newyork_046",0.260671140970039
"newyork_003",0.302373818233176
"newyork_009",0.211858868787179
"newyork_004",0.221635540158479
"newyork_002",0.3308583308546
"newyork_001",0.31820951665838
"newyork_006",0.18901401148344
"newyork_005",0.277381317856471
"newyork_007",0.15229317768185
"newyork_011",0.236005133996101
"newyork_008",0.153043077231174
"newyork_013",0.15920990779847
"newyork_010",0.14936499483912
"newyork_012",0.222628293270477
"boston_151",0.329858674032502
"boston_153",0.223774112710261
"boston_47",0.277214525161927
"boston_46",0.42909695438092
"boston_51",0.174699979421973
"boston_95",0.0998530588176497
"boston_48",0.23321633087627
"boston_91",0.163066752769237
"boston_168",0.12954433026798
"boston_165",0.162905131377819
"boston_169",0.139651036981427
"boston_167",0.13249326391713
"boston_166",0.238579192591135
"boston_171",0.202747628098369
"boston_90",0.195895541970078
"boston_170",0.158513793004546
"boston_157",0.144435057197351
"boston_174",0.126489194796509
"boston_50",0.10626860471179
"boston_154",0.0966113962064692
"boston_121",0.083236616031882
"boston_49",0.135137433876551
"boston_58",0.109405852185124
"boston_59",0.168642287266081
"boston_127",0.10868867955818
"boston_96",0.203065349394591
"boston_126",0.178295306389854
"boston_130",0.125850693594339
"boston_97",0.182023575539638
"boston_67",0.320734138389964
"boston_60",0.183593461379332
"boston_131",0.197338426509128
"boston_129",0.167283168143874
"boston_68",0.331881821780199
"boston_3",0.154628651104117
"boston_172",0.236675275329274
"boston_173",0.237027380390223
"boston_12",0.164128447733089
"boston_64",0.178532899271706
"boston_134",0.241870285310199
"boston_18",0.329602495300304
"boston_115",0.316508848436414
"boston_114",0.286570010002301
"boston_99",0.290844102395391
"boston_98",0.289910072728135
"boston_17",0.337368834342661
"boston_101",0.351783886678284
"boston_113",0.302037290529794
"boston_57",0.277571939440526
"boston_9",0.29397768760171
"boston_100",0.24826039976604
"boston_32",0.399543703885694
"boston_31",0.355393041568615
"boston_37",0.314271072046237
"boston_119",0.261168405042751
"boston_69",0.227274299442544
"boston_103",0.158485098744273
"boston_15",0.15433057895897
"boston_161",0.273497825766826
"boston_16",0.263276441425124
"boston_52",0.146846408531802
"boston_40",0.225387738294829
"boston_14",0.182940388324417
"boston_116",0.30660448749163
"boston_53",0.289017412540022
"boston_42",0.204299737858611
"boston_13",0.307918334720612
"boston_135",0.199894571595719
"boston_36",0.213529332869534
"boston_34",0.170942394537455
"boston_33",0.160201998185316
"boston_72",0.210428895046192
"boston_35",0.161471171423779
"boston_71",0.120798435560055
"boston_180",0.177653947202616
"boston_179",0.179222294860415
"boston_132",0.17146997049004
"boston_73",0.165467216899721
"boston_74",0.139943372192218
"boston_63",0.188573276696057
"boston_65",0.217223073286481
"boston_8",0.139133530876113
"boston_10",0.179883701084915
"boston_11",0.186122045158303
"boston_5",0.154794729901935
"boston_158",0.170252435411097
"boston_56",0.215484348518921
"boston_7",0.164120969172741
"boston_6",0.2193190523667
"boston_55",0.183976140746947
"boston_62",0.120718442633082
"boston_61",0.10486170158071
"boston_4",0.149416585116105
"boston_109",0.132503910053501
"boston_112",0.103519114230439
"boston_110",0.137310012616808
"boston_2",0.146684310859871
"boston_1",0.135686958042094
"boston_108",0.129794550614823
"boston_111",0.132452126132419
"boston_80",0.108723034923532
"boston_79",0.121317143950842
"boston_76",0.181680746034004
"boston_75",0.153597146279062
"boston_133",0.121214540302503
"boston_77",0.171570442260318
"boston_177",0.209670997738295
"boston_178",0.213447912484366
"boston_175",0.21944270200379
"boston_78",0.186470661367163
"boston_176",0.20639213344989
"boston_148",0.113474706351473
"boston_144",0.182857014486345
"boston_145",0.239161166155486
"boston_136",0.0908889938252611
"boston_122",0.0834963480764926
"boston_143",0.139688005112763
"boston_140",0.185138106558332
"boston_139",0.253218012510878
"boston_141",0.18508922851309
"boston_142",0.144424103511313
"boston_137",0.219394458221481
"boston_150",0.230308866152894
"boston_107",0.234724871233136
"boston_66",0.271839952335125
"boston_124",0.160092453305409
"boston_123",0.207233118379837
"boston_125",0.196580336769351
"boston_128",0.0864035100796343
"boston_120",0.0847311427220744
"boston_92",0.178053806643364
"boston_155",0.182426694409491
"boston_149",0.159829830263603
"boston_156",0.171211899086795
"boston_152",0.174120979056177
"boston_106",0.228558713773358
"boston_105",0.24822040959984
"boston_104",0.298969801919406
"boston_25",0.235812101280799
"boston_24",0.314762451496875
"boston_27",0.246390613927665
"boston_45",0.302166929184036
"boston_26",0.198387677516047
"boston_84",0.211444086123342
"boston_83",0.165896360977321
"boston_85",0.187322503724565
"boston_86",0.195092153084926
"boston_88",0.214921319299475
"boston_89",0.189875970590989
"boston_138",0.200263402109994
"boston_87",0.202908349881177
"boston_146",0.22112312380704
"boston_147",0.174209239612191
"boston_162",0.174645822559477
"boston_82",0.179738408286378
"boston_163",0.171185965824802
"boston_164",0.162493548822248
"boston_81",0.235314076399577
"boston_28",0.243056386492645
"boston_70",0.241148645554803
"boston_43",0.277243556829662
"boston_41",0.238534037084081
"boston_44",0.309322657793183
"boston_21",0.318709998638978
"boston_22",0.390489595999578
"boston_23",0.358930134796371
"boston_118",0.487721801739858
"boston_20",0.283324360961569
"boston_117",0.328062958777357
"boston_19",0.279081573992457
"boston_160",0.297043101086398
"boston_159",0.299610693813256
"boston_54",0.337614077902991
"boston_38",0.270303907307392
"boston_39",0.357944622394514
"boston_30",0.39126896493761
"boston_93",0.378001698928478
"boston_102",0.421956268737326
"boston_94",0.399996516398954
"boston_29",0.34289775885018
"lima_001",0.0318417536062998
"lima_024",0.00380894786615622
"lima_027",0.0406253551819183
"lima_026",0.036456058254281
"lima_019",0.0280229968944299
"lima_023",0.0364275779780105
"lima_008",0.0662645874541539
"lima_029",0.0148627205578782
"lima_038",0.00585463237251893
"lima_007",0.00565655914718118
"lima_040",0.00677293726414129
"lima_003",0.00344828829916141
"lima_022",0.0017374271298209
"lima_033",0.00441388926740865
"lima_043",0.000997721638887887
"lima_042",0.00469598439362382
"lima_013",0.0233528444275103
"lima_002",0.0359105054132908
"lima_018",0.0696590534107781
"lima_006",0.0720800095855424
"lima_010",0.00122853853422116
"lima_037",0.00721943993483455
"lima_032",0.0298917288112324
"lima_015",-0.0150174586334698
"lima_034",-0.00271112659292518
"lima_014",-0.0174614013972714
"lima_030",-0.00592610857043455
"lima_031",0.00171701368619487
"lima_041",0.000883729753073914
"lima_020",0.00558248824727687
"lima_012",-0.00398260905519709
"lima_016",-0.00152506291526548
"lima_028",-0.0221728738146086
"lima_004",-0.0157194498907328
"lima_021",0.0025236183134879
"lima_036",0.00571274725366493
"lima_035",0.00331106869312104
"lima_017",0.00818266260084259
"lima_009",0.0105340292160994
"lima_011",-0.00941117454735203
"lima_005",0.0507967636425312
"lima_025",0.0147117544601937
"lima_039",0.00542025616861729
"saopaulo_052",0.621196457416546
"saopaulo_056",0.50426918258892
"saopaulo_030",0.394996430702272
"saopaulo_069",0.177758213193698
"saopaulo_059",0.275705435962387
"saopaulo_027",0.296149665936647
"saopaulo_037",0.189473610553389
"saopaulo_022",0.166462608882137
"saopaulo_016",0.222590041380013
"saopaulo_023",0.286149070250726
"saopaulo_042",0.352498098602738
"saopaulo_045",0.228848022212317
"saopaulo_081",0.204269206337902
"saopaulo_072",0.224926489938324
"saopaulo_015",0.193206174512994
"saopaulo_034",0.156432891631785
"saopaulo_053",0.206847958096065
"saopaulo_055",0.269515288974805
"saopaulo_085",0.304590466144324
"saopaulo_017",0.224061957339474
"saopaulo_019",0.208433617394728
"saopaulo_096",0.247868512571708
"saopaulo_066",0.280388237733756
"saopaulo_068",0.218140307114449
"saopaulo_012",0.261514174193036
"saopaulo_040",0.204052001497662
"saopaulo_002",0.280396775434982
"saopaulo_090",0.182980713129942
"saopaulo_048",0.16478821030222
"saopaulo_063",0.190242115029645
"saopaulo_044",0.196131061247026
"saopaulo_026",0.196932983002641
"saopaulo_061",0.187647870479568
"saopaulo_006",0.165470278528857
"saopaulo_070",0.113997076243487
"saopaulo_009",0.131825034998599
"saopaulo_021",0.173269274173773
"saopaulo_071",0.210555884590533
"saopaulo_067",0.122477122511672
"saopaulo_007",0.165340861186133
"saopaulo_080",0.108641656933346
"saopaulo_057",0.120611535486691
"saopaulo_088",0.114589038865127
"saopaulo_094",0.14411568762904
"saopaulo_091",0.140980406300739
"saopaulo_008",0.13312448182015
"saopaulo_010",0.0791997908873702
"saopaulo_014",0.122580067113234
"saopaulo_049",0.136663481817801
"saopaulo_054",0.116900036974042
"saopaulo_033",0.145144100828651
"saopaulo_092",0.16889414747571
"saopaulo_079",0.15658525485462
"saopaulo_095",0.151567719866202
"saopaulo_001",0.127818555973947
"saopaulo_087",0.158717173545013
"saopaulo_074",0.138923616187243
"saopaulo_078",0.149377736531508
"saopaulo_004",0.129721412800884
"saopaulo_020",0.133672739612332
"saopaulo_093",0.153917618173431
"saopaulo_024",0.205770374415628
"saopaulo_060",0.168890636893809
"saopaulo_065",0.16677687437929
"saopaulo_018",0.302429415465441
"saopaulo_082",0.134865870677297
"saopaulo_038",0.204866673583873
"saopaulo_028",0.269009487021714
"saopaulo_005",0.18009128000143
"saopaulo_089",0.200943592476709
"saopaulo_036",0.186976556815313
"saopaulo_076",0.234783578187578
"saopaulo_043",0.25656518943554
"saopaulo_035",0.195855001315694
"saopaulo_086",0.195332050711383
"saopaulo_047",0.210784763820618
"saopaulo_046",0.336424802560185
"saopaulo_031",0.269300723373643
"saopaulo_025",0.289330564435032
"saopaulo_032",0.348580009907892
"saopaulo_058",0.37873277723856
"saopaulo_075",0.178343684502889
"saopaulo_077",0.274194779890417
"saopaulo_003",0.432346500993176
"saopaulo_062",0.4362904347034
"saopaulo_013",0.426099427813822
"saopaulo_011",0.404288641146293
"saopaulo_051",0.441057824926756
"saopaulo_083",0.445072640209152
"saopaulo_084",0.236719905376377
"saopaulo_029",0.190249319496886
"saopaulo_050",0.151897441906216
"saopaulo_064",0.309730479266919
"saopaulo_039",0.203572017416373
"saopaulo_073",0.2550740362875
"saopaulo_041",0.383209224570189
