"nbhd_code","Prec_all"
"casablanca_025",1.46044758330064
"casablanca_011",1.45189854633733
"casablanca_012",1.44744395747556
"casablanca_031",1.48136961519839
"casablanca_019",1.55272790405021
"casablanca_016",1.54632347327403
"casablanca_002",1.56612504229097
"casablanca_014",1.56216905058604
"casablanca_022",1.56123632082617
"casablanca_005",1.55653986277389
"casablanca_015",1.53967425898021
"casablanca_021",1.48983922522608
"casablanca_026",1.57208378798146
"casablanca_027",1.57603704929352
"casablanca_009",1.57411409753218
"casablanca_010",1.55936880577377
"casablanca_006",1.55360269546509
"casablanca_033",1.56909997394389
"casablanca_008",1.5537077903791
"casablanca_023",1.5614686377007
"casablanca_018",1.57056288336389
"casablanca_032",1.56797463875201
"casablanca_030",1.63057559485532
"casablanca_034",1.606253552706
"casablanca_001",1.58061270291148
"casablanca_013",1.62307619994197
"casablanca_003",1.58911990199006
"casablanca_029",1.57604387858331
"casablanca_004",1.56157223905293
"casablanca_017",1.55480688425458
"casablanca_028",1.56270631406845
"casablanca_020",1.56210286178674
"casablanca_024",1.5627361536026
"casablanca_007",1.54086318336501
"barcelona_22",1.72832280090138
"barcelona_39",1.79731559753418
"barcelona_40",1.79731559753418
"barcelona_43",1.74640228320785
"barcelona_28",1.79676088771053
"barcelona_41",1.77606265062749
"barcelona_38",1.78483384376427
"barcelona_29",1.78438889341899
"barcelona_25",1.79700240605911
"barcelona_27",1.79567985297198
"barcelona_26",1.67818469618476
"barcelona_24",1.68065512409199
"barcelona_23",1.73700202991653
"barcelona_21",1.62645563686583
"barcelona_20",1.62500286102295
"barcelona_19",1.62500286102295
"barcelona_18",1.62500286102295
"barcelona_8",1.74744750113597
"barcelona_9",1.68042380535455
"barcelona_15",1.62500286102295
"barcelona_14",1.62540624863312
"barcelona_16",1.62500286102295
"barcelona_17",1.62500286102295
"barcelona_13",1.62500286102295
"barcelona_11",1.74785329017161
"barcelona_12",1.63974877711643
"barcelona_1",1.7707781791687
"barcelona_2",1.7707781791687
"barcelona_3",1.7707781791687
"barcelona_10",1.77067655397623
"barcelona_7",1.76786966854374
"barcelona_31",1.72923122439755
"barcelona_30",1.72225163232569
"barcelona_37",1.71754449224946
"barcelona_32",1.71726512908936
"barcelona_34",1.71726512908936
"barcelona_36",1.71726512908936
"barcelona_33",1.71726512908936
"barcelona_6",1.71726566784026
"barcelona_35",1.71726512908936
"barcelona_64",1.71726512908936
"barcelona_63",1.71726512908936
"barcelona_62",1.71726512908936
"barcelona_65",1.71726512908936
"barcelona_5",1.75929441412629
"barcelona_66",1.74813354563449
"barcelona_4",1.7707781791687
"barcelona_67",1.7707781791687
"barcelona_68",1.71391868095154
"barcelona_71",1.696581271101
"barcelona_61",1.71726512908936
"barcelona_72",1.71003309412378
"barcelona_73",1.69474333109873
"barcelona_69",1.68788874149323
"barcelona_70",1.68788874149323
"barcelona_56",1.75332307815552
"barcelona_57",1.74051172519899
"barcelona_59",1.69780731035859
"barcelona_60",1.71726512908936
"barcelona_44",1.71726512908936
"barcelona_45",1.71726512908936
"barcelona_52",1.71726512908936
"barcelona_53",1.73701903766653
"barcelona_58",1.70854014502946
"barcelona_54",1.75053205447233
"barcelona_50",1.7249003227832
"barcelona_55",1.75332307815552
"barcelona_49",1.71793976834877
"barcelona_48",1.71726512908936
"barcelona_51",1.71726512908936
"barcelona_46",1.71726512908936
"barcelona_47",1.71726512908936
"barcelona_42",1.71828134489195
"istanbul_032",2.30592690254266
"istanbul_015",2.39240616621166
"istanbul_014",2.47145956855464
"istanbul_002",2.76565197624363
"istanbul_018",2.53099913788089
"istanbul_008",2.7276708283599
"istanbul_012",2.52812442625466
"istanbul_001",2.74913626052104
"istanbul_004",2.54403577485817
"istanbul_026",2.60563905911442
"istanbul_007",2.62392392501162
"istanbul_006",2.74383800488095
"istanbul_005",2.77580027761268
"istanbul_022",2.87523198127747
"istanbul_017",2.94142947470851
"istanbul_019",3.26291615367065
"istanbul_035",3.11615509637046
"istanbul_009",3.01280155598459
"istanbul_021",3.19125021812748
"istanbul_024",3.57056549096998
"istanbul_020",3.0751662478305
"istanbul_013",3.25219010725581
"istanbul_033",3.88657763908998
"istanbul_030",3.77838795847272
"istanbul_010",3.5426736833472
"istanbul_038",3.29479852775792
"istanbul_023",3.02317476175898
"istanbul_039",2.88606355716857
"istanbul_025",2.68020264276428
"istanbul_028",2.81612548284616
"istanbul_027",2.80412151611157
"istanbul_034",2.78333432178098
"istanbul_029",2.86658346923932
"istanbul_003",3.01102521191278
"istanbul_037",3.14013780308849
"istanbul_016",2.91249309369303
"istanbul_011",3.13301510919307
"istanbul_036",2.79040019848206
"istanbul_031",3.07043297195327
"telaviv_045",1.2661055992813
"telaviv_047",1.2910243969143
"telaviv_046",1.35827044999955
"telaviv_049",1.35834932327271
"telaviv_048",1.35811044829268
"telaviv_050",1.35834932327271
"telaviv_051",1.35834932327271
"telaviv_014",1.32126545906067
"telaviv_015",1.32126545906067
"telaviv_007",1.32306098556843
"telaviv_008",1.32126545906067
"telaviv_002",1.32646489143372
"telaviv_001",1.32603395052208
"telaviv_004",1.32646489143372
"telaviv_009",1.32560583740941
"telaviv_003",1.32646489143372
"telaviv_005",1.32646489143372
"telaviv_010",1.32588209218036
"telaviv_011",1.32212428200766
"telaviv_012",1.32126545906067
"telaviv_013",1.33932930102452
"telaviv_016",1.32126545906067
"telaviv_018",1.32126545906067
"telaviv_019",1.32126545906067
"telaviv_026",1.32126545906067
"telaviv_027",1.32126545906067
"telaviv_028",1.32126545906067
"telaviv_025",1.32126545906067
"telaviv_017",1.32126545906067
"telaviv_022",1.32126545906067
"telaviv_020",1.32126545906067
"telaviv_021",1.32126545906067
"telaviv_023",1.32126545906067
"telaviv_024",1.32126545906067
"telaviv_070",1.37612018091933
"telaviv_060",1.3768367767334
"telaviv_069",1.37150002729654
"telaviv_059",1.37297445774485
"telaviv_061",1.37669506266005
"telaviv_062",1.33813474275867
"telaviv_058",1.34412664806497
"telaviv_068",1.3740368594315
"telaviv_067",1.3651230118232
"telaviv_063",1.34535164985455
"telaviv_065",1.36522826697648
"telaviv_064",1.35834932327271
"telaviv_066",1.36344942143156
"telaviv_071",1.36596941947937
"telaviv_054",1.34537677434563
"telaviv_056",1.35834932327271
"telaviv_043",1.34323023840523
"telaviv_053",1.33787882328033
"telaviv_037",1.33787882328033
"telaviv_041",1.33787882328033
"telaviv_040",1.33787882328033
"telaviv_031",1.33787882328033
"telaviv_035",1.33787882328033
"telaviv_030",1.33787882328033
"telaviv_034",1.33787882328033
"telaviv_036",1.339342576662
"telaviv_057",1.34645445895389
"telaviv_032",1.35140350974952
"telaviv_006",1.3294308358838
"telaviv_033",1.33787882328033
"telaviv_029",1.33445504239669
"telaviv_038",1.33787882328033
"telaviv_039",1.33787882328033
"telaviv_042",1.33853905151728
"telaviv_052",1.33787882328033
"telaviv_055",1.35644362729555
"telaviv_044",1.32912557465559
"Johannesburg_1",1.97937187756924
"Johannesburg_2",1.93496578657168
"Johannesburg_3",1.98230850696564
"Johannesburg_6",2.0577013621309
"Johannesburg_23",2.34338160789585
"Johannesburg_125",2.51109928525432
"Johannesburg_122",2.27865631116096
"Johannesburg_119",2.33246329474811
"Johannesburg_24",2.36663578863295
"Johannesburg_18",2.34226270566716
"Johannesburg_54",2.56889355809042
"Johannesburg_55",2.56127981137015
"Johannesburg_124",2.63102903746695
"Johannesburg_68",2.61992011962232
"Johannesburg_58",2.63105497761551
"Johannesburg_29",2.55096711492485
"Johannesburg_27",2.6294390659223
"Johannesburg_26",2.41035486373618
"Johannesburg_28",2.46958629046714
"Johannesburg_25",2.36600343320134
"Johannesburg_30",2.48184476464184
"Johannesburg_31",2.49131536483765
"Johannesburg_70",2.49710392109396
"Johannesburg_39",2.48649459046486
"Johannesburg_40",2.49131536483765
"Johannesburg_82",2.56634463100025
"Johannesburg_86",2.54936545593645
"Johannesburg_88",2.55515190563587
"Johannesburg_89",2.47177867888595
"Johannesburg_85",2.46775367800917
"Johannesburg_126",2.42772564083664
"Johannesburg_98",2.50414529054372
"Johannesburg_99",2.52535507999817
"Johannesburg_117",2.58273984012024
"Johannesburg_102",2.44025519058287
"Johannesburg_90",2.54762889132063
"Johannesburg_87",2.60749385184742
"Johannesburg_69",2.58197220571061
"Johannesburg_60",2.61618732117321
"Johannesburg_67",2.61053942581592
"Johannesburg_59",2.61280427084717
"Johannesburg_123",2.59215245186702
"Johannesburg_63",2.61079601445024
"Johannesburg_62",2.61104816867945
"Johannesburg_64",2.61006034822433
"Johannesburg_66",2.60390867372171
"Johannesburg_73",2.59966644850826
"Johannesburg_74",2.51091764405611
"Johannesburg_91",2.47413181947882
"Johannesburg_103",2.37366025287751
"Johannesburg_108",2.42326596367317
"Johannesburg_107",2.49961996078491
"Johannesburg_81",2.36914763713164
"Johannesburg_75",2.49960514103504
"Johannesburg_76",2.36666399137636
"Johannesburg_116",2.33590906274174
"Johannesburg_105",2.27330446925791
"Johannesburg_72",2.43039123603082
"Johannesburg_118",2.45733862910025
"Johannesburg_65",2.47385746528458
"Johannesburg_57",2.45171551131707
"Johannesburg_61",2.51020097755849
"Johannesburg_56",2.46288055090726
"Johannesburg_32",2.20147099108847
"Johannesburg_77",1.95067372212274
"Johannesburg_78",1.99080061912415
"Johannesburg_111",2.034536311476
"Johannesburg_79",2.02351434197297
"Johannesburg_110",2.0294762544075
"Johannesburg_80",2.02237749099731
"Johannesburg_93",2.10503885689226
"Johannesburg_112",2.01848517811464
"Johannesburg_92",2.0177973126619
"Johannesburg_94",2.04289318395386
"Johannesburg_113",1.96465070668754
"Johannesburg_96",1.98634843813294
"Johannesburg_106",2.20367047800534
"Johannesburg_109",2.28833868188867
"Johannesburg_115",2.10756332210926
"Johannesburg_104",2.36778611608945
"Johannesburg_101",2.34482957493731
"Johannesburg_97",2.32675114699338
"Johannesburg_114",2.25373023719551
"Johannesburg_100",2.07652661652087
"Johannesburg_95",1.97173607349396
"Johannesburg_71",2.39030724581304
"Johannesburg_83",2.42963739384357
"Johannesburg_127",2.40988684397403
"Johannesburg_84",2.47241307484639
"Johannesburg_41",2.46335944103658
"Johannesburg_43",2.37275921471941
"Johannesburg_42",2.35802388191223
"Johannesburg_38",2.38848917821008
"Johannesburg_45",2.35802388191223
"Johannesburg_36",2.3548895821802
"Johannesburg_47",2.35802388191223
"Johannesburg_44",2.40668953769694
"Johannesburg_49",2.3208602881246
"Johannesburg_129",2.26616160784527
"Johannesburg_48",2.3121860624412
"Johannesburg_46",2.33751757890363
"Johannesburg_34",2.31352838108516
"Johannesburg_51",2.25963878631592
"Johannesburg_52",2.25963878631592
"Johannesburg_128",2.28194392614513
"Johannesburg_53",2.11648368537054
"Johannesburg_50",2.25963878631592
"Johannesburg_130",2.20926154828417
"Johannesburg_20",2.12197586420899
"Johannesburg_14",2.10799908638
"Johannesburg_13",2.10455429017953
"Johannesburg_10",2.076837690961
"Johannesburg_9",2.16632504201573
"Johannesburg_8",2.09145381096096
"Johannesburg_11",2.25596995180515
"Johannesburg_12",2.22595202187484
"Johannesburg_19",2.25988006591797
"Johannesburg_16",2.14762989037299
"Johannesburg_15",2.25986522752905
"Johannesburg_21",2.15843258207362
"Johannesburg_33",2.25988006591797
"Johannesburg_35",2.34158608116131
"Johannesburg_37",2.28767964167357
"Johannesburg_22",2.31906869482259
"Johannesburg_17",2.2607816059404
"Johannesburg_120",2.10091464733206
"Johannesburg_121",2.08386965757183
"Johannesburg_7",2.00087009250313
"Johannesburg_4",1.98351884743714
"Johannesburg_5",2.00597632808297
"jakarta_005",6.54438515929109
"jakarta_001",6.91278014159638
"jakarta_021",6.51118308430926
"jakarta_018",6.75357960000456
"jakarta_008",6.96550512317501
"jakarta_023",7.91931511295256
"jakarta_006",9.39188607312849
"jakarta_011",9.51047642401223
"jakarta_031",9.26766220767211
"jakarta_007",9.44677075168002
"jakarta_022",8.08831923351672
"jakarta_030",8.45751718388027
"jakarta_004",8.76800315046009
"jakarta_016",7.62291835910078
"jakarta_033",7.67107731276935
"jakarta_020",6.9727514397165
"jakarta_017",6.50489692937012
"jakarta_015",7.4081036696661
"jakarta_040",6.62160240125084
"jakarta_037",6.9600567817688
"jakarta_024",7.57920500709325
"jakarta_029",7.79268946759151
"jakarta_012",6.89290475845337
"jakarta_042",6.9237342825758
"jakarta_026",6.23906927663184
"jakarta_009",5.88462868210337
"jakarta_036",6.05946036041471
"jakarta_013",6.50324285636073
"jakarta_002",6.62393283843994
"jakarta_025",6.81176733261525
"jakarta_034",6.74597959668457
"jakarta_019",6.39338384534521
"jakarta_041",6.64139870975822
"jakarta_027",6.75733187661176
"jakarta_035",6.29491624442866
"jakarta_038",6.44491212219979
"jakarta_039",6.47894054654285
"jakarta_010",6.31428208080183
"jakarta_032",6.53102106248542
"jakarta_003",6.65855717048678
"jakarta_028",6.29896412374687
"jakarta_014",6.80867738759145
"bangkok_017",4.38262622087151
"bangkok_039",4.48921236439413
"bangkok_004",4.43235201860993
"bangkok_024",4.34124814285073
"bangkok_044",4.69770687391199
"bangkok_045",4.72456850017672
"bangkok_029",4.75776080093582
"bangkok_003",4.80978289679503
"bangkok_031",4.93284392974501
"bangkok_015",4.92896599827166
"bangkok_001",4.63579493369464
"bangkok_012",5.03705835342407
"bangkok_046",5.02998176923968
"bangkok_037",4.88308940128904
"bangkok_005",4.87103246890761
"bangkok_022",4.9587115414845
"bangkok_050",4.85548110586884
"bangkok_042",4.91970084058811
"bangkok_009",4.9149284362793
"bangkok_030",4.92201729074221
"bangkok_040",4.9149284362793
"bangkok_034",4.81098968828271
"bangkok_011",4.70532723039962
"bangkok_035",4.87080318937531
"bangkok_038",4.83697641674991
"bangkok_018",4.83501284964586
"bangkok_032",4.81858175872037
"bangkok_008",4.68973954639218
"bangkok_010",4.64417268232998
"bangkok_014",4.63703043981201
"bangkok_016",4.77579973721316
"bangkok_019",4.81807902604685
"bangkok_026",4.7467358761277
"bangkok_002",4.86225690079539
"bangkok_049",4.82295602445467
"bangkok_043",5.07120882800827
"bangkok_048",5.08078625477719
"bangkok_023",5.07987287746684
"bangkok_033",4.92558670394514
"bangkok_007",4.89262874712934
"bangkok_047",4.86333730658852
"bangkok_006",4.65027613720191
"hochiminh_001",5.20756277299428
"hochiminh_007",5.622806611187
"hochiminh_004",5.76295364765309
"bangkok_036",4.94995152615167
"bangkok_025",4.83372288012945
"bangkok_041",4.88419450285431
"bangkok_013",4.7735589925994
"bangkok_020",4.68404543619764
"bangkok_021",4.65222079240877
"bangkok_027",4.8098998735075
"bangkok_028",4.67991922122097
"hochiminh_012",5.48332168351535
"hochiminh_024",5.29633227305462
"hochiminh_021",5.60545292603745
"hochiminh_005",5.04535156536386
"hochiminh_014",5.44966709393809
"hochiminh_019",5.42859422625225
"hochiminh_008",5.17004063429504
"hochiminh_002",5.48558708505715
"hochiminh_006",5.48586823928119
"hochiminh_013",5.45430179464811
"hochiminh_009",5.48918770572495
"hochiminh_015",5.47519826889038
"hochiminh_022",5.44754412352812
"hochiminh_023",5.31844141872637
"hochiminh_003",5.26781253228751
"hochiminh_018",5.23457770143534
"hochiminh_020",5.25870417889158
"hochiminh_017",5.46710866201304
"hochiminh_011",5.32521245332333
"hochiminh_010",5.47519826889038
"hochiminh_016",5.43026434432736
"singapore_034",5.93727147504486
"singapore_032",5.56977506003616
"singapore_009",5.45475872057351
"singapore_010",5.54105611975932
"singapore_008",5.64447937628232
"singapore_014",5.58156775536741
"singapore_012",5.71942354029948
"singapore_033",6.16811818194843
"singapore_015",5.75986919679569
"singapore_019",5.9051821692228
"singapore_038",5.84440369799587
"singapore_031",5.8887935287028
"singapore_027",5.89180515543123
"singapore_055",5.79810655733207
"singapore_043",5.86570243784966
"singapore_048",5.70583707625498
"singapore_013",5.67059295134592
"singapore_023",5.92274284659503
"singapore_037",6.06468829833044
"singapore_017",5.83191591127939
"singapore_002",6.01164520950359
"singapore_021",6.08501518456481
"singapore_007",6.13275455330371
"singapore_036",5.83214664459229
"singapore_018",5.94057861009953
"singapore_030",5.65347448636752
"singapore_022",5.46457922847402
"singapore_001",5.47903253627948
"singapore_020",5.41966930571833
"singapore_050",5.42685536340483
"singapore_051",5.42472165985157
"singapore_049",5.47850558328475
"singapore_047",5.46415850403225
"singapore_029",5.32696982471354
"singapore_052",5.26859294538412
"singapore_045",5.55939148642131
"singapore_054",5.94481992721558
"singapore_004",5.94481992721558
"singapore_046",5.95975031299375
"singapore_024",6.09665025306032
"singapore_003",6.09809494018555
"singapore_011",6.09652137396224
"singapore_005",5.94481992721558
"singapore_042",6.30463363343927
"singapore_028",5.91100229492736
"singapore_040",6.02691982581231
"singapore_016",5.88129368438104
"singapore_044",5.86514870294901
"singapore_039",6.07908124523498
"singapore_053",5.49604577916922
"singapore_025",6.14620603433948
"singapore_035",5.31260635166442
"singapore_006",5.4711120928993
"singapore_041",5.75965785980225
"singapore_026",5.93597436599945
"manila_014",6.19154802050451
"manila_001",6.36181958447033
"manila_017",5.94773064193543
"manila_009",5.45181277002001
"manila_004",5.65895570591784
"manila_006",5.12839062613885
"manila_015",5.38883342782345
"manila_007",6.44657008353292
"manila_012",6.00249324228683
"manila_005",5.39126413595012
"manila_016",5.95627913809231
"manila_003",5.38855972640243
"manila_013",6.08155384691039
"manila_011",5.07102924348994
"manila_010",5.21756324063395
"manila_002",4.97725495454641
"manila_008",5.65960831880669
"seoul_005",5.28936041023941
"seoul_008",5.30891263653349
"seoul_009",5.26834059903857
"seoul_010",5.19396372473426
"seoul_014",5.60259575603919
"seoul_025",5.56682077072702
"seoul_013",5.37947483497368
"seoul_012",5.28016232693248
"seoul_023",5.20925724357252
"seoul_011",5.16860441965681
"seoul_007",5.20844901775362
"seoul_006",5.26480302783046
"seoul_004",5.17352341189851
"seoul_003",5.10417195468596
"seoul_024",5.29353175912224
"seoul_018",5.53126278516435
"seoul_022",5.14603160605131
"seoul_020",5.21053576887665
"seoul_002",5.02222004194096
"seoul_021",5.06711970376095
"seoul_001",5.0718398947907
"seoul_015",5.66435980047453
"seoul_016",5.9239352321838
"seoul_019",5.31429659690246
"seoul_017",5.79938747991359
"beijing_005",1.53479665406762
"beijing_009",1.733666925465
"beijing_003",1.35969884438397
"beijing_006",1.42855724567818
"beijing_012",1.58633470409807
"beijing_007",1.5976810636416
"beijing_004",1.40388080588843
"beijing_015",1.41048216011983
"beijing_002",1.40644082899008
"beijing_001",1.65873475713356
"beijing_016",1.66324053452627
"beijing_008",1.77849322446263
"beijing_013",1.44907603868261
"beijing_014",1.37114830661824
"beijing_010",1.86411943939303
"beijing_011",1.66139617219969
"delhi_001",2.98669840188944
"delhi_009",3.16704047267114
"delhi_005",3.24783176255951
"delhi_008",3.02536724126651
"delhi_006",3.2564776246916
"delhi_004",3.21882985387936
"delhi_003",3.18248366130315
"delhi_002",3.17978128793154
"delhi_007",3.06714522751869
"bangalore_184",3.86596971913685
"bangalore_059",3.8669213211318
"bangalore_096",3.8406347225976
"bangalore_077",3.73213646541894
"bangalore_016",3.78023867764391
"bangalore_093",3.75993939316298
"bangalore_153",3.73553863723384
"bangalore_072",3.65573902505298
"bangalore_012",3.74251434913425
"bangalore_040",3.75579457292849
"bangalore_053",3.86621996664757
"bangalore_190",3.76052641868591
"bangalore_001",3.75983984656923
"bangalore_191",3.7444533659004
"bangalore_020",3.75882742283982
"bangalore_028",3.76115259100249
"bangalore_138",3.76689364039321
"bangalore_060",3.76436735167127
"bangalore_044",3.85186836813279
"bangalore_126",3.78445395668328
"bangalore_019",3.80118042984659
"bangalore_171",3.82384237901322
"bangalore_123",3.77230558712508
"bangalore_076",3.73688318508445
"bangalore_003",3.75383391352754
"bangalore_109",3.76859861406889
"bangalore_089",3.77653848702488
"bangalore_045",3.79084157943726
"bangalore_165",3.82413740536424
"bangalore_166",3.83311867595211
"bangalore_183",3.78828210760664
"bangalore_139",3.76750773723053
"bangalore_002",3.70485162734985
"bangalore_047",3.70764864521453
"bangalore_110",3.70485162734985
"bangalore_116",3.73802929582647
"bangalore_176",3.70485162734985
"bangalore_119",3.70485162734985
"bangalore_058",3.70485162734985
"bangalore_081",3.70485162734985
"bangalore_071",3.76746171080883
"bangalore_024",3.74187683890646
"bangalore_018",3.81543496780231
"bangalore_022",3.75325263216194
"bangalore_006",3.83511644585572
"bangalore_025",3.70485162734985
"bangalore_088",3.92891553163833
"bangalore_078",4.01213056036414
"bangalore_143",4.02867650985718
"bangalore_162",4.02867650985718
"bangalore_160",4.02867650985718
"bangalore_147",3.9349597746205
"bangalore_084",3.97511857418451
"bangalore_108",3.90580201148987
"bangalore_056",3.89524890704169
"bangalore_005",3.89092511129346
"bangalore_186",3.92446357828679
"bangalore_197",3.97063600831831
"bangalore_112",4.01027293571626
"bangalore_013",4.02867650985718
"bangalore_100",4.02867650985718
"bangalore_050",4.02867650985718
"bangalore_142",4.02792582844282
"bangalore_195",4.02867650985718
"bangalore_015",4.02867650985718
"bangalore_187",4.02867650985718
"bangalore_178",3.99582581664325
"bangalore_063",4.01138178658007
"bangalore_087",4.01414076835186
"bangalore_192",3.98603361041766
"bangalore_027",4.02867650985718
"bangalore_070",3.92628475686399
"bangalore_170",4.02867650985718
"bangalore_177",3.94810104370117
"bangalore_158",3.90881450131241
"bangalore_041",3.94810104370117
"bangalore_092",3.94810104370117
"bangalore_030",3.94810104370117
"bangalore_029",3.94810104370117
"bangalore_023",3.94810104370117
"bangalore_035",3.94810104370117
"bangalore_174",3.94810104370117
"bangalore_140",3.94810104370117
"bangalore_031",3.94810104370117
"bangalore_049",3.94810104370117
"bangalore_185",3.94810104370117
"bangalore_037",3.94810104370117
"bangalore_054",3.91475361871008
"bangalore_036",3.9321674431108
"bangalore_095",3.81045726152927
"bangalore_122",3.77055740356445
"bangalore_007",3.78264305898654
"bangalore_151",3.8124504604904
"bangalore_086",3.84403480427645
"bangalore_052",3.77055740356445
"bangalore_085",3.76956976459667
"bangalore_039",3.74795442068552
"bangalore_154",3.75895600524098
"bangalore_156",3.74474433468496
"bangalore_146",3.7890937295923
"bangalore_168",3.79084157943726
"bangalore_021",3.79084157943726
"bangalore_061",3.79084157943726
"bangalore_075",3.79084157943726
"bangalore_161",3.79084010084575
"bangalore_091",3.79084157943726
"bangalore_129",3.76677812501117
"bangalore_099",3.74156308174133
"bangalore_094",3.74156308174133
"bangalore_118",3.74156308174133
"bangalore_064",3.74156308174133
"bangalore_097",3.74156308174133
"bangalore_157",3.74156308174133
"bangalore_113",3.74156308174133
"bangalore_132",3.74156308174133
"bangalore_102",3.74159114267767
"bangalore_135",3.74156308174133
"bangalore_193",3.74584569112748
"bangalore_180",3.54836436781338
"bangalore_026",3.56662507292012
"bangalore_107",3.59546123685098
"bangalore_051",3.77055740356445
"bangalore_065",3.76972807360972
"bangalore_124",3.76523541071513
"bangalore_159",3.77055740356445
"bangalore_148",3.77055740356445
"bangalore_130",3.77055740356445
"bangalore_043",3.56328749559924
"bangalore_188",3.51195383071899
"bangalore_196",3.50969273889092
"bangalore_082",3.43793639888344
"bangalore_105",3.4059263638009
"bangalore_034",3.41609383001638
"bangalore_009",3.44204215441855
"bangalore_114",3.4574777576042
"bangalore_083",3.61487999289749
"bangalore_167",3.4538175347764
"bangalore_121",3.4821402978285
"bangalore_011",3.43584487380363
"bangalore_067",3.90632122399955
"bangalore_106",3.99506186625493
"bangalore_042",3.64875304836679
"bangalore_181",3.91631059364653
"bangalore_068",3.78182376533971
"bangalore_090",3.89240084587271
"bangalore_111",3.87611403470866
"bangalore_066",3.72498488818617
"bangalore_149",3.68021234358541
"bangalore_144",3.65413933536442
"bangalore_033",3.65152557132643
"bangalore_179",3.65702647901271
"bangalore_115",3.65851978950331
"bangalore_117",3.65844345092773
"bangalore_136",3.65844345092773
"bangalore_120",3.65844345092773
"bangalore_125",3.68140257238766
"bangalore_069",3.66127304639102
"bangalore_079",3.73520753396297
"bangalore_198",3.76789277026469
"bangalore_133",3.7323020659015
"bangalore_175",3.77055740356445
"bangalore_145",3.94810104370117
"bangalore_173",3.94513373054341
"bangalore_150",3.92182520712876
"bangalore_169",3.91110554424144
"bangalore_017",3.88581442832947
"bangalore_004",3.88581442832947
"bangalore_163",3.88581442832947
"bangalore_164",3.77070857079731
"bangalore_194",3.88581442832947
"bangalore_103",3.88581442832947
"bangalore_098",3.88581442832947
"bangalore_057",3.88581442832947
"bangalore_127",3.88581442832947
"bangalore_131",3.88581442832947
"bangalore_128",3.88581442832947
"bangalore_134",3.88770621611173
"bangalore_008",3.89009203742973
"bangalore_189",3.90179161801477
"bangalore_073",3.89100108772037
"bangalore_062",3.88581442832947
"bangalore_141",3.9047221959083
"bangalore_155",3.94810104370117
"bangalore_046",3.90673808777177
"bangalore_104",3.94810104370117
"bangalore_080",3.93190933050931
"bangalore_010",3.94356918622825
"bangalore_014",3.88581442832947
"bangalore_048",3.94920645306632
"bangalore_172",4.01889455279913
"bangalore_038",3.99464254726799
"bangalore_055",4.01211508341748
"bangalore_101",4.02452746303113
"bangalore_032",4.01547006040872
"bangalore_074",4.0093789100647
"bangalore_152",3.99375021292993
"bangalore_182",3.92914521471748
"bangalore_137",3.98891910617879
"copenhagen_007",NA
"copenhagen_006",NA
"copenhagen_005",NA
"copenhagen_008",NA
"copenhagen_003",NA
"copenhagen_002",NA
"copenhagen_001",NA
"copenhagen_009",NA
"copenhagen_004",NA
"copenhagen_010",NA
"berlin_012",NA
"berlin_004",NA
"berlin_011",NA
"berlin_006",NA
"berlin_010",NA
"berlin_003",NA
"berlin_007",NA
"berlin_002",NA
"berlin_005",NA
"berlin_001",NA
"berlin_008",NA
"berlin_009",NA
"amsterdam_041",NA
"amsterdam_039",NA
"amsterdam_045",NA
"amsterdam_046",NA
"amsterdam_044",NA
"amsterdam_061",NA
"amsterdam_047",NA
"amsterdam_055",NA
"amsterdam_051",NA
"amsterdam_052",NA
"amsterdam_053",NA
"amsterdam_021",NA
"amsterdam_054",NA
"amsterdam_022",NA
"amsterdam_019",NA
"amsterdam_020",NA
"amsterdam_018",NA
"amsterdam_031",NA
"amsterdam_030",NA
"amsterdam_029",NA
"amsterdam_043",NA
"amsterdam_042",NA
"amsterdam_038",NA
"amsterdam_034",NA
"amsterdam_026",NA
"amsterdam_033",NA
"amsterdam_032",NA
"amsterdam_024",NA
"amsterdam_023",NA
"amsterdam_025",NA
"amsterdam_028",NA
"amsterdam_027",NA
"amsterdam_015",NA
"amsterdam_017",NA
"amsterdam_016",NA
"amsterdam_014",NA
"amsterdam_013",NA
"amsterdam_012",NA
"amsterdam_011",NA
"amsterdam_089",NA
"amsterdam_083",NA
"amsterdam_084",NA
"amsterdam_036",NA
"amsterdam_037",NA
"amsterdam_035",NA
"amsterdam_040",NA
"amsterdam_085",NA
"amsterdam_006",NA
"amsterdam_088",NA
"amsterdam_078",NA
"amsterdam_079",NA
"amsterdam_090",NA
"amsterdam_082",NA
"amsterdam_081",NA
"amsterdam_092",NA
"amsterdam_087",NA
"amsterdam_091",NA
"amsterdam_086",NA
"amsterdam_080",NA
"amsterdam_069",NA
"amsterdam_010",NA
"amsterdam_009",NA
"amsterdam_065",NA
"amsterdam_067",NA
"amsterdam_068",NA
"amsterdam_070",NA
"amsterdam_075",NA
"amsterdam_076",NA
"amsterdam_074",NA
"amsterdam_066",NA
"amsterdam_064",NA
"amsterdam_077",NA
"amsterdam_059",NA
"amsterdam_058",NA
"amsterdam_063",NA
"amsterdam_050",NA
"amsterdam_049",NA
"amsterdam_057",NA
"amsterdam_048",NA
"amsterdam_008",NA
"amsterdam_004",NA
"amsterdam_005",NA
"amsterdam_002",NA
"amsterdam_001",NA
"amsterdam_003",NA
"amsterdam_007",NA
"amsterdam_056",NA
"amsterdam_060",NA
"amsterdam_062",NA
"amsterdam_093",NA
"amsterdam_097",NA
"amsterdam_094",NA
"amsterdam_095",NA
"amsterdam_099",NA
"amsterdam_096",NA
"amsterdam_098",NA
"amsterdam_073",NA
"amsterdam_072",NA
"amsterdam_071",NA
"london_031",NA
"london_026",NA
"london_016",NA
"london_001",NA
"london_025",NA
"london_030",NA
"london_011",NA
"london_023",NA
"london_003",NA
"london_005",NA
"london_008",NA
"paris_012",1.80665781548898
"paris_016",1.77733610973069
"paris_019",1.88943733485559
"paris_018",1.80144770653884
"paris_020",1.94457698664628
"paris_011",1.88808500979162
"paris_010",1.88391774135721
"paris_003",1.89040565490723
"paris_004",1.8657938935738
"paris_002",1.76787321953154
"paris_009",1.74755656719208
"paris_001",1.74811784912904
"paris_006",1.7578258332205
"paris_007",1.74531842001137
"paris_008",1.74568456497274
"paris_017",1.73652323038539
"paris_015",1.80601668817897
"paris_014",1.76506149768829
"paris_013",1.80305887179656
"paris_005",1.79034398462762
"london_021",NA
"london_029",NA
"london_028",NA
"london_022",NA
"london_007",NA
"london_032",NA
"london_033",NA
"london_006",NA
"london_020",NA
"london_013",NA
"london_024",NA
"london_027",NA
"london_018",NA
"london_009",NA
"london_004",NA
"london_002",NA
"london_015",NA
"london_017",NA
"london_010",NA
"london_014",NA
"london_019",NA
"london_012",NA
"montreal_13",2.82732792729758
"montreal_27",2.80678682840283
"montreal_2",2.78400917779206
"montreal_5",2.91202398994927
"montreal_17",2.96076372001663
"montreal_7",2.95996052073499
"montreal_33",2.93684383651885
"montreal_3",2.87805002383877
"montreal_28",2.87572481386894
"montreal_4",2.88559862088373
"montreal_24",2.94071092490532
"montreal_34",2.92093420028687
"montreal_22",2.83410166370917
"montreal_25",2.8935079194425
"montreal_29",2.78981042126711
"montreal_15",2.81722953169154
"montreal_1",2.75189287734994
"montreal_19",2.77725774364275
"montreal_11",2.82246135399534
"montreal_14",2.86660632990682
"montreal_6",2.94918718821492
"montreal_18",2.96968167896264
"montreal_9",2.86671665899915
"montreal_16",2.80389188695716
"montreal_10",2.74871582082633
"montreal_12",2.96207914109154
"montreal_8",3.00612214751474
"montreal_32",2.98376176805306
"montreal_31",2.98067129820358
"montreal_20",2.98062658440323
"montreal_21",2.98505317064552
"montreal_26",3.00307115692026
"montreal_23",2.97589605633254
"montreal_30",2.99248771785262
"vancouver_039",3.94516253471375
"vancouver_040",3.95171667963038
"vancouver_041",3.94516253471375
"vancouver_042",3.94516253471375
"vancouver_035",4.0081582069397
"vancouver_034",4.0081582069397
"vancouver_030",4.0081582069397
"vancouver_106",4.0081582069397
"vancouver_033",4.0081582069397
"vancouver_036",4.0081582069397
"vancouver_037",3.97927685501793
"vancouver_038",4.0081582069397
"vancouver_043",3.97954494312748
"vancouver_044",4.0081582069397
"vancouver_071",3.98732884418751
"vancouver_047",4.0081582069397
"vancouver_046",4.028569107104
"vancouver_045",4.0081582069397
"vancouver_090",4.0081582069397
"vancouver_073",4.11426157186159
"vancouver_077",4.0405603018867
"vancouver_068",4.0081582069397
"vancouver_078",4.08682750319958
"vancouver_066",4.05554355092596
"vancouver_049",4.51066985238397
"vancouver_022",4.50714211447058
"vancouver_023",4.51071166992188
"vancouver_029",4.48354936271321
"vancouver_104",4.0081582069397
"vancouver_024",4.51071166992188
"vancouver_015",4.51071166992188
"vancouver_014",4.51071166992188
"vancouver_012",4.51071166992188
"vancouver_013",4.51071166992188
"vancouver_011",4.51071166992188
"vancouver_018",4.51071166992188
"vancouver_017",4.51071166992188
"vancouver_019",4.51071166992188
"vancouver_016",4.51071166992188
"vancouver_020",4.51071166992188
"vancouver_021",4.51071166992188
"vancouver_050",4.39765499088701
"vancouver_051",2.86637641556829
"vancouver_052",2.85749053955078
"vancouver_055",2.85749053955078
"vancouver_054",2.85749053955078
"vancouver_059",2.85749053955078
"vancouver_056",4.22849281101109
"vancouver_058",4.90889453887939
"vancouver_086",3.33415157566815
"vancouver_057",3.22970816072427
"vancouver_085",3.32093921636489
"vancouver_084",3.32622883745747
"vancouver_088",4.30898523330688
"vancouver_087",4.30898523330688
"vancouver_114",2.87213637637011
"vancouver_113",4.30898523330688
"vancouver_116",4.45278297122696
"vancouver_115",4.45493772553115
"vancouver_112",4.43282929453059
"vancouver_082",4.30898523330688
"vancouver_083",4.34717129672116
"vancouver_067",4.51732325088765
"vancouver_111",4.63928318023682
"vancouver_091",4.63928318023682
"vancouver_089",4.57744638900967
"vancouver_081",4.578922218829
"vancouver_092",4.51483804156683
"vancouver_060",3.22883081166284
"vancouver_053",2.85749053955078
"vancouver_061",4.51071166992188
"vancouver_063",4.51071166992188
"vancouver_062",4.51071166992188
"vancouver_064",4.51071166992188
"vancouver_048",4.51071166992188
"vancouver_097",4.51071166992188
"vancouver_027",4.51071166992188
"vancouver_026",4.51071166992188
"vancouver_025",4.51071166992188
"vancouver_065",4.51071166992188
"vancouver_079",4.52616242963065
"vancouver_080",4.45899423681235
"vancouver_076",4.23816156387329
"vancouver_075",4.23816156387329
"vancouver_074",4.23816156387329
"vancouver_093",4.23816156387329
"vancouver_107",4.23816156387329
"vancouver_108",4.49294393118521
"vancouver_031",4.23816156387329
"vancouver_103",4.23816156387329
"vancouver_094",4.23816156387329
"vancouver_096",4.1975455424742
"vancouver_101",4.18276711112384
"vancouver_032",4.23816156387329
"vancouver_003",4.18016761248113
"vancouver_002",4.12360763549805
"vancouver_004",4.23816156387329
"vancouver_105",4.23816156387329
"vancouver_005",4.23816156387329
"vancouver_007",4.23816156387329
"vancouver_006",4.23816156387329
"vancouver_109",4.50362788091782
"vancouver_009",4.32065089112173
"vancouver_008",4.63928318023682
"vancouver_117",4.63928318023682
"vancouver_110",4.63928318023682
"vancouver_118",4.63928318023682
"vancouver_010",4.63860918143049
"vancouver_001",4.12360763549805
"vancouver_102",4.12360763549805
"vancouver_100",4.12360763549805
"vancouver_028",4.12360763549805
"vancouver_098",4.12360763549805
"vancouver_099",4.12360763549805
"vancouver_095",4.161830676912
"vancouver_072",4.15147940315141
"vancouver_070",3.98985360464797
"vancouver_069",3.99952664292282
"tokyo_011",4.78719279638283
"tokyo_009",4.62818309143841
"tokyo_008",4.73597240518528
"tokyo_023",4.80887565929264
"tokyo_022",4.79514960731199
"tokyo_021",4.75251047845563
"tokyo_007",4.73959391791458
"tokyo_002",4.6747585282506
"tokyo_006",4.72249779591532
"tokyo_003",4.61262530331508
"tokyo_010",4.60435543124724
"tokyo_013",4.65070948812789
"tokyo_001",4.66454427248291
"tokyo_005",4.70815281652635
"tokyo_004",4.67394816908868
"tokyo_016",4.69879120639249
"tokyo_014",4.69128698967246
"tokyo_017",4.75584956969265
"tokyo_018",4.72766377417563
"tokyo_019",4.78665357603369
"tokyo_020",4.72544918438768
"tokyo_015",4.65758394149755
"tokyo_012",4.65474806888485
"melbourne_83",2.47811358510751
"melbourne_84",2.48054610302944
"melbourne_85",2.50357942276935
"melbourne_81",2.508136510849
"melbourne_82",2.51011858644433
"melbourne_56",2.6259356320382
"melbourne_54",2.56459439247962
"melbourne_57",2.60495700028511
"melbourne_53",2.521445123052
"melbourne_58",2.60044725733314
"melbourne_61",2.53712503781905
"melbourne_60",2.54175472259521
"melbourne_63",2.57527434180826
"melbourne_59",2.57539503789221
"melbourne_42",2.40144228935242
"melbourne_46",2.39437357868389
"melbourne_62",2.5155563251831
"melbourne_45",2.38909594956983
"melbourne_64",2.53707122339579
"melbourne_43",2.39992849133359
"melbourne_44",2.36783413915923
"melbourne_51",2.39122210719336
"melbourne_49",2.28161503687068
"melbourne_50",2.31644565894103
"melbourne_48",2.32066540745473
"melbourne_93",2.37822072791288
"melbourne_92",2.2961948179556
"melbourne_31",2.2679911752333
"melbourne_34",2.25609763309559
"melbourne_47",2.25581002235413
"melbourne_40",2.19677385826724
"melbourne_35",2.1753425353332
"melbourne_33",2.14429188904353
"melbourne_15",2.10195755958557
"melbourne_22",2.09497753967005
"melbourne_21",2.10250375359668
"melbourne_24",2.10450996917372
"melbourne_28",2.08284963420137
"melbourne_18",2.10195755958557
"melbourne_38",2.12669190791174
"melbourne_13",2.12577782472294
"melbourne_20",2.11128856568768
"melbourne_37",2.1225618394526
"melbourne_41",2.2440873957416
"melbourne_39",2.15837097167969
"melbourne_36",2.15837097167969
"melbourne_1",2.1555785239184
"melbourne_2",2.15837097167969
"melbourne_7",2.21279439573781
"melbourne_6",2.26705813407898
"melbourne_8",2.2286116819784
"melbourne_4",2.11998736975191
"melbourne_52",2.36077253201661
"melbourne_55",2.50265195694023
"melbourne_5",2.01848889356092
"melbourne_10",1.98197688655758
"melbourne_12",2.04426312446594
"melbourne_9",2.03303310485597
"melbourne_3",2.04656413090952
"melbourne_11",2.04426312446594
"melbourne_17",2.04314422386481
"melbourne_16",2.04426312446594
"melbourne_23",2.0048011659703
"melbourne_19",2.05007748170217
"melbourne_14",2.0189137289102
"melbourne_27",2.00115891172512
"melbourne_26",2.00386905670166
"melbourne_29",2.15301728248596
"melbourne_32",2.19303708153952
"melbourne_30",2.18795535347628
"melbourne_73",2.26634357744451
"melbourne_75",2.25906835241937
"melbourne_25",2.15301728248596
"melbourne_66",2.17060357449058
"melbourne_74",2.2669763047208
"melbourne_67",2.25490155788775
"melbourne_78",2.27290131407699
"melbourne_71",2.25920618994795
"melbourne_80",2.38471986136116
"melbourne_89",2.40989097311902
"melbourne_72",2.37295642711385
"melbourne_77",2.39628183636909
"melbourne_76",2.39478892090789
"melbourne_79",2.3873085975647
"melbourne_86",2.43505147665808
"melbourne_68",2.30153693019032
"melbourne_65",2.3106699701323
"melbourne_88",2.45416045188904
"melbourne_91",2.45054406467943
"melbourne_90",2.48229124352482
"melbourne_87",2.4849985678463
"melbourne_70",2.28865999231025
"melbourne_69",2.23744702611926
"losangeles_001",1.42758950622336
"losangeles_002",1.39708083306347
"losangeles_006",1.56207798430276
"losangeles_007",2.02658254013569
"losangeles_005",1.91316494008934
"losangeles_003",1.5569082842055
"losangeles_004",1.89822950611075
"losangeles_009",1.96106551972855
"losangeles_008",1.66340605263001
"losangeles_022",1.42509252498946
"losangeles_020",1.49068680411673
"losangeles_019",1.5088750648297
"losangeles_018",1.55056900423725
"losangeles_011",1.57357801089652
"losangeles_13",1.58662391023595
"losangeles_012",1.7050661348532
"losangeles_010",1.51526499254999
"losangeles_014",1.664086699923
"losangeles_015",1.79931091793497
"losangeles_016",1.61047719447527
"losangeles_017",1.54501365539687
"losangeles_021",1.49502313552453
"mexico_014",2.71768400613854
"mexico_005",2.6319488638035
"mexico_001",2.66832765189111
"mexico_010",2.7703341172944
"mexico_004",2.0066117765525
"mexico_016",1.93543498470839
"mexico_009",1.50308738405385
"mexico_013",1.54686640285421
"mexico_012",2.59333111880835
"mexico_007",1.42370634600195
"mexico_002",1.73822227089595
"mexico_011",1.91650986063472
"mexico_006",1.63926761294527
"mexico_015",1.39493743551585
"mexico_008",1.45111551651143
"mexico_003",1.94765013834343
"chicago_30",2.69575946920919
"chicago_59",2.75293025222149
"chicago_73",2.77459746032851
"chicago_61",2.80260234574526
"chicago_45",2.73867627035185
"chicago_46",2.77021506906333
"chicago_67",2.80721707785408
"chicago_9",2.79898882069887
"chicago_3",2.81970004988645
"chicago_4",2.81590084329183
"chicago_14",2.81216312269017
"chicago_12",2.7788467351437
"chicago_58",2.78001704970563
"chicago_13",2.76855512850979
"chicago_63",2.74089228469806
"chicago_20",2.70113818908133
"chicago_62",2.75131065287465
"chicago_65",2.91082961389285
"chicago_76",2.87787829263188
"chicago_6",2.79112095749566
"chicago_29",2.83376423934327
"chicago_33",2.89360388998045
"chicago_68",2.8216268060696
"chicago_36",2.87829437489245
"chicago_28",2.8251006603241
"chicago_47",2.72945183906257
"chicago_41",2.8042938709259
"chicago_48",2.8081317275951
"chicago_17",2.8251006603241
"chicago_55",2.84455191768684
"chicago_2",2.81984683933756
"chicago_10",2.82943882928471
"chicago_50",2.83349271090593
"chicago_25",2.82437683625939
"chicago_43",2.8348536491394
"chicago_42",2.81783487237735
"chicago_49",2.80487153669927
"chicago_75",2.73917691512209
"chicago_19",2.82850711611453
"chicago_32",2.76925040603785
"chicago_52",2.83402930519449
"chicago_64",2.8500709403827
"chicago_11",2.84508801420442
"chicago_26",2.85726411936485
"chicago_15",2.86099022269174
"chicago_70",2.848965883255
"chicago_23",2.82647806845659
"chicago_72",2.88118624687195
"chicago_16",2.82720114794181
"chicago_27",2.83111062364124
"chicago_69",2.87940941663043
"chicago_1",2.85923582687275
"chicago_71",2.83847379684448
"chicago_5",2.75860081978848
"chicago_56",2.72933196249994
"chicago_22",2.67592075797711
"chicago_54",2.71138071859802
"chicago_24",2.6833035105642
"chicago_35",2.7169942855835
"chicago_18",2.72638023821453
"chicago_44",2.71816084743367
"chicago_8",2.6992391075036
"chicago_57",2.70816999115788
"chicago_84",2.6834797940965
"chicago_34",2.68744603083198
"chicago_53",2.68380117416382
"chicago_31",2.69845151901245
"chicago_7",2.69479185013263
"chicago_40",2.68937373933968
"chicago_39",2.67549307690185
"chicago_74",2.67265912960518
"chicago_60",2.67003441052807
"chicago_21",2.67436841837608
"chicago_66",2.6587376222301
"chicago_51",2.6781724162728
"chicago_37",2.66618592521464
"chicago_38",2.66138025715177
"detroit_047",2.24486871619089
"detroit_046",2.24486470222473
"detroit_249",2.24138635540395
"detroit_059",2.24109500023856
"detroit_045",2.2345322280772
"detroit_044",2.24044194356811
"detroit_234",2.23649570769761
"detroit_048",2.2456910610199
"detroit_042",2.24255217292882
"detroit_040",2.24186073873631
"detroit_049",2.2456896813546
"detroit_175",2.2456910610199
"detroit_222",2.2456910610199
"detroit_177",2.2456910610199
"detroit_176",2.2456910610199
"detroit_153",2.2456910610199
"detroit_174",2.24518745956281
"detroit_251",2.2422173213578
"detroit_173",2.24229019191676
"detroit_160",2.19525456428528
"detroit_161",2.19640525530379
"detroit_233",2.19525456428528
"detroit_206",2.19525456428528
"detroit_162",2.19525456428528
"detroit_158",2.19525456428528
"detroit_164",2.19525456428528
"detroit_165",2.1963121264958
"detroit_166",2.23960113525391
"detroit_258",2.23956164571507
"detroit_167",2.23906051025421
"detroit_169",2.23960113525391
"detroit_171",2.23960113525391
"detroit_172",2.23960113525391
"detroit_170",2.23960113525391
"detroit_242",2.23960113525391
"detroit_039",2.23960113525391
"detroit_168",2.23841244807057
"detroit_178",2.23779158646279
"detroit_038",2.23960113525391
"detroit_037",2.23066595174953
"detroit_179",2.23712931086118
"detroit_180",2.22474444751114
"detroit_033",2.2257252250672
"detroit_032",2.22148426745449
"detroit_036",2.22567868232727
"detroit_043",2.22567868232727
"detroit_041",2.23459890547602
"detroit_035",2.22567868232727
"detroit_060",2.22567868232727
"detroit_064",2.22567868232727
"detroit_063",2.22567868232727
"detroit_061",2.22567868232727
"detroit_154",2.22567868232727
"detroit_058",2.2432577496472
"detroit_062",2.22567868232727
"detroit_257",2.22567868232727
"detroit_052",2.2211680530883
"detroit_053",2.22065813739345
"detroit_057",2.26588888926312
"detroit_054",2.26192051921995
"detroit_051",2.22148438856784
"detroit_050",2.22196491029019
"detroit_034",2.22263449609123
"detroit_275",2.19446182250977
"detroit_290",2.19446182250977
"detroit_294",2.19446182250977
"detroit_276",2.19446182250977
"detroit_232",2.19446182250977
"detroit_273",2.19446182250977
"detroit_256",2.19446182250977
"detroit_277",2.19446182250977
"detroit_246",2.19446182250977
"detroit_224",2.19446182250977
"detroit_270",2.19446182250977
"detroit_274",2.19446182250977
"detroit_289",2.19446182250977
"detroit_269",2.19698854417527
"detroit_283",2.19507501270483
"detroit_288",2.19465489701888
"detroit_284",2.19471057418363
"detroit_285",2.19525456428528
"detroit_287",2.19525456428528
"detroit_291",2.19525456428528
"detroit_293",2.19463897779734
"detroit_292",2.19525456428528
"detroit_163",2.19525456428528
"detroit_286",2.19525456428528
"detroit_279",2.19525456428528
"detroit_156",2.1990377157323
"detroit_157",2.19889569275626
"detroit_278",2.19917117448955
"detroit_280",2.19930031894358
"detroit_155",2.20334672927856
"detroit_115",2.20334672927856
"detroit_297",2.20334672927856
"detroit_114",2.20334672927856
"detroit_116",2.20438480859733
"detroit_281",2.20011110851543
"detroit_282",2.20578670168857
"detroit_250",2.20611095428467
"detroit_238",2.20611095428467
"detroit_124",2.20563642796785
"detroit_118",2.20611095428467
"detroit_123",2.20611095428467
"detroit_184",2.20611095428467
"detroit_197",2.20611095428467
"detroit_271",2.20539875034233
"detroit_272",2.19490591037209
"detroit_239",2.20611095428467
"detroit_152",2.23072577247382
"detroit_196",2.20611095428467
"detroit_194",2.20611095428467
"detroit_119",2.20611095428467
"detroit_027",2.23351363374134
"detroit_195",2.20611095428467
"detroit_098",2.21041070318773
"detroit_099",2.23862767219543
"detroit_193",2.20611095428467
"detroit_014",2.20611095428467
"detroit_122",2.20611095428467
"detroit_120",2.20611095428467
"detroit_121",2.20423456740977
"detroit_231",2.20611095428467
"detroit_185",2.20605068358702
"detroit_189",2.20462169928488
"detroit_191",2.20611095428467
"detroit_188",2.20225972560142
"detroit_192",2.20611087684088
"detroit_100",2.23862767219543
"detroit_144",2.21586268281805
"detroit_095",2.23038860529138
"detroit_148",2.20243444694199
"detroit_031",2.20098400115967
"detroit_229",2.2072401538314
"detroit_066",2.21535807599451
"detroit_028",2.20098400115967
"detroit_187",2.20098400115967
"detroit_254",2.20098400115967
"detroit_186",2.20098400115967
"detroit_253",2.20098400115967
"detroit_142",2.20098400115967
"detroit_030",2.20098400115967
"detroit_259",2.20132740682323
"detroit_105",2.20334672927856
"detroit_107",2.20866365763875
"detroit_092",2.21015334129333
"detroit_109",2.21015334129333
"detroit_108",2.21015334129333
"detroit_016",2.21015334129333
"detroit_237",2.21015334129333
"detroit_093",2.21015334129333
"detroit_009",2.20615379724902
"detroit_094",2.21015334129333
"detroit_262",2.21015334129333
"detroit_106",2.20334672927856
"detroit_295",2.20334672927856
"detroit_296",2.20334672927856
"detroit_159",2.1986832558275
"detroit_263",2.19879110379968
"detroit_083",2.18495082855225
"detroit_084",2.18495082855225
"detroit_081",2.18495082855225
"detroit_080",2.18495082855225
"detroit_068",2.24237955682787
"detroit_247",2.24342653696576
"detroit_079",2.18495082855225
"detroit_071",2.23595792665686
"detroit_070",2.2483036971215
"detroit_004",2.25775043824694
"detroit_082",2.20218432228318
"detroit_078",2.18657017088023
"detroit_006",2.2217847924597
"detroit_085",2.18495082855225
"detroit_086",2.19975736592457
"detroit_007",2.19741480792079
"detroit_087",2.19075866394588
"detroit_091",2.21015334129333
"detroit_088",2.19575997340891
"detroit_089",2.19186162756575
"detroit_090",2.21015334129333
"detroit_110",2.19480278617358
"detroit_111",2.25865645195304
"detroit_140",2.22384129877348
"detroit_141",2.20098400115967
"detroit_205",2.20098400115967
"detroit_026",2.20942524275431
"detroit_213",2.20098400115967
"detroit_214",2.21162073345228
"detroit_228",2.21572589874268
"detroit_227",2.21572589874268
"detroit_240",2.20874221229894
"detroit_012",2.21572589874268
"detroit_001",2.22523788445236
"detroit_204",2.20416978025947
"detroit_002",2.24792793476706
"detroit_202",2.23564568471457
"detroit_200",2.23644733428955
"detroit_212",2.26194190979004
"detroit_210",2.25885912125755
"detroit_211",2.26194190979004
"detroit_024",2.26194190979004
"detroit_236",2.26194190979004
"detroit_008",2.26194190979004
"detroit_010",2.26194190979004
"detroit_011",2.26197463669164
"detroit_221",2.26194190979004
"detroit_198",2.26108899568972
"detroit_260",2.26194190979004
"detroit_203",2.24450941811459
"detroit_199",2.23644733428955
"detroit_065",2.23644733428955
"detroit_025",2.23679820083895
"detroit_245",2.25132592333439
"detroit_020",2.26238782941641
"detroit_241",2.26522203492959
"detroit_029",2.27575662520003
"detroit_023",2.27509252902662
"detroit_021",2.27207561360438
"detroit_022",2.27394843101501
"detroit_019",2.26816413600551
"detroit_268",2.27394843101501
"detroit_209",2.27394039746993
"detroit_018",2.27145601928304
"detroit_005",2.2607704915629
"detroit_077",2.25755358012941
"detroit_076",2.26478658501288
"detroit_072",2.26257729530334
"detroit_075",2.26277127712878
"detroit_015",2.27355565433946
"detroit_143",2.26981095378274
"detroit_074",2.26257729530334
"detroit_243",2.26257729530334
"detroit_073",2.26257729530334
"detroit_136",2.26257729530334
"detroit_137",2.26129772444832
"detroit_138",2.26195142557469
"detroit_183",2.2601489269465
"detroit_255",2.27333501289421
"detroit_244",2.27394843101501
"detroit_017",2.27394843101501
"detroit_219",2.27086109891801
"detroit_264",2.26578597360087
"detroit_267",2.27394843101501
"detroit_003",2.2719762999477
"detroit_266",2.26624882556493
"detroit_265",2.25700712203979
"detroit_261",2.25712824030983
"detroit_220",2.25756639764084
"detroit_139",2.25862669944763
"detroit_182",2.25836825123342
"detroit_151",2.25862669944763
"detroit_181",2.25862669944763
"detroit_133",2.25862669944763
"detroit_126",2.2609295864222
"detroit_129",2.25991693284101
"detroit_134",2.26020723438517
"detroit_135",2.26092436295033
"detroit_128",2.26257729530334
"detroit_127",2.26257729530334
"detroit_132",2.26257729530334
"detroit_131",2.26257729530334
"detroit_069",2.26257729530334
"detroit_130",2.26263911228561
"detroit_067",2.26257729530334
"detroit_201",2.23644733428955
"detroit_216",2.22117174676367
"detroit_215",2.217137643274
"detroit_217",2.21572589874268
"detroit_226",2.21572589874268
"detroit_218",2.21572589874268
"detroit_013",2.2315903879002
"detroit_097",2.23895263671875
"detroit_096",2.23490981841062
"detroit_125",2.22792686626995
"detroit_223",2.23838887346655
"detroit_150",2.23315300817328
"detroit_235",2.22020687888643
"detroit_252",2.23685807291245
"detroit_146",2.21572589874268
"detroit_145",2.22996763995699
"detroit_225",2.21582674199339
"detroit_248",2.23862767219543
"detroit_102",2.23862767219543
"detroit_103",2.23862767219543
"detroit_207",2.23862767219543
"detroit_147",2.23862767219543
"detroit_149",2.23862767219543
"detroit_230",2.23862767219543
"detroit_104",2.24043793976212
"detroit_112",2.23862767219543
"detroit_113",2.23862767219543
"detroit_117",2.23877114445136
"detroit_190",2.25272894159346
"detroit_101",2.23457456687847
"detroit_055",2.26676004184177
"detroit_208",2.26888465881348
"detroit_056",2.26888465881348
"atlanta_120",3.27536979144726
"atlanta_018",3.30710925574775
"atlanta_001",3.29628610610962
"atlanta_013",3.13920894456494
"atlanta_105",3.00559054830249
"atlanta_108",2.99136328697205
"atlanta_008",3.09054168903409
"atlanta_077",3.08813088631203
"atlanta_083",3.09803864206046
"atlanta_089",3.06568574905396
"atlanta_084",3.06568574905396
"atlanta_020",3.09545985065711
"atlanta_081",3.09275867314559
"atlanta_082",3.10265779495239
"atlanta_038",3.08834642917363
"atlanta_037",3.09253123454764
"atlanta_055",3.0767586183018
"atlanta_025",3.07730280896609
"atlanta_104",3.01888608573551
"atlanta_118",3.01535683496604
"atlanta_026",3.0032026186486
"atlanta_024",3.07222467503201
"atlanta_101",3.07754182815552
"atlanta_069",3.07754182815552
"atlanta_126",3.07845341582864
"atlanta_064",3.07754182815552
"atlanta_027",3.1087075949349
"atlanta_074",3.11898831092416
"atlanta_070",3.10914056025948
"atlanta_125",3.11045099196342
"atlanta_014",3.15001768510649
"atlanta_028",3.26867785105881
"atlanta_045",3.23876118775491
"atlanta_079",3.11043334007263
"atlanta_068",3.09421442714151
"atlanta_065",3.10371981330816
"atlanta_114",3.07766847256537
"atlanta_050",3.10104907459802
"atlanta_066",3.11043334007263
"atlanta_109",3.11043334007263
"atlanta_106",3.11043334007263
"atlanta_067",3.11097076556318
"atlanta_075",3.11043334007263
"atlanta_049",3.11043334007263
"atlanta_012",3.11043334007263
"atlanta_052",3.1613863541471
"atlanta_041",3.17252192167967
"atlanta_048",3.16629583162351
"atlanta_034",3.21076035499573
"atlanta_060",3.21076035499573
"atlanta_103",3.21076035499573
"atlanta_035",3.18187499355238
"atlanta_112",3.14135643028615
"atlanta_040",3.08631359775869
"atlanta_097",3.18142871637898
"atlanta_029",3.09220073790737
"atlanta_005",3.09143799938566
"atlanta_036",3.09217977523804
"atlanta_039",3.08440536520879
"atlanta_053",3.07754182815552
"atlanta_051",3.07754182815552
"atlanta_056",3.07754182815552
"atlanta_063",3.07754182815552
"atlanta_054",3.07754182815552
"atlanta_078",3.09217977523804
"atlanta_094",3.09278706080914
"atlanta_116",3.09217977523804
"atlanta_095",3.09217977523804
"atlanta_091",3.09217977523804
"atlanta_092",3.09217977523804
"atlanta_093",3.0932974303192
"atlanta_122",3.09155801995927
"atlanta_121",3.08876666576034
"atlanta_090",3.09085269610116
"atlanta_073",3.08442609116186
"atlanta_123",3.09217977523804
"atlanta_009",3.09217977523804
"atlanta_107",3.09217977523804
"atlanta_007",3.09217977523804
"atlanta_006",3.08623929148276
"atlanta_110",3.12604434760411
"atlanta_129",3.23519723483041
"atlanta_010",3.09217977523804
"atlanta_085",3.14566478900227
"atlanta_096",3.09217977523804
"atlanta_135",3.20361621071227
"atlanta_115",3.19978919225709
"atlanta_086",3.21076035499573
"atlanta_030",3.21076035499573
"atlanta_061",3.21707411193215
"atlanta_087",3.25790759715971
"atlanta_072",3.30417759909899
"atlanta_117",3.2827136516571
"atlanta_019",3.15073371626231
"atlanta_004",3.28056924880732
"atlanta_111",3.28560289442024
"atlanta_011",3.29473001718795
"atlanta_102",3.25419578426772
"atlanta_100",3.17296705028021
"atlanta_119",3.16243847737968
"atlanta_130",3.08897499689521
"atlanta_002",3.09487550001245
"atlanta_003",3.08623576164246
"atlanta_127",3.08623576164246
"atlanta_128",3.08592371237622
"atlanta_133",3.08623576164246
"atlanta_132",3.08148283988824
"atlanta_131",3.09835167543956
"atlanta_099",3.14042828997983
"atlanta_124",3.0596687033832
"atlanta_088",3.09094192718177
"atlanta_021",3.08273766433298
"atlanta_022",3.10265779495239
"atlanta_080",3.10265779495239
"atlanta_023",3.10265779495239
"atlanta_098",3.1372178712747
"atlanta_134",3.14270980332438
"atlanta_113",3.1530870093815
"atlanta_032",3.2253997735875
"atlanta_057",3.20624804079694
"atlanta_062",3.22883820533752
"atlanta_071",3.24103556111198
"atlanta_058",3.22599702268861
"atlanta_059",3.22183617273792
"atlanta_047",3.22883820533752
"atlanta_042",3.21916422877104
"atlanta_033",3.24006084667471
"atlanta_043",3.23043308033979
"atlanta_044",3.28430227551872
"atlanta_031",3.27187328677704
"atlanta_017",3.28296003514337
"atlanta_015",3.29149951738412
"atlanta_046",3.25920487461161
"atlanta_076",3.25008867225978
"atlanta_016",3.29282740099569
"newyork_021",3.31524186684872
"newyork_055",2.51907548319507
"newyork_032",2.9220598847245
"newyork_039",2.41448885153144
"newyork_041",2.02299717720518
"newyork_040",2.95752668744873
"newyork_038",3.21113489315722
"newyork_037",3.20959811240584
"newyork_036",3.22229387695299
"newyork_035",3.28405812233093
"newyork_022",3.307171446162
"newyork_023",3.27968482418418
"newyork_020",3.24691897908617
"newyork_017",3.37601577791206
"newyork_016",3.39267321011605
"newyork_015",3.39953549428646
"newyork_014",3.44464703117818
"newyork_042",3.37022668175116
"newyork_050",3.31390084356986
"newyork_018",3.46864701761973
"newyork_024",3.407920690277
"newyork_025",3.2885724500164
"newyork_019",3.4946471937826
"newyork_027",3.37346695767582
"newyork_028",3.34720403534871
"newyork_029",3.29870366272805
"newyork_034",3.30802748169019
"newyork_033",3.22517630918312
"newyork_026",3.29606061690947
"newyork_030",3.26805039929137
"newyork_051",3.20239946157228
"newyork_031",3.24883822034167
"newyork_054",3.1986080491415
"newyork_052",3.15581967564239
"newyork_049",3.09369581277722
"newyork_048",3.08850515216707
"newyork_043",3.0654186289383
"newyork_044",3.01887974831755
"newyork_045",2.89946194856692
"newyork_047",2.95717641516428
"newyork_053",3.00028873239889
"newyork_046",3.00604779214747
"newyork_003",3.18559773140094
"newyork_009",3.23774875515061
"newyork_004",3.28090328613402
"newyork_002",3.31901709728404
"newyork_001",3.3487265170876
"newyork_006",3.34453071653654
"newyork_005",3.33827087097465
"newyork_007",3.41262145266835
"newyork_011",3.41009451094715
"newyork_008",3.53397703170776
"newyork_013",3.49947558267285
"newyork_010",3.35915553199114
"newyork_012",3.42715921750708
"boston_151",3.62702600368236
"boston_153",3.41061366248373
"boston_47",3.37716337741509
"boston_46",3.46234932955746
"boston_51",3.37177773096367
"boston_95",3.61949989102308
"boston_48",3.35431265830994
"boston_91",3.35431265830994
"boston_168",3.35431265830994
"boston_165",3.35431265830994
"boston_169",3.35431265830994
"boston_167",3.35431265830994
"boston_166",3.35431265830994
"boston_171",3.35431265830994
"boston_90",3.35431265830994
"boston_170",3.35431265830994
"boston_157",3.53280035371813
"boston_174",3.54505766483776
"boston_50",3.54768692396302
"boston_154",3.53919524856298
"boston_121",3.58969304092195
"boston_49",3.56723833084106
"boston_58",3.56723833084106
"boston_59",3.56723833084106
"boston_127",3.56723833084106
"boston_96",3.56723833084106
"boston_126",3.56723833084106
"boston_130",3.56723833084106
"boston_97",3.56723833084106
"boston_67",3.61412952910741
"boston_60",3.56723833084106
"boston_131",3.56723833084106
"boston_129",3.56723833084106
"boston_68",3.56723833084106
"boston_3",3.56723833084106
"boston_172",3.56723833084106
"boston_173",3.56723833084106
"boston_12",3.63073658943176
"boston_64",3.63073658943176
"boston_134",3.63343140904719
"boston_18",3.66311823273805
"boston_115",3.66395284464149
"boston_114",3.66167181533336
"boston_99",3.64713283062102
"boston_98",3.65129748479544
"boston_17",3.68574957659179
"boston_101",3.68646192550659
"boston_113",3.67353368772382
"boston_57",3.67591996467075
"boston_9",3.66424159083797
"boston_100",3.68597609760749
"boston_32",3.75998247464115
"boston_31",3.78099949579838
"boston_37",3.88238146988082
"boston_119",3.66420769691467
"boston_69",3.66534700662552
"boston_103",3.66420769691467
"boston_15",3.66420769691467
"boston_161",3.82686658897109
"boston_16",3.91820240020752
"boston_52",3.86093882700941
"boston_40",3.91820240020752
"boston_14",3.66420769691467
"boston_116",3.92935441507044
"boston_53",3.91820240020752
"boston_42",3.98658871650696
"boston_13",3.75247292028251
"boston_135",3.66509306612513
"boston_36",3.66420769691467
"boston_34",3.66420769691467
"boston_33",3.66420769691467
"boston_72",3.66425400727829
"boston_71",3.66447850573521
"boston_35",3.66420769691467
"boston_180",3.6681870453594
"boston_179",3.66880443312876
"boston_132",3.6642940111665
"boston_73",3.66512910869189
"boston_74",3.66857381998211
"boston_63",3.66555493444992
"boston_65",3.66394571586731
"boston_8",3.63323383387605
"boston_10",3.64767490248716
"boston_11",3.64616612542988
"boston_5",3.66447515221412
"boston_158",3.66800042418036
"boston_56",3.66880536079407
"boston_7",3.64249358270084
"boston_6",3.57373978620915
"boston_55",3.62907937202693
"boston_62",3.66880536079407
"boston_61",3.66757826575699
"boston_4",3.57153548569397
"boston_109",3.66880536079407
"boston_112",3.64024455450302
"boston_110",3.66880536079407
"boston_2",3.66880536079407
"boston_1",3.66880536079407
"boston_108",3.66880536079407
"boston_111",3.66880536079407
"boston_80",3.66880536079407
"boston_79",3.66880536079407
"boston_76",3.66880536079407
"boston_75",3.66880536079407
"boston_133",3.66880536079407
"boston_77",3.66880536079407
"boston_177",3.66880536079407
"boston_178",3.66880536079407
"boston_175",3.66880536079407
"boston_78",3.66880536079407
"boston_176",3.66880536079407
"boston_148",3.66880536079407
"boston_144",3.66880536079407
"boston_145",3.66880536079407
"boston_136",3.66880536079407
"boston_122",3.66245251931369
"boston_143",3.66880536079407
"boston_140",3.66880536079407
"boston_139",3.66880536079407
"boston_141",3.66880536079407
"boston_142",3.66880536079407
"boston_137",3.65165691401541
"boston_150",3.62016277243741
"boston_107",3.66880536079407
"boston_66",3.63105840186273
"boston_124",3.65460453213455
"boston_123",3.64196457501825
"boston_125",3.66880536079407
"boston_128",3.66880536079407
"boston_120",3.62425412228036
"boston_92",3.61984825134277
"boston_155",3.61984825134277
"boston_149",3.61984825134277
"boston_156",3.61984825134277
"boston_152",3.61984825134277
"boston_106",3.85479879866241
"boston_105",3.86923562837549
"boston_104",3.92095876187376
"boston_25",3.98259303515564
"boston_24",3.98658871650696
"boston_27",3.98658871650696
"boston_45",3.98658871650696
"boston_26",3.98658871650696
"boston_84",3.98360504950151
"boston_83",3.98658871650696
"boston_85",3.8264117484076
"boston_86",3.78180295251068
"boston_88",3.66880536079407
"boston_89",3.66880536079407
"boston_138",3.66880536079407
"boston_87",3.66880536079407
"boston_146",3.66880536079407
"boston_147",3.66880536079407
"boston_162",3.7255075941479
"boston_82",3.97740313627672
"boston_163",3.66880536079407
"boston_164",3.66880536079407
"boston_81",3.98658871650696
"boston_28",3.98658871650696
"boston_70",3.98658871650696
"boston_43",3.98658871650696
"boston_41",3.98658871650696
"boston_44",3.95443414603012
"boston_21",3.93159166447765
"boston_22",3.9261219353003
"boston_23",3.92827338812831
"boston_118",3.91870445580195
"boston_20",3.91872593510281
"boston_117",3.91820240020752
"boston_19",3.91948032522326
"boston_160",3.91820240020752
"boston_159",3.91820240020752
"boston_54",3.91820240020752
"boston_38",3.91820240020752
"boston_39",3.91820240020752
"boston_30",3.83966312182337
"boston_93",3.91820240020752
"boston_102",3.83167555808969
"boston_94",3.76910842761841
"boston_29",3.7634265422821
"lima_001",0.151030721781487
"lima_024",0.0139029095629639
"lima_027",0.106053358208548
"lima_026",0.0866795132883601
"lima_019",0.0665721663022351
"lima_023",0.129516654900534
"lima_008",0.220774022624166
"lima_029",0.0424959976335018
"lima_038",0.0210936236177039
"lima_007",0.0451468091172126
"lima_040",0.0619042112758003
"lima_003",0.0311392009962623
"lima_022",0.0296084203156683
"lima_033",0.0416914283497417
"lima_043",0.0717027122591598
"lima_042",0.0759848933903749
"lima_013",0.114504866977776
"lima_002",0.167145855616544
"lima_018",0.229754572482376
"lima_006",0.244343642522736
"lima_010",0.127341120972069
"lima_037",0.133602933483046
"lima_032",0.115375087177134
"lima_015",0.0793194876579803
"lima_034",0.118044430918383
"lima_014",0.0960049753856144
"lima_030",0.0892202456328119
"lima_031",0.0629591578568196
"lima_041",0.0326850907105482
"lima_020",0.0353323485684151
"lima_012",0.0709857978384802
"lima_016",0.0954547896981239
"lima_028",0.114776462923908
"lima_004",0.063687147856703
"lima_021",0.0352882417682752
"lima_036",0.0354529627881823
"lima_035",0.0505556780054409
"lima_017",0.0427047378993409
"lima_009",0.0533793477993125
"lima_011",0.0650641080475423
"lima_005",0.18514366491154
"lima_025",0.068517317553005
"lima_039",0.0672804389545642
"saopaulo_052",6.84290722295138
"saopaulo_056",5.9317495510085
"saopaulo_030",6.12402692935919
"saopaulo_069",4.90452381779384
"saopaulo_059",5.6839859550433
"saopaulo_027",4.82071807121468
"saopaulo_037",5.09582576898892
"saopaulo_022",5.37169625173703
"saopaulo_016",5.437266076971
"saopaulo_023",5.70010667819202
"saopaulo_042",5.41125530138771
"saopaulo_045",5.59448830628348
"saopaulo_081",5.64450112664575
"saopaulo_072",5.34045926873254
"saopaulo_015",5.17546564337415
"saopaulo_034",5.19930961335701
"saopaulo_053",5.19416118381426
"saopaulo_055",5.28967831232006
"saopaulo_085",5.34334278106689
"saopaulo_017",5.27323208859468
"saopaulo_019",5.45847126135289
"saopaulo_096",5.29552915789617
"saopaulo_066",5.1581716829678
"saopaulo_068",5.20995579948816
"saopaulo_012",5.27238071026472
"saopaulo_040",5.12327644063994
"saopaulo_002",5.17094627228234
"saopaulo_090",5.1092093004639
"saopaulo_048",5.13357516346236
"saopaulo_063",5.22043255539667
"saopaulo_044",5.21808456097106
"saopaulo_026",5.16930323513775
"saopaulo_061",5.19044973796872
"saopaulo_006",5.19011545181274
"saopaulo_070",5.09089982371608
"saopaulo_009",4.87597805176578
"saopaulo_021",5.06626261488091
"saopaulo_071",4.8735999861946
"saopaulo_067",4.82597292101542
"saopaulo_007",4.83654197154171
"saopaulo_080",4.81026178546049
"saopaulo_057",4.85966110229492
"saopaulo_088",4.85824445121494
"saopaulo_094",4.90004339071583
"saopaulo_091",4.81518356342466
"saopaulo_008",4.82845137180209
"saopaulo_010",4.83457970842916
"saopaulo_014",4.70538806915283
"saopaulo_049",4.70538806915283
"saopaulo_054",4.8279961622937
"saopaulo_033",4.77819968884981
"saopaulo_092",4.72070745165067
"saopaulo_079",4.78376432023347
"saopaulo_095",4.89173939263369
"saopaulo_001",4.87199260998843
"saopaulo_087",4.99899778486658
"saopaulo_074",4.8703449792519
"saopaulo_078",4.80849147510469
"saopaulo_004",5.06394815444946
"saopaulo_020",5.04287761746732
"saopaulo_093",5.13057092181848
"saopaulo_024",5.00262499550142
"saopaulo_060",5.08405878511694
"saopaulo_065",5.08024495644356
"saopaulo_018",5.03050621653569
"saopaulo_082",4.81739643887173
"saopaulo_038",4.89903004842135
"saopaulo_028",4.99124251869311
"saopaulo_005",5.0515280635459
"saopaulo_089",5.02547051732496
"saopaulo_036",5.04172481391608
"saopaulo_076",4.89700337792529
"saopaulo_043",4.71549924698091
"saopaulo_035",4.84325810415372
"saopaulo_086",4.9585223775737
"saopaulo_047",4.98761980212269
"saopaulo_046",5.04273165495428
"saopaulo_031",5.0348474952184
"saopaulo_025",5.02781193861521
"saopaulo_032",4.78338429784275
"saopaulo_058",4.98625710967128
"saopaulo_075",4.83773872451783
"saopaulo_077",4.71050588874629
"saopaulo_003",4.97899154800272
"saopaulo_062",4.97699962254711
"saopaulo_013",4.88500261890924
"saopaulo_011",4.87379207470108
"saopaulo_051",4.86826264862485
"saopaulo_083",4.80830297769563
"saopaulo_084",4.89024399104578
"saopaulo_029",4.97420930575937
"saopaulo_050",5.06128538418691
"saopaulo_064",4.92667587331717
"saopaulo_039",5.07740891504332
"saopaulo_073",4.97671313705257
"saopaulo_041",4.97694635166022
