"nbhd_code","PM25_2008"
"casablanca_025",6.08048714110763
"casablanca_011",6.48827813815864
"casablanca_012",6.5905525460455
"casablanca_031",6.38762609280431
"casablanca_019",6.77231051344743
"casablanca_016",7.75740780217438
"casablanca_002",6.97305389221557
"casablanca_014",8.22852760736196
"casablanca_022",7.85690789473684
"casablanca_005",7.19856887298748
"casablanca_015",6.35600473142221
"casablanca_021",6
"casablanca_026",5.93546195652174
"casablanca_027",6
"casablanca_009",6.72509578544061
"casablanca_010",7.02836879432624
"casablanca_006",6.95628415300546
"casablanca_033",6.0882752376641
"casablanca_008",7.60304761904762
"casablanca_023",6
"casablanca_018",5.95928629359286
"casablanca_032",5.73009950248756
"casablanca_030",7.01349726045704
"casablanca_034",5.69971346704871
"casablanca_001",5.91862191862192
"casablanca_013",6.32989151122954
"casablanca_003",5.92211573456266
"casablanca_029",6.10115935439873
"casablanca_004",6.67535476397336
"casablanca_017",6.21843251088534
"casablanca_028",9.101246105919
"casablanca_020",7.5
"casablanca_024",9.84594594594594
"casablanca_007",9.18388318009735
"barcelona_22",15.2081736909323
"barcelona_39",11.4966216216216
"barcelona_40",10.5822416302766
"barcelona_43",10.3497757847534
"barcelona_28",10.3453237410072
"barcelona_41",8.01133144475921
"barcelona_38",8.37383177570093
"barcelona_29",8
"barcelona_25",10.1622103386809
"barcelona_27",NA
"barcelona_26",NA
"barcelona_24",9
"barcelona_23",10.7094594594595
"barcelona_21",9.79142300194932
"barcelona_20",NA
"barcelona_19",NA
"barcelona_18",NA
"barcelona_8",NA
"barcelona_9",NA
"barcelona_15",NA
"barcelona_14",NA
"barcelona_16",NA
"barcelona_17",NA
"barcelona_13",NA
"barcelona_11",NA
"barcelona_12",NA
"barcelona_1",NA
"barcelona_2",NA
"barcelona_3",NA
"barcelona_10",NA
"barcelona_7",NA
"barcelona_31",NA
"barcelona_30",NA
"barcelona_37",8
"barcelona_32",NA
"barcelona_34",NA
"barcelona_36",NA
"barcelona_33",NA
"barcelona_6",NA
"barcelona_35",NA
"barcelona_64",NA
"barcelona_63",NA
"barcelona_62",NA
"barcelona_65",NA
"barcelona_5",NA
"barcelona_66",NA
"barcelona_4",NA
"barcelona_67",NA
"barcelona_68",NA
"barcelona_71",NA
"barcelona_61",NA
"barcelona_72",NA
"barcelona_73",NA
"barcelona_69",NA
"barcelona_70",NA
"barcelona_56",NA
"barcelona_57",NA
"barcelona_59",NA
"barcelona_60",NA
"barcelona_44",NA
"barcelona_45",NA
"barcelona_52",NA
"barcelona_53",NA
"barcelona_58",NA
"barcelona_54",NA
"barcelona_50",NA
"barcelona_55",NA
"barcelona_49",NA
"barcelona_48",NA
"barcelona_51",NA
"barcelona_46",NA
"barcelona_47",NA
"barcelona_42",8
"istanbul_032",9.30843141038009
"istanbul_015",9.16394246646111
"istanbul_014",10.8033126702728
"istanbul_002",9.18517222564881
"istanbul_018",12.1552281144118
"istanbul_008",9.89937458854509
"istanbul_012",11.273331319843
"istanbul_001",9.24406779661017
"istanbul_004",12.6590823852982
"istanbul_026",12.9730536294216
"istanbul_007",9.40737489025461
"istanbul_006",11.8112141992739
"istanbul_005",14.0867404200738
"istanbul_022",11.2325809617272
"istanbul_017",12.3687742847051
"istanbul_019",9.80791549939969
"istanbul_035",10.0970233609646
"istanbul_009",12.2515974440895
"istanbul_021",11.9850905218317
"istanbul_024",10.1746223564955
"istanbul_020",13.7513856969042
"istanbul_013",9.993138424821
"istanbul_033",9.30594900849859
"istanbul_030",9.02531998969161
"istanbul_010",8.44613972697029
"istanbul_038",9.48504891828579
"istanbul_023",9.09138717999603
"istanbul_039",11.1964573268921
"istanbul_025",12.174615070173
"istanbul_028",9.26390291604547
"istanbul_027",9.31120847889158
"istanbul_034",8.85567715458276
"istanbul_029",8.86721276137098
"istanbul_003",9.27135231316726
"istanbul_037",9.48158398978071
"istanbul_016",8.65647482014389
"istanbul_011",8.4368594926537
"istanbul_036",9.12920299746497
"istanbul_031",7.91191483090774
"telaviv_045",8
"telaviv_047",8
"telaviv_046",8
"telaviv_049",8
"telaviv_048",8.01970443349754
"telaviv_050",8.51592356687898
"telaviv_051",8.83233532934132
"telaviv_014",8
"telaviv_015",8
"telaviv_007",8
"telaviv_008",8
"telaviv_002",8
"telaviv_001",8
"telaviv_004",8
"telaviv_009",8
"telaviv_003",8
"telaviv_005",8
"telaviv_010",8
"telaviv_011",8
"telaviv_012",8
"telaviv_013",7.61866666666666
"telaviv_016",7.84
"telaviv_018",7.85585585585586
"telaviv_019",7.07729468599034
"telaviv_026",7
"telaviv_027",7.5695067264574
"telaviv_028",7.34532374100719
"telaviv_025",7.11214953271028
"telaviv_017",7.68
"telaviv_022",7.68345323741007
"telaviv_020",7.88461538461539
"telaviv_021",8
"telaviv_023",7.92814371257485
"telaviv_024",8
"telaviv_070",8
"telaviv_060",7.47368421052632
"telaviv_069",8
"telaviv_059",8
"telaviv_061",8
"telaviv_062",8
"telaviv_058",7.4093023255814
"telaviv_068",8
"telaviv_067",8
"telaviv_063",8
"telaviv_065",8
"telaviv_064",8
"telaviv_066",8.27245508982036
"telaviv_071",8
"telaviv_054",8
"telaviv_056",8.04444444444445
"telaviv_043",8
"telaviv_053",8
"telaviv_037",7.91304347826087
"telaviv_041",7.62138728323699
"telaviv_040",7.11374407582939
"telaviv_031",7.88321167883212
"telaviv_035",8
"telaviv_030",8
"telaviv_034",8
"telaviv_036",8
"telaviv_057",7.37426900584795
"telaviv_032",8
"telaviv_006",8
"telaviv_033",8
"telaviv_029",8
"telaviv_038",8
"telaviv_039",8
"telaviv_042",8
"telaviv_052",8
"telaviv_055",8
"telaviv_044",8
"Johannesburg_1",32
"Johannesburg_2",31.7158018867924
"Johannesburg_3",32
"Johannesburg_6",32.1053576773421
"Johannesburg_23",33.7376410797967
"Johannesburg_125",33.9724958548717
"Johannesburg_122",32.914476590106
"Johannesburg_119",33.0739463601533
"Johannesburg_24",33.7241791044776
"Johannesburg_18",33
"Johannesburg_54",34.3291937332824
"Johannesburg_55",34.4557213930348
"Johannesburg_124",34.9912974683544
"Johannesburg_68",34.8532055122828
"Johannesburg_58",35
"Johannesburg_29",34.0409885473177
"Johannesburg_27",34
"Johannesburg_26",34
"Johannesburg_28",34
"Johannesburg_25",34
"Johannesburg_30",34
"Johannesburg_31",34
"Johannesburg_70",34.6434324659232
"Johannesburg_39",34
"Johannesburg_40",34
"Johannesburg_82",35
"Johannesburg_86",35.1957726957727
"Johannesburg_88",35.5132655096748
"Johannesburg_89",35.4493407356003
"Johannesburg_85",34.9727439303711
"Johannesburg_126",35.5226325193568
"Johannesburg_98",35.8273056057866
"Johannesburg_99",35.9456740442656
"Johannesburg_117",35.7804662142225
"Johannesburg_102",36
"Johannesburg_90",36
"Johannesburg_87",35.2823529411765
"Johannesburg_69",35
"Johannesburg_60",35
"Johannesburg_67",35
"Johannesburg_59",35
"Johannesburg_123",35
"Johannesburg_63",35
"Johannesburg_62",35
"Johannesburg_64",35
"Johannesburg_66",34.7482401656315
"Johannesburg_73",35.0679442508711
"Johannesburg_74",35.2126168224299
"Johannesburg_91",35.4902962206333
"Johannesburg_103",36
"Johannesburg_108",35
"Johannesburg_107",35
"Johannesburg_81",35
"Johannesburg_75",35
"Johannesburg_76",35
"Johannesburg_116",35
"Johannesburg_105",35
"Johannesburg_72",35
"Johannesburg_118",34.5703997119193
"Johannesburg_65",34.0121580547112
"Johannesburg_57",34.0980305377296
"Johannesburg_61",34.8326300984529
"Johannesburg_56",34.3238231098431
"Johannesburg_32",35.3197283189736
"Johannesburg_77",34.8412903225806
"Johannesburg_78",35
"Johannesburg_111",35
"Johannesburg_79",35
"Johannesburg_110",35.8662372517445
"Johannesburg_80",35.0241448692153
"Johannesburg_93",36
"Johannesburg_112",35.907088246728
"Johannesburg_92",35.2010706832411
"Johannesburg_94",36
"Johannesburg_113",36
"Johannesburg_96",35.8639735611574
"Johannesburg_106",36
"Johannesburg_109",35.6537304452467
"Johannesburg_115",35.9171195652174
"Johannesburg_104",36
"Johannesburg_101",35.9773201251303
"Johannesburg_97",35.0987322893363
"Johannesburg_114",35.3236079720567
"Johannesburg_100",35.1584669246361
"Johannesburg_95",36
"Johannesburg_71",34.0154992548435
"Johannesburg_83",34.8781414377557
"Johannesburg_127",34
"Johannesburg_84",34.6647538508004
"Johannesburg_41",34
"Johannesburg_43",34
"Johannesburg_42",34
"Johannesburg_38",34
"Johannesburg_45",34
"Johannesburg_36",34
"Johannesburg_47",34
"Johannesburg_44",34
"Johannesburg_49",34
"Johannesburg_129",34
"Johannesburg_48",34
"Johannesburg_46",34
"Johannesburg_34",34
"Johannesburg_51",34
"Johannesburg_52",33.9933884297521
"Johannesburg_128",34
"Johannesburg_53",33.1245715988675
"Johannesburg_50",33.7879098360656
"Johannesburg_130",33.4325955734406
"Johannesburg_20",33.6824034334764
"Johannesburg_14",33
"Johannesburg_13",33
"Johannesburg_10",33
"Johannesburg_9",33
"Johannesburg_8",32.4796664965118
"Johannesburg_11",33
"Johannesburg_12",33
"Johannesburg_19",33.3292568203198
"Johannesburg_16",33.4137022397892
"Johannesburg_15",33.1660079051383
"Johannesburg_21",33.9290586630286
"Johannesburg_33",34
"Johannesburg_35",34
"Johannesburg_37",34
"Johannesburg_22",33.6949152542373
"Johannesburg_17",33
"Johannesburg_120",32.0135702746365
"Johannesburg_121",32
"Johannesburg_7",32
"Johannesburg_4",32
"Johannesburg_5",32
"jakarta_005",18
"jakarta_001",18.0181455443663
"jakarta_021",18
"jakarta_018",18
"jakarta_008",18.8232403019133
"jakarta_023",18.9116321009919
"jakarta_006",18.5544184760061
"jakarta_011",19
"jakarta_031",18.9901081916538
"jakarta_007",18.8008717595779
"jakarta_022",19
"jakarta_030",19.0747562296858
"jakarta_004",19.7874647581869
"jakarta_016",20
"jakarta_033",20
"jakarta_020",20
"jakarta_017",19.911598462582
"jakarta_015",19.987752602572
"jakarta_040",19.9923896499239
"jakarta_037",19.217943107221
"jakarta_024",19.2551020408163
"jakarta_029",19
"jakarta_012",19
"jakarta_042",19
"jakarta_026",19.0480769230769
"jakarta_009",19.0041386445939
"jakarta_036",19
"jakarta_013",19
"jakarta_002",18.6063829787234
"jakarta_025",19
"jakarta_034",18.6072632944228
"jakarta_019",18.8076535750252
"jakarta_041",18.2208553016989
"jakarta_027",18.6965249298511
"jakarta_035",19
"jakarta_038",19
"jakarta_039",19.0669957686883
"jakarta_010",19.0847763347763
"jakarta_032",19.9198626216371
"jakarta_003",19.9933594929067
"jakarta_028",19.838692672641
"jakarta_014",20
"bangkok_017",32.6278277037496
"bangkok_039",31.4416181960239
"bangkok_004",31.3648386201794
"bangkok_024",32.0610305152576
"bangkok_044",31.2348452734209
"bangkok_045",30.9729868228404
"bangkok_029",30.3263278962777
"bangkok_003",30.9088105030054
"bangkok_031",31
"bangkok_015",30.3642611683849
"bangkok_001",30.0426809990515
"bangkok_012",31
"bangkok_046",30.9837837837838
"bangkok_037",30.0916053921569
"bangkok_005",30.6151390788874
"bangkok_022",30.8670044331856
"bangkok_050",29.8255176613885
"bangkok_042",30.0724713242961
"bangkok_009",30.116367076632
"bangkok_030",30.7450142450142
"bangkok_040",30.9342465753425
"bangkok_034",31
"bangkok_011",31.003711722858
"bangkok_035",31
"bangkok_038",30.9476713762428
"bangkok_018",31.3202548625084
"bangkok_032",31.2553366174056
"bangkok_008",31.3380690991282
"bangkok_010",32
"bangkok_014",31.6318726025805
"bangkok_016",30.9803746654773
"bangkok_019",30.8205485820549
"bangkok_026",31.0220193340494
"bangkok_002",29.9209910529938
"bangkok_049",30.6656346749226
"bangkok_043",29.5386670858221
"bangkok_048",30.6406295540659
"bangkok_023",30.1904352806415
"bangkok_033",29.1978906466833
"bangkok_007",28.3860493084786
"bangkok_047",29.435794080387
"bangkok_006",28.9328610471807
"hochiminh_001",13.8751403173447
"hochiminh_007",13.8856581670232
"hochiminh_004",12.9061299806645
"bangkok_036",28.6660066473375
"bangkok_025",28.1180614922029
"bangkok_041",29.1874407903641
"bangkok_013",30.2839845011301
"bangkok_020",30.093978783804
"bangkok_021",29.6426366843033
"bangkok_027",28.8023126391293
"bangkok_028",28.2705231816248
"hochiminh_012",14.1509022118743
"hochiminh_024",12.3588709677419
"hochiminh_021",11.2849714860785
"hochiminh_005",10.21246666986
"hochiminh_014",11.7756937504804
"hochiminh_019",11.6025599305782
"hochiminh_008",11.1949608703951
"hochiminh_002",12.0841052241571
"hochiminh_006",13.0575043128235
"hochiminh_013",12
"hochiminh_009",12.1905920519059
"hochiminh_015",12
"hochiminh_022",12.8913667849299
"hochiminh_023",12.9950896145347
"hochiminh_003",13.0987636149544
"hochiminh_018",12.4212812160695
"hochiminh_020",12.005598880224
"hochiminh_017",12
"hochiminh_011",12.2629179331307
"hochiminh_010",12
"hochiminh_016",12
"singapore_034",14.4030012655939
"singapore_032",14.1701488639331
"singapore_009",14
"singapore_010",14.1919054115507
"singapore_008",14.7893188504187
"singapore_014",14.0170848905499
"singapore_012",14
"singapore_033",14.3965325627917
"singapore_015",14
"singapore_019",14.515763546798
"singapore_038",14
"singapore_031",14.5397426192279
"singapore_027",14
"singapore_055",14.9141370338248
"singapore_043",14.1844931271478
"singapore_048",14.9836233367451
"singapore_013",14.8121951219512
"singapore_023",14.4146235625949
"singapore_037",14.6150110375276
"singapore_017",14
"singapore_002",14.9080536912752
"singapore_021",14.9620462046205
"singapore_007",14.0098039215686
"singapore_036",14
"singapore_018",14
"singapore_030",14
"singapore_022",14
"singapore_001",13.0072760345612
"singapore_020",NA
"singapore_050",14
"singapore_051",14
"singapore_049",14.2456790123457
"singapore_047",14
"singapore_029",14
"singapore_052",NA
"singapore_045",NA
"singapore_054",NA
"singapore_004",NA
"singapore_046",NA
"singapore_024",NA
"singapore_003",NA
"singapore_011",NA
"singapore_005",NA
"singapore_042",14
"singapore_028",15
"singapore_040",NA
"singapore_016",NA
"singapore_044",NA
"singapore_039",NA
"singapore_053",NA
"singapore_025",14.0774193548387
"singapore_035",NA
"singapore_006",13
"singapore_041",12.8139534883721
"singapore_026",12.5036390101892
"manila_014",10.0115670403187
"manila_001",10.6491354466859
"manila_017",12.4436105476673
"manila_009",18.3569023569024
"manila_004",16.9009617884065
"manila_006",14.0769706974825
"manila_015",10
"manila_007",10
"manila_012",10.0385724585436
"manila_005",10.1407279029463
"manila_016",10.5659265350877
"manila_003",10.6590476190476
"manila_013",10.8874296435272
"manila_011",13.5447614898715
"manila_010",10.9470931402132
"manila_002",NA
"manila_008",10
"seoul_005",27.2154535041133
"seoul_008",24.3215339233038
"seoul_009",26.9377547820634
"seoul_010",28.9085776330076
"seoul_014",27.8378297956755
"seoul_025",28.4914946110895
"seoul_013",28.0974176313446
"seoul_012",29.3137353644719
"seoul_023",26.8458949217035
"seoul_011",28.8411426580735
"seoul_007",28.4101861203289
"seoul_006",27.7599001070282
"seoul_004",24.1975533576262
"seoul_003",23.9832929782082
"seoul_024",26.7073846153846
"seoul_018",28.1107438016529
"seoul_022",25.4902292371289
"seoul_020",26.1072731173568
"seoul_002",23.7211449676824
"seoul_021",23.8908419757427
"seoul_001",23.4069753311459
"seoul_015",24.6873086678912
"seoul_016",25.5262922687323
"seoul_019",23.8773059519666
"seoul_017",26.9761060785086
"beijing_005",59.8665210814528
"beijing_009",43.7716124885977
"beijing_003",73.7705478653311
"beijing_006",77.0502607542577
"beijing_012",78.1118056795856
"beijing_007",73.7359147815546
"beijing_004",76.5250809643756
"beijing_015",81.2449295188247
"beijing_002",67.4263915043973
"beijing_001",50.5260515171565
"beijing_016",33.606216240413
"beijing_008",36.3670882353765
"beijing_013",58.202266586388
"beijing_014",70.1657857294825
"beijing_010",37.0547084360596
"beijing_011",50.2913941089727
"delhi_001",110.661728776867
"delhi_009",116.189646536436
"delhi_005",113.803830734967
"delhi_008",111.082198055615
"delhi_006",113.1328
"delhi_004",117.312066063539
"delhi_003",116.110106820049
"delhi_002",113.115907512156
"delhi_007",111.001742551995
"bangalore_184",24
"bangalore_059",24
"bangalore_096",24
"bangalore_077",24
"bangalore_016",24
"bangalore_093",24
"bangalore_153",24
"bangalore_072",24
"bangalore_012",24
"bangalore_040",24
"bangalore_053",24
"bangalore_190",24
"bangalore_001",24
"bangalore_191",24
"bangalore_020",24
"bangalore_028",24
"bangalore_138",24
"bangalore_060",24
"bangalore_044",24
"bangalore_126",24
"bangalore_019",24
"bangalore_171",24
"bangalore_123",24
"bangalore_076",24
"bangalore_003",24
"bangalore_109",24
"bangalore_089",24
"bangalore_045",24
"bangalore_165",24
"bangalore_166",24
"bangalore_183",24
"bangalore_139",24
"bangalore_002",24
"bangalore_047",24
"bangalore_110",24
"bangalore_116",24
"bangalore_176",24
"bangalore_119",24
"bangalore_058",24
"bangalore_081",24
"bangalore_071",24
"bangalore_024",24
"bangalore_018",23.8936897106109
"bangalore_022",24
"bangalore_006",23.9858823529412
"bangalore_025",24
"bangalore_088",24
"bangalore_078",24
"bangalore_143",24
"bangalore_162",24
"bangalore_160",24
"bangalore_147",24
"bangalore_084",24
"bangalore_108",24
"bangalore_056",24
"bangalore_005",24
"bangalore_186",24
"bangalore_197",24
"bangalore_112",24
"bangalore_013",24
"bangalore_100",24
"bangalore_050",24
"bangalore_142",24
"bangalore_195",24
"bangalore_015",24
"bangalore_187",24
"bangalore_178",24
"bangalore_063",24
"bangalore_087",24
"bangalore_192",24
"bangalore_027",24
"bangalore_070",24
"bangalore_170",24
"bangalore_177",24
"bangalore_158",24
"bangalore_041",24
"bangalore_031",24
"bangalore_092",24
"bangalore_030",24
"bangalore_029",24
"bangalore_023",24
"bangalore_035",24
"bangalore_174",24
"bangalore_140",24
"bangalore_049",24
"bangalore_185",24
"bangalore_037",24
"bangalore_054",24
"bangalore_036",24
"bangalore_095",24
"bangalore_122",24
"bangalore_007",24
"bangalore_151",24
"bangalore_086",24
"bangalore_052",24
"bangalore_085",24
"bangalore_039",24
"bangalore_154",24
"bangalore_156",24
"bangalore_146",24
"bangalore_168",24
"bangalore_021",24
"bangalore_061",24
"bangalore_075",24
"bangalore_161",24
"bangalore_091",24
"bangalore_129",24
"bangalore_099",24
"bangalore_094",24
"bangalore_118",24
"bangalore_064",24
"bangalore_097",24
"bangalore_157",24
"bangalore_113",24
"bangalore_132",24
"bangalore_102",24
"bangalore_135",24
"bangalore_193",24
"bangalore_180",24
"bangalore_026",24
"bangalore_107",24
"bangalore_051",24
"bangalore_065",24
"bangalore_124",24
"bangalore_159",24
"bangalore_148",24
"bangalore_130",24
"bangalore_043",24
"bangalore_188",24
"bangalore_196",24
"bangalore_082",24
"bangalore_105",24
"bangalore_034",24
"bangalore_009",24
"bangalore_114",24
"bangalore_083",24
"bangalore_167",24
"bangalore_121",24
"bangalore_011",24
"bangalore_067",24
"bangalore_106",24
"bangalore_042",24
"bangalore_181",24
"bangalore_068",24
"bangalore_090",24
"bangalore_111",24
"bangalore_066",24
"bangalore_149",24
"bangalore_144",24
"bangalore_033",24
"bangalore_179",24
"bangalore_115",24
"bangalore_117",24
"bangalore_136",24
"bangalore_120",24
"bangalore_125",24
"bangalore_069",24
"bangalore_079",24
"bangalore_198",24
"bangalore_133",24
"bangalore_175",24
"bangalore_145",24
"bangalore_173",24
"bangalore_150",24
"bangalore_169",24
"bangalore_017",24
"bangalore_004",24
"bangalore_163",24
"bangalore_164",24
"bangalore_194",24
"bangalore_103",24
"bangalore_098",24
"bangalore_057",24
"bangalore_127",24
"bangalore_131",24
"bangalore_128",24
"bangalore_134",24
"bangalore_008",24
"bangalore_189",24
"bangalore_073",24
"bangalore_062",24
"bangalore_141",24
"bangalore_155",24
"bangalore_046",24
"bangalore_104",24
"bangalore_080",24
"bangalore_010",24
"bangalore_014",24
"bangalore_048",24
"bangalore_172",24
"bangalore_038",24
"bangalore_055",24
"bangalore_101",24
"bangalore_032",24
"bangalore_074",24
"bangalore_152",24
"bangalore_182",24
"bangalore_137",24
"copenhagen_007",7.35600616016427
"copenhagen_006",8.22375781507075
"copenhagen_005",8.16798656107511
"copenhagen_008",6.61728395061728
"copenhagen_003",6.4463986599665
"copenhagen_002",NA
"copenhagen_001",6.20168067226891
"copenhagen_009",9.29204614450516
"copenhagen_004",8.7529848766251
"copenhagen_010",8.00976042590949
"berlin_012",12.7414659925158
"berlin_004",12.0430947775629
"berlin_011",12.7084197241504
"berlin_006",12.7464878671775
"berlin_010",12.7792665561754
"berlin_003",12.0436358630816
"berlin_007",11.8238044534975
"berlin_002",12.5559345959299
"berlin_005",12.5005443987418
"berlin_001",12.1038985056961
"berlin_008",11.9899060215802
"berlin_009",12.6406685236769
"amsterdam_041",13.6242603550296
"amsterdam_039",12.9284164859002
"amsterdam_045",13.1913580246914
"amsterdam_046",11.6946428571429
"amsterdam_044",11.1705298013245
"amsterdam_061",13.2652745552978
"amsterdam_047",13.0440528634361
"amsterdam_051",10.9389312977099
"amsterdam_055",12.1247216035635
"amsterdam_052",11.3669064748201
"amsterdam_053",12.2724137931034
"amsterdam_021",11.5333333333333
"amsterdam_054",12.9581151832461
"amsterdam_022",12.0909090909091
"amsterdam_019",11.6551724137931
"amsterdam_020",12
"amsterdam_018",11.6666666666667
"amsterdam_031",11
"amsterdam_030",10.1958041958042
"amsterdam_029",10.2011173184358
"amsterdam_043",10.1347626339969
"amsterdam_042",10.3605150214592
"amsterdam_038",12.2706586826347
"amsterdam_034",10.0316831683168
"amsterdam_026",10.4150326797386
"amsterdam_033",10.0398009950249
"amsterdam_032",9.19433962264151
"amsterdam_024",10.9815242494226
"amsterdam_023",10.5188679245283
"amsterdam_025",10.2208588957055
"amsterdam_028",10
"amsterdam_027",11.1574803149606
"amsterdam_015",11.6626016260163
"amsterdam_017",12
"amsterdam_016",12
"amsterdam_014",12
"amsterdam_013",11.2408088235294
"amsterdam_012",11.1726618705036
"amsterdam_011",10.0681497175141
"amsterdam_089",13.1218005295675
"amsterdam_083",13.9441340782123
"amsterdam_084",13.0874769797422
"amsterdam_036",10.39331366765
"amsterdam_037",11.9769778149854
"amsterdam_035",9.69295302013423
"amsterdam_040",12.8677685950413
"amsterdam_085",14.3715670436187
"amsterdam_006",12.014598540146
"amsterdam_088",13.319587628866
"amsterdam_078",11.7854406130268
"amsterdam_079",10.992606284658
"amsterdam_090",10.4188679245283
"amsterdam_082",9.8476821192053
"amsterdam_081",10.45
"amsterdam_092",11.1759530791789
"amsterdam_087",10.027972027972
"amsterdam_091",12.6595528455285
"amsterdam_086",9
"amsterdam_080",9
"amsterdam_069",12.4930991217064
"amsterdam_010",13.2920696324952
"amsterdam_009",14
"amsterdam_065",14
"amsterdam_067",14
"amsterdam_068",13.6159420289855
"amsterdam_070",13.1894093686354
"amsterdam_075",14
"amsterdam_076",14
"amsterdam_074",14
"amsterdam_066",14
"amsterdam_064",14
"amsterdam_077",13.7712418300654
"amsterdam_059",14
"amsterdam_058",14
"amsterdam_063",14
"amsterdam_050",14
"amsterdam_049",13.8923766816143
"amsterdam_057",14
"amsterdam_048",13.5888888888889
"amsterdam_008",13.4428044280443
"amsterdam_004",13.572
"amsterdam_005",13.7866242038217
"amsterdam_002",12.8588235294118
"amsterdam_001",13.1509433962264
"amsterdam_003",12.8518518518518
"amsterdam_007",12.0511508951407
"amsterdam_056",13.1393034825871
"amsterdam_060",13.1226993865031
"amsterdam_062",13.9153737658674
"amsterdam_093",13.5104640582348
"amsterdam_097",13.27533632287
"amsterdam_094",13
"amsterdam_095",12.9016489988221
"amsterdam_099",12.7491995731057
"amsterdam_096",12.7688172043011
"amsterdam_098",13
"amsterdam_073",14
"amsterdam_072",14
"amsterdam_071",13.7845849802372
"london_031",13.9715919803909
"london_026",13.4257485808381
"london_016",12.8559956474429
"london_001",12.8935304489353
"london_025",14.638305039073
"london_030",14.3929720366246
"london_011",13.3963231486277
"london_023",12.2467794721816
"london_003",13.0459821248028
"london_005",11.691893567385
"london_008",11.5457947104346
"paris_012",14.4953821656051
"paris_016",15.5295045755759
"paris_019",14.7492319508449
"paris_018",14.0910660336642
"paris_020",15.1275399913532
"paris_011",15
"paris_010",14.3157423971377
"paris_003",15.382096069869
"paris_004",15.5542949756888
"paris_002",16
"paris_009",15.2814726840855
"paris_001",16
"paris_006",16
"paris_007",15.9038828771483
"paris_008",15.6184210526316
"paris_017",14.9981818181818
"paris_015",15.5506807866868
"paris_014",15.4727439303711
"paris_013",15.8406272793581
"paris_005",15.8510638297872
"london_021",12.6261151126677
"london_029",11.4461159890386
"london_028",13.2316658158925
"london_022",13.4541792547835
"london_007",15
"london_032",12.4511770144371
"london_033",14.6248864668483
"london_006",14.2775345234086
"london_020",14.1142799352751
"london_013",14.2782660509459
"london_024",12.6194136807818
"london_027",13.8923063778888
"london_018",14.0617078926667
"london_009",14.5922612489533
"london_004",13.4259760776348
"london_002",13.3115224485203
"london_015",13.0259212689815
"london_017",13.7236914251972
"london_010",13.2741439470105
"london_014",14.3544219940378
"london_019",14.8978821211624
"london_012",14.9530630515411
"montreal_2",8.3659019173694
"montreal_2",8.3659019173694
"montreal_1",8.12516469038208
"montreal_1",8.12516469038208
"montreal_3",7.73200822481151
"montreal_3",7.73200822481151
"montreal_4",7.81237911025145
"montreal_4",7.81237911025145
"montreal_8",8.2017843866171
"montreal_8",8.2017843866171
"montreal_9",8
"montreal_9",8
"montreal_5",8.98578199052133
"montreal_5",8.98578199052133
"montreal_6",9
"montreal_6",9
"montreal_7",7.83465132997843
"montreal_7",7.83465132997843
"montreal_15",6.93000744601638
"montreal_15",6.93000744601638
"montreal_14",6.10373582388259
"montreal_14",6.10373582388259
"montreal_13",NA
"montreal_13",NA
"montreal_12",6
"montreal_12",6
"montreal_11",6.57432141318397
"montreal_11",6.57432141318397
"montreal_16",8.86641359363702
"montreal_16",8.86641359363702
"montreal_10",7.89358490566038
"montreal_10",7.89358490566038
"vancouver_039",6
"vancouver_040",5.96780684104628
"vancouver_041",5.66666666666667
"vancouver_042",5.65848670756646
"vancouver_035",6
"vancouver_034",5.93013100436681
"vancouver_030",5.58876404494382
"vancouver_106",5.53646677471637
"vancouver_033",5.63740458015267
"vancouver_036",6
"vancouver_037",5.79928315412186
"vancouver_038",6
"vancouver_043",5
"vancouver_044",5
"vancouver_071",5
"vancouver_047",5
"vancouver_046",5.04048582995951
"vancouver_045",5
"vancouver_090",5
"vancouver_073",5.00744878957169
"vancouver_077",5
"vancouver_068",5
"vancouver_078",5.38
"vancouver_066",5
"vancouver_049",5.11181102362205
"vancouver_022",5.33185840707965
"vancouver_023",5.27586206896552
"vancouver_029",5.0836820083682
"vancouver_104",5
"vancouver_024",5
"vancouver_015",5
"vancouver_014",5
"vancouver_012",5
"vancouver_013",5
"vancouver_011",5
"vancouver_018",5
"vancouver_017",5
"vancouver_019",5
"vancouver_016",5
"vancouver_020",5
"vancouver_021",5
"vancouver_050",5
"vancouver_051",5
"vancouver_052",5
"vancouver_055",4.47058823529412
"vancouver_054",5
"vancouver_059",5
"vancouver_056",5
"vancouver_058",5
"vancouver_086",5.64896373056995
"vancouver_057",5.16537467700258
"vancouver_085",5.25
"vancouver_084",5.39803921568627
"vancouver_088",5.85044642857143
"vancouver_087",6
"vancouver_114",5.17710843373494
"vancouver_113",5.83367556468172
"vancouver_116",6
"vancouver_115",6
"vancouver_112",6
"vancouver_082",6
"vancouver_083",5.95886889460154
"vancouver_067",5.75534441805226
"vancouver_111",6
"vancouver_091",6
"vancouver_089",5.50874831763123
"vancouver_081",5.60413080895009
"vancouver_092",5.94187582562748
"vancouver_060",5
"vancouver_053",5
"vancouver_061",5
"vancouver_063",5
"vancouver_062",5
"vancouver_064",5.19383259911894
"vancouver_048",5
"vancouver_097",5
"vancouver_027",5
"vancouver_026",5
"vancouver_025",5
"vancouver_065",5.27622377622378
"vancouver_079",5.23235294117647
"vancouver_080",5.53095684803002
"vancouver_076",5.28685258964143
"vancouver_075",5.2874251497006
"vancouver_074",5.51626016260163
"vancouver_093",6
"vancouver_108",6
"vancouver_107",6
"vancouver_031",5
"vancouver_103",6
"vancouver_094",6
"vancouver_096",5.83820224719101
"vancouver_101",5.33653846153846
"vancouver_032",5
"vancouver_003",5
"vancouver_002",5
"vancouver_004",5
"vancouver_105",5
"vancouver_005",5
"vancouver_007",5
"vancouver_006",5
"vancouver_109",6
"vancouver_009",5.85510204081633
"vancouver_008",6
"vancouver_117",6
"vancouver_110",6
"vancouver_118",6
"vancouver_010",6
"vancouver_001",5.33333333333333
"vancouver_102",5.53802816901409
"vancouver_100",5.54878048780488
"vancouver_028",6
"vancouver_098",5.77251184834123
"vancouver_099",5.83850931677019
"vancouver_095",5.39940828402367
"vancouver_072",5
"vancouver_070",5.17857142857143
"vancouver_069",5.7277397260274
"tokyo_011",NA
"tokyo_009",12.6439790575916
"tokyo_008",12.2620449678801
"tokyo_023",11.6074512882735
"tokyo_022",11.9253690541279
"tokyo_021",12.5400166488286
"tokyo_007",12.6939295644115
"tokyo_002",12.1820580474934
"tokyo_006",13
"tokyo_003",13.2570321711302
"tokyo_010",12.7228086278109
"tokyo_013",13.9798742138365
"tokyo_001",13.0470002764722
"tokyo_005",13.4530635188308
"tokyo_004",13.9985905567301
"tokyo_016",13.9873108833577
"tokyo_014",14
"tokyo_017",13.8392223422311
"tokyo_018",12.9215070643642
"tokyo_019",14
"tokyo_020",14.0228473322768
"tokyo_015",14
"tokyo_012",12.8351778164636
"melbourne_83",3
"melbourne_84",3
"melbourne_85",3
"melbourne_81",3.48407643312102
"melbourne_82",3.91220338983051
"melbourne_56",2.89157792836399
"melbourne_54",3.26505097134064
"melbourne_57",2.95048859934853
"melbourne_53",3.9200140944327
"melbourne_58",2.47710061305445
"melbourne_61",3.95252225519288
"melbourne_60",3.0702296819788
"melbourne_63",2
"melbourne_59",2.24957118353345
"melbourne_42",4
"melbourne_46",4
"melbourne_62",3.33865030674847
"melbourne_45",3.84491525423729
"melbourne_64",3.95891690009337
"melbourne_43",3.3044925124792
"melbourne_44",3.06385964912281
"melbourne_51",3.81823144104803
"melbourne_49",3.17704337562703
"melbourne_50",3
"melbourne_48",3.69343065693431
"melbourne_93",4
"melbourne_92",4
"melbourne_31",3.01714285714286
"melbourne_34",3.48278335724534
"melbourne_47",3.52251763429192
"melbourne_40",3.18715504264927
"melbourne_35",3.39292364990689
"melbourne_33",3.32600732600733
"melbourne_15",3.86759956942949
"melbourne_22",4
"melbourne_21",3.38364779874214
"melbourne_24",3.89539473684211
"melbourne_28",4
"melbourne_18",4
"melbourne_38",3.72171945701357
"melbourne_13",4
"melbourne_20",4
"melbourne_37",3.36387434554974
"melbourne_41",3.43244837758112
"melbourne_39",3.57960199004975
"melbourne_36",4
"melbourne_1",4
"melbourne_2",4
"melbourne_7",3.81256332320162
"melbourne_6",3.27429805615551
"melbourne_8",3.40296662546353
"melbourne_4",4
"melbourne_52",3.13311688311688
"melbourne_55",3.98746736292428
"melbourne_5",4
"melbourne_10",3.65241635687732
"melbourne_12",4
"melbourne_9",4
"melbourne_3",4
"melbourne_11",4
"melbourne_17",4
"melbourne_16",4
"melbourne_23",4
"melbourne_19",4
"melbourne_14",4
"melbourne_27",4
"melbourne_26",4
"melbourne_29",3.33280632411067
"melbourne_32",3.61228813559322
"melbourne_30",3.76117496807152
"melbourne_73",3.38572806171649
"melbourne_75",3.16377440347072
"melbourne_25",3.65338164251208
"melbourne_66",3.95798637395912
"melbourne_74",3.33246244284781
"melbourne_67",3.86552296624239
"melbourne_78",3.8271474019088
"melbourne_71",3.33730158730159
"melbourne_80",3
"melbourne_89",3.01159725882973
"melbourne_72",4
"melbourne_77",4
"melbourne_76",4
"melbourne_79",3.81536388140162
"melbourne_86",3.55134560906516
"melbourne_68",3.98609501738123
"melbourne_65",4
"melbourne_88",3.99443284620738
"melbourne_91",3.99688473520249
"melbourne_90",3.18756169792695
"melbourne_87",3.24428399518652
"melbourne_70",4
"melbourne_69",3.99781897491821
"losangeles_001",15.3332892168216
"losangeles_002",14.5745842432387
"losangeles_006",15.1683371573481
"losangeles_007",14.08930869836
"losangeles_005",15.025175089911
"losangeles_003",12.588378812199
"losangeles_004",15.2865087040619
"losangeles_009",15.0804720749889
"losangeles_008",13.7717480757128
"losangeles_022",14.1988943913394
"losangeles_020",15.5518914745781
"losangeles_019",15.8358924205379
"losangeles_018",15.0045724737083
"losangeles_011",15.7424209614552
"losangeles_13",14.6387434554974
"losangeles_012",15.3128974205159
"losangeles_010",15.6430287530032
"losangeles_014",15.1567969814485
"losangeles_015",15.5124249661137
"losangeles_016",14.8958282705549
"losangeles_017",14.701405936175
"losangeles_021",14.931884057971
"mexico_014",19.3671010688168
"mexico_005",20.2304711717297
"mexico_001",23.0385220427426
"mexico_010",20.233251776768
"mexico_004",24.995976266794
"mexico_016",22.1096770030009
"mexico_009",23.4270799453587
"mexico_013",23.2662089680326
"mexico_012",18.2609050344239
"mexico_007",23.8805044622282
"mexico_002",25.2924310666813
"mexico_011",25.1524013314313
"mexico_006",24.7161932782618
"mexico_015",23.1331811263318
"mexico_008",23.4204563335956
"mexico_003",25.1003993940229
"chicago_30",12.7741040955631
"chicago_59",12.2004440215668
"chicago_73",12.1555695803092
"chicago_61",12.35226472659
"chicago_45",11.6248275862069
"chicago_46",12
"chicago_67",11.7663738019169
"chicago_9",12.0599785790789
"chicago_3",11.7412442396313
"chicago_4",12.2045117245473
"chicago_14",13.2184129429892
"chicago_12",12.9804270462633
"chicago_58",12.9393611261505
"chicago_13",12.4890795631825
"chicago_63",13.2232409601319
"chicago_20",13.6367827868852
"chicago_62",9.83333333333333
"chicago_65",10.0971128608924
"chicago_76",11.7089947089947
"chicago_6",12.4153561517114
"chicago_29",12.5964139666562
"chicago_33",9.82444444444445
"chicago_68",12.1778774289985
"chicago_36",9
"chicago_28",10.020320855615
"chicago_47",9
"chicago_41",11
"chicago_48",11
"chicago_17",9.76861167002012
"chicago_55",NA
"chicago_2",10.095046854083
"chicago_10",11.9895547003848
"chicago_50",13.1963576932057
"chicago_25",11.1296
"chicago_43",13.8378170637971
"chicago_42",12.9330495356037
"chicago_49",11.7268086995118
"chicago_75",13.2367491166078
"chicago_19",14.7026869158879
"chicago_32",14.4958397534669
"chicago_52",13.9239745403112
"chicago_64",12.9834024896266
"chicago_11",12.0496483243691
"chicago_26",11.9013429752066
"chicago_15",11.84375
"chicago_70",12.4241329479769
"chicago_23",12.8935939196525
"chicago_72",11.572256568779
"chicago_16",11.9911543564794
"chicago_27",12.298687382802
"chicago_69",11.4594095940959
"chicago_1",11.4472622478386
"chicago_71",13.8871252204586
"chicago_5",12.6864111498258
"chicago_56",11.4526413189771
"chicago_22",10.9881188118812
"chicago_54",11.7126526370486
"chicago_24",12.860207365034
"chicago_35",12.6409509946628
"chicago_18",12.0812274368231
"chicago_44",12.1929611650485
"chicago_8",12.9783923941227
"chicago_57",12.9660968660969
"chicago_84",14.7427912341407
"chicago_34",14.7466806429071
"chicago_53",14.3137789904502
"chicago_31",14.376354679803
"chicago_7",14.8654279279279
"chicago_40",14.5053695514845
"chicago_39",12.7843704775687
"chicago_74",11.2727611940299
"chicago_60",NA
"chicago_21",NA
"chicago_66",10.8714524207012
"chicago_51",13.0130533484677
"chicago_37",10.130081300813
"chicago_38",10.0615883306321
"detroit_047",11.8719135802469
"detroit_046",11.5650887573965
"detroit_249",12
"detroit_059",12
"detroit_045",12
"detroit_044",12
"detroit_234",12
"detroit_048",12
"detroit_042",11.9161676646707
"detroit_040",11.3396674584323
"detroit_049",12
"detroit_175",11.0772727272727
"detroit_222",11.0821917808219
"detroit_177",11
"detroit_176",11
"detroit_153",11
"detroit_174",11.0597014925373
"detroit_251",11.3668763102725
"detroit_173",11.4671361502347
"detroit_160",11
"detroit_161",11
"detroit_233",11
"detroit_206",11
"detroit_162",11
"detroit_158",11
"detroit_164",11
"detroit_165",11
"detroit_166",11
"detroit_258",11.1170731707317
"detroit_167",11.3677419354839
"detroit_169",12
"detroit_171",11.8881118881119
"detroit_172",11.6420323325635
"detroit_170",11.5954198473282
"detroit_242",11.0965794768612
"detroit_039",11.4608695652174
"detroit_168",11.6213151927438
"detroit_178",11
"detroit_038",11.2810650887574
"detroit_037",11
"detroit_179",11
"detroit_180",11
"detroit_033",11.0432432432432
"detroit_032",11
"detroit_036",11.3265306122449
"detroit_043",11.9126637554585
"detroit_041",11.9306358381503
"detroit_035",11.9505154639175
"detroit_060",12
"detroit_064",11.5635910224439
"detroit_063",12
"detroit_061",12
"detroit_154",12
"detroit_058",11.9440559440559
"detroit_062",12
"detroit_257",12
"detroit_052",11.75
"detroit_053",11.5
"detroit_057",11.9817351598173
"detroit_054",11.5152284263959
"detroit_051",11.7832512315271
"detroit_050",11
"detroit_034",11.1057268722467
"detroit_275",11
"detroit_290",11
"detroit_294",11
"detroit_276",11.5
"detroit_232",12
"detroit_273",11.5683297180043
"detroit_256",11
"detroit_277",12
"detroit_246",11.62
"detroit_224",11.6372549019608
"detroit_270",11.312030075188
"detroit_274",11
"detroit_289",11
"detroit_269",11.4087837837838
"detroit_283",11
"detroit_288",11
"detroit_284",11
"detroit_285",11
"detroit_287",11.1273885350318
"detroit_291",11.2658610271903
"detroit_293",11
"detroit_292",11.766081871345
"detroit_163",11
"detroit_286",11.3361581920904
"detroit_279",11
"detroit_156",11
"detroit_157",11.0947867298578
"detroit_278",11
"detroit_280",11
"detroit_155",11.5168539325843
"detroit_115",11.4128630705394
"detroit_297",11.3235908141962
"detroit_114",11.2026726057906
"detroit_116",11
"detroit_281",11
"detroit_282",11
"detroit_250",11
"detroit_238",11
"detroit_124",11
"detroit_118",11.0152671755725
"detroit_123",11
"detroit_184",11.2390572390572
"detroit_197",11.8978102189781
"detroit_271",11.4899497487437
"detroit_272",11.9116022099447
"detroit_239",12
"detroit_152",12
"detroit_196",12
"detroit_194",12
"detroit_119",12
"detroit_027",11.7922077922078
"detroit_195",12
"detroit_098",11.7446808510638
"detroit_099",11.4769230769231
"detroit_193",12
"detroit_014",11.8390022675737
"detroit_122",11.5146198830409
"detroit_120",12
"detroit_121",11.6456692913386
"detroit_231",11.7989949748744
"detroit_185",11
"detroit_189",12
"detroit_191",12
"detroit_188",12
"detroit_192",12
"detroit_100",11.0758293838863
"detroit_144",11.6648044692737
"detroit_095",11.9581151832461
"detroit_148",12
"detroit_031",12
"detroit_229",11.7056798623064
"detroit_066",11.8485401459854
"detroit_028",12
"detroit_187",12
"detroit_254",12
"detroit_186",11.5347826086957
"detroit_253",12
"detroit_142",12
"detroit_030",11.387573964497
"detroit_259",11.0330578512397
"detroit_105",11.0519480519481
"detroit_107",11.0090909090909
"detroit_092",11.3015184381779
"detroit_109",11.1524390243902
"detroit_108",11.2677304964539
"detroit_016",11.6732283464567
"detroit_237",11.1152737752161
"detroit_093",11
"detroit_009",11
"detroit_094",11
"detroit_262",11
"detroit_106",11
"detroit_295",11
"detroit_296",11.1083172147002
"detroit_159",11
"detroit_263",11.0186046511628
"detroit_083",11
"detroit_084",11
"detroit_081",11
"detroit_080",11
"detroit_068",11.2147505422993
"detroit_247",11.284064665127
"detroit_079",11.4010217113665
"detroit_071",11.582995951417
"detroit_070",11.3832442067736
"detroit_004",12
"detroit_082",12
"detroit_078",12
"detroit_006",12
"detroit_085",11.3848439821694
"detroit_086",11.7623089983022
"detroit_007",12
"detroit_087",11.622905027933
"detroit_091",11
"detroit_088",11
"detroit_089",11
"detroit_090",11
"detroit_110",11.9744136460554
"detroit_111",12
"detroit_140",12.0267326732673
"detroit_141",12
"detroit_205",12
"detroit_026",12
"detroit_213",11.986013986014
"detroit_214",11
"detroit_228",11.6190476190476
"detroit_227",12
"detroit_240",11.5161290322581
"detroit_012",11.9748427672956
"detroit_001",12
"detroit_204",12
"detroit_002",12
"detroit_202",11.4604519774011
"detroit_200",11.6616161616162
"detroit_212",12
"detroit_210",12.1972222222222
"detroit_211",12.3518518518519
"detroit_024",11.8568376068376
"detroit_236",11.8918918918919
"detroit_008",12
"detroit_010",11.4316109422492
"detroit_011",10.8638211382114
"detroit_221",11.0418848167539
"detroit_198",11.9421965317919
"detroit_260",11.8454106280193
"detroit_203",11.9310344827586
"detroit_199",11.6238095238095
"detroit_065",11.1810699588477
"detroit_025",11.2551390568319
"detroit_245",12
"detroit_020",11.2360248447205
"detroit_241",12.1870503597122
"detroit_029",12.3573023671282
"detroit_023",12.2653846153846
"detroit_021",11.8770226537217
"detroit_022",11.3940397350993
"detroit_019",10.0421052631579
"detroit_268",9.33333333333333
"detroit_209",9.91304347826087
"detroit_018",11.4158273381295
"detroit_005",12
"detroit_077",12
"detroit_076",12
"detroit_072",12.0364741641337
"detroit_075",11.773413897281
"detroit_015",11
"detroit_143",9.5343137254902
"detroit_074",11.6666666666667
"detroit_243",12.8666666666667
"detroit_073",12.5
"detroit_136",10.4535519125683
"detroit_137",9.18723404255319
"detroit_138",9
"detroit_183",NA
"detroit_255",9
"detroit_244",9.08547008547009
"detroit_017",8.79595588235294
"detroit_219",8
"detroit_264",10
"detroit_267",10.5119760479042
"detroit_003",11.1294343240652
"detroit_266",11.3597678916828
"detroit_265",10
"detroit_261",NA
"detroit_220",NA
"detroit_139",9
"detroit_182",NA
"detroit_151",NA
"detroit_181",9.02030456852792
"detroit_133",9.68248175182482
"detroit_126",13
"detroit_129",12.1421800947867
"detroit_134",10.3208955223881
"detroit_135",10.4709677419355
"detroit_128",12.2339622641509
"detroit_127",12.5424354243542
"detroit_132",12.2653631284916
"detroit_131",12.8329621380846
"detroit_069",12
"detroit_130",12.5368098159509
"detroit_067",12
"detroit_201",11.1304347826087
"detroit_216",11.4796511627907
"detroit_215",12
"detroit_217",11.1117764471058
"detroit_226",12
"detroit_218",11.1851239669421
"detroit_013",11.0912301353738
"detroit_097",10.7757731958763
"detroit_096",10.9139167862267
"detroit_125",11
"detroit_223",11.0356347438753
"detroit_150",11
"detroit_235",12
"detroit_252",11.8394648829431
"detroit_146",11.7453183520599
"detroit_145",11.7657480314961
"detroit_225",12
"detroit_248",11.1672473867596
"detroit_102",11.4014336917563
"detroit_103",11.2458100558659
"detroit_207",11.0655737704918
"detroit_147",11
"detroit_149",11
"detroit_230",11.062893081761
"detroit_104",11.715034965035
"detroit_112",11.9077809798271
"detroit_113",12
"detroit_117",11.4210526315789
"detroit_190",11.8434782608696
"detroit_101",11.1389728096677
"detroit_055",12
"detroit_208",11.1693121693122
"detroit_056",11.8057259713701
"atlanta_120",9.44193427931292
"atlanta_018",9.47060258599658
"atlanta_001",9.64990328820116
"atlanta_013",9.39171597633136
"atlanta_105",9.84522942461763
"atlanta_108",9.93527646806687
"atlanta_008",9.05561993047509
"atlanta_077",9
"atlanta_083",9
"atlanta_089",9.46833681280445
"atlanta_084",9.36686838124055
"atlanta_020",9
"atlanta_081",9
"atlanta_082",9
"atlanta_038",9
"atlanta_037",9
"atlanta_055",9
"atlanta_025",9
"atlanta_104",9
"atlanta_118",9.47041636230825
"atlanta_026",10
"atlanta_024",9
"atlanta_101",9
"atlanta_069",9.01049868766404
"atlanta_126",9.76368876080692
"atlanta_064",9.14760147601476
"atlanta_027",9.56716417910448
"atlanta_074",9.69404517453799
"atlanta_070",9.57926221335992
"atlanta_125",9.10600706713781
"atlanta_014",9
"atlanta_028",9.07790927021696
"atlanta_045",9.04136789851076
"atlanta_079",9.14070351758794
"atlanta_068",9
"atlanta_065",9
"atlanta_114",9
"atlanta_050",9
"atlanta_066",9
"atlanta_109",9
"atlanta_106",9.49408284023669
"atlanta_067",9.37215909090909
"atlanta_075",9.98279569892473
"atlanta_049",9.4961038961039
"atlanta_012",9
"atlanta_052",9
"atlanta_041",9
"atlanta_048",9.19762845849802
"atlanta_034",9.72248803827751
"atlanta_060",9.6427289048474
"atlanta_103",9
"atlanta_035",9
"atlanta_112",9
"atlanta_040",9
"atlanta_097",9
"atlanta_029",9.53875968992248
"atlanta_005",9
"atlanta_036",9
"atlanta_039",9
"atlanta_053",9
"atlanta_051",9
"atlanta_056",9
"atlanta_063",9
"atlanta_054",9
"atlanta_078",9
"atlanta_094",9
"atlanta_116",9
"atlanta_095",9
"atlanta_091",9
"atlanta_092",9
"atlanta_093",9
"atlanta_122",9.01801801801802
"atlanta_121",9.83973758200563
"atlanta_090",9
"atlanta_073",9.01084990958409
"atlanta_123",9
"atlanta_009",9
"atlanta_107",9
"atlanta_007",9
"atlanta_006",9
"atlanta_110",9
"atlanta_129",9.72823098075161
"atlanta_010",9.10687022900763
"atlanta_085",9.94824399260629
"atlanta_096",9
"atlanta_135",9.70231729055258
"atlanta_115",9.42070484581498
"atlanta_086",9.90262172284644
"atlanta_030",9.08383233532934
"atlanta_061",9.55993294216262
"atlanta_087",9.9814502529511
"atlanta_072",10.0199733688415
"atlanta_117",9.11800610376399
"atlanta_019",9.30309575233981
"atlanta_004",9.88386727688787
"atlanta_111",10
"atlanta_011",10
"atlanta_102",9.78729116945107
"atlanta_100",9.88566131025958
"atlanta_119",9.64542821679769
"atlanta_130",9.43103448275862
"atlanta_002",9.53252032520325
"atlanta_003",9.07246376811594
"atlanta_127",9.53385416666667
"atlanta_128",9
"atlanta_133",9
"atlanta_132",9
"atlanta_131",9
"atlanta_099",9.26086956521739
"atlanta_124",9.52368647717485
"atlanta_088",9.56389452332657
"atlanta_021",10
"atlanta_022",9
"atlanta_080",9
"atlanta_023",9
"atlanta_098",9
"atlanta_134",9.28260869565217
"atlanta_113",9
"atlanta_032",9.13250694592862
"atlanta_057",9
"atlanta_062",9.77753464624362
"atlanta_071",9.28866714183892
"atlanta_058",9.32315521628499
"atlanta_059",9.77001703577513
"atlanta_047",9.05085784313726
"atlanta_042",9
"atlanta_033",8.83463035019455
"atlanta_043",9
"atlanta_044",9
"atlanta_031",9.1
"atlanta_017",9
"atlanta_015",9.36398104265403
"atlanta_046",9.25568942436412
"atlanta_076",9.6415770609319
"atlanta_016",9.12054794520548
"newyork_021",8.70594423987375
"newyork_055",10.7061631043785
"newyork_032",7.78293057689622
"newyork_039",8.96349557522124
"newyork_041",7.91049266641595
"newyork_040",11.0043209876543
"newyork_038",11.5080486847271
"newyork_037",12.4120455380095
"newyork_036",13.0253623188406
"newyork_035",12.1006915629322
"newyork_022",9.92320666732811
"newyork_023",10.5273284997211
"newyork_020",11.0635190217391
"newyork_017",10.9955257270693
"newyork_016",10.7824828085414
"newyork_015",10.9945872801083
"newyork_014",9.60626878488622
"newyork_042",10.6464263124605
"newyork_050",10.9558401835213
"newyork_018",11
"newyork_024",11
"newyork_025",10.7681551646369
"newyork_019",11
"newyork_027",11.1098287416232
"newyork_028",11.5698683842061
"newyork_029",11.0046272493573
"newyork_034",10.6216032608696
"newyork_033",7.92846441947566
"newyork_026",10.9920239282154
"newyork_030",8.29519564140664
"newyork_051",10.4238266022143
"newyork_031",7.97328914018327
"newyork_054",10.408582431689
"newyork_052",10.9402371158964
"newyork_049",10.6940789473684
"newyork_048",10.1854284861153
"newyork_043",10.5579326923077
"newyork_044",9.62038084464555
"newyork_045",9.28085054080629
"newyork_047",10.7230864007393
"newyork_053",10.9630173891746
"newyork_046",10.6563024723525
"newyork_003",8.35117493472585
"newyork_009",9.02433557476785
"newyork_004",6.78851042196238
"newyork_002",9.00249154653853
"newyork_001",10.9791530944625
"newyork_006",10.4531138153185
"newyork_005",9.06737400530504
"newyork_007",10.9877112135177
"newyork_011",10.7258403361345
"newyork_008",8.65197215777262
"newyork_013",9.11279229711142
"newyork_010",9.84685990338165
"newyork_012",9.4986301369863
"boston_151",5.58333333333333
"boston_153",NA
"boston_47",NA
"boston_46",NA
"boston_51",6
"boston_95",6
"boston_48",6
"boston_91",6
"boston_168",6
"boston_165",NA
"boston_169",NA
"boston_167",NA
"boston_166",6
"boston_171",6
"boston_90",6
"boston_170",6
"boston_157",6.61290322580645
"boston_174",NA
"boston_50",5
"boston_154",NA
"boston_121",5
"boston_49",NA
"boston_58",NA
"boston_59",NA
"boston_127",NA
"boston_96",6.52173913043478
"boston_126",7
"boston_130",5.44444444444444
"boston_97",8.78762886597938
"boston_67",7.75641025641026
"boston_60",5
"boston_131",5
"boston_129",5
"boston_68",5
"boston_3",5.4
"boston_172",7.43478260869565
"boston_173",6
"boston_12",9
"boston_64",9
"boston_134",8.92356687898089
"boston_18",8
"boston_115",8
"boston_114",8.14432989690722
"boston_99",8.73006134969325
"boston_98",9
"boston_17",8.01769911504425
"boston_101",8
"boston_113",8.35897435897436
"boston_57",8
"boston_9",8.32432432432432
"boston_100",8
"boston_32",8
"boston_31",8
"boston_37",8.33887733887734
"boston_119",8.12638230647709
"boston_69",8.11977715877437
"boston_103",9
"boston_15",9
"boston_161",8.86901763224181
"boston_16",8.90745501285347
"boston_52",9
"boston_40",9
"boston_14",9
"boston_116",8.80757097791798
"boston_53",8.98561151079137
"boston_42",8.80487804878049
"boston_13",9
"boston_135",9
"boston_36",9
"boston_34",9
"boston_33",9
"boston_72",8.62573099415205
"boston_71",8.95833333333333
"boston_35",9
"boston_180",9
"boston_179",8.18264840182648
"boston_132",8.6969696969697
"boston_73",8
"boston_74",7.15625
"boston_63",7.65775401069519
"boston_65",9
"boston_8",9
"boston_10",9
"boston_11",8.3
"boston_5",8
"boston_158",7.14285714285714
"boston_56",5
"boston_7",5.60504201680672
"boston_6",5.28571428571429
"boston_55",5
"boston_62",5
"boston_61",5
"boston_4",5
"boston_109",5
"boston_112",5
"boston_110",5
"boston_2",5
"boston_1",5
"boston_108",NA
"boston_111",5
"boston_80",NA
"boston_79",NA
"boston_76",NA
"boston_75",7.39393939393939
"boston_133",5
"boston_77",NA
"boston_177",8.29050279329609
"boston_178",8.96747967479675
"boston_175",8.78231292517007
"boston_78",7.33333333333333
"boston_176",7.58518518518519
"boston_148",5.73333333333333
"boston_144",5.80582524271845
"boston_145",6
"boston_136",NA
"boston_122",NA
"boston_143",5
"boston_140",5.13793103448276
"boston_139",5.57142857142857
"boston_141",5
"boston_142",5
"boston_137",5
"boston_150",NA
"boston_107",5
"boston_66",5.65217391304348
"boston_124",NA
"boston_123",NA
"boston_125",NA
"boston_128",NA
"boston_120",NA
"boston_92",6
"boston_155",NA
"boston_149",NA
"boston_156",5.33333333333333
"boston_152",5.42857142857143
"boston_106",8
"boston_105",8.55333333333333
"boston_104",8.95157384987894
"boston_25",8.31901840490798
"boston_24",9
"boston_45",8.72537313432836
"boston_27",9
"boston_26",8.74496644295302
"boston_84",7.93969849246231
"boston_83",8
"boston_85",7.55345911949686
"boston_86",8
"boston_88",7
"boston_89",6.5
"boston_138",5
"boston_87",6.81290322580645
"boston_146",6.44094488188976
"boston_147",8.17391304347826
"boston_162",9
"boston_82",9
"boston_163",8.625
"boston_164",8
"boston_81",9
"boston_28",9
"boston_70",9
"boston_43",8.5604938271605
"boston_41",8.29050279329609
"boston_44",7.69650655021834
"boston_21",6.93291404612159
"boston_22",7.60147601476015
"boston_23",6.53378378378378
"boston_118",7.01296111665005
"boston_20",6.89174311926605
"boston_117",7.10169491525424
"boston_19",7.38402457757297
"boston_160",8.3448275862069
"boston_159",8.12539184952978
"boston_54",8
"boston_38",8.79487179487179
"boston_39",8.33193277310924
"boston_30",7.97619047619048
"boston_93",6.86976744186047
"boston_102",6.98941798941799
"boston_94",7.25673249551167
"boston_29",7.73427471116817
"lima_001",14.5871453931977
"lima_024",13.04746959592
"lima_027",12.630697346381
"lima_026",13.2299928127246
"lima_019",15.3379517705138
"lima_023",14.0400902749282
"lima_008",14.141322762079
"lima_029",12.6314034340854
"lima_038",12.9071253071253
"lima_007",36.3591063523113
"lima_040",34.5784421888791
"lima_003",35.8674033149171
"lima_022",24.3048933500627
"lima_033",29.9421985205574
"lima_043",17.0754684446488
"lima_042",26.5688032272524
"lima_013",21.7890282131661
"lima_002",21.7657710544141
"lima_018",24.7135032815627
"lima_006",15.123145665773
"lima_010",35.9517934002869
"lima_037",35.1807486631016
"lima_032",26.8017452291633
"lima_015",27.4005686866892
"lima_034",35.501625135428
"lima_014",27.7149415692821
"lima_030",35.0528064992615
"lima_031",24.4043564356436
"lima_041",33.2170352170352
"lima_020",19.4577056778679
"lima_012",18.8333333333333
"lima_016",22.3383768913342
"lima_028",35.946835443038
"lima_004",21.994019138756
"lima_021",18.2089552238806
"lima_036",17.3248204309657
"lima_035",32.4358252528412
"lima_017",36.0303094085456
"lima_009",34.5947005330825
"lima_011",36.4669187145558
"lima_005",16.020537411624
"lima_025",23.6286158631415
"lima_039",16.2974683544304
"saopaulo_052",12.6758575807916
"saopaulo_056",14.3654387583694
"saopaulo_030",15.0723453908985
"saopaulo_069",14
"saopaulo_059",13.8607350096712
"saopaulo_027",14.1462724127084
"saopaulo_037",14.1839574898785
"saopaulo_022",14.1179994010183
"saopaulo_016",13.4636237897649
"saopaulo_023",14.487462006079
"saopaulo_042",15.5972795969773
"saopaulo_045",14.6726317284477
"saopaulo_081",14.127121081392
"saopaulo_072",13.5285648994516
"saopaulo_015",13.8288393903869
"saopaulo_034",14.5983278807706
"saopaulo_053",14.0787495053423
"saopaulo_055",15.0162856248043
"saopaulo_085",14.9243811461512
"saopaulo_017",14.1382618510158
"saopaulo_019",14.2932177460479
"saopaulo_096",14.7726068861143
"saopaulo_066",13.8004743551734
"saopaulo_068",13.9175141242938
"saopaulo_012",13.8824695553668
"saopaulo_040",14.2540753232153
"saopaulo_002",13.4726277372263
"saopaulo_090",13.8852108916177
"saopaulo_048",13.5923261390887
"saopaulo_063",15.0962837837838
"saopaulo_044",14.7703836930456
"saopaulo_026",15.443447037702
"saopaulo_061",14.8312849162011
"saopaulo_006",14.4058710912572
"saopaulo_070",14.7572815533981
"saopaulo_009",14.2891760904685
"saopaulo_021",15.3163418290855
"saopaulo_071",14.0629539951574
"saopaulo_067",15
"saopaulo_007",15.0104438642298
"saopaulo_080",15
"saopaulo_057",14.9565217391304
"saopaulo_088",14.4344647519582
"saopaulo_094",14.4981024667932
"saopaulo_091",14.9976825028969
"saopaulo_008",14.9880668257757
"saopaulo_010",15
"saopaulo_014",15
"saopaulo_049",15
"saopaulo_054",15
"saopaulo_033",14.2224328593997
"saopaulo_092",14.2543085329971
"saopaulo_079",14.1017764618801
"saopaulo_095",14.2453198127925
"saopaulo_001",14.2779980178394
"saopaulo_087",13.1027104136947
"saopaulo_074",13.9054209919262
"saopaulo_078",13.4414438502674
"saopaulo_004",12.5439077936334
"saopaulo_020",12.9239028944911
"saopaulo_093",13.3378067484663
"saopaulo_024",12.6034651847009
"saopaulo_060",14.0926342875523
"saopaulo_065",14
"saopaulo_018",14.3915275994865
"saopaulo_082",14.4935064935065
"saopaulo_038",13.354898336414
"saopaulo_028",14.7179195140471
"saopaulo_005",13.3323879750425
"saopaulo_089",14.7753779697624
"saopaulo_036",13.39213260762
"saopaulo_076",15.1744138214726
"saopaulo_043",14.004447739066
"saopaulo_035",14.1883368045225
"saopaulo_086",14.3568495707353
"saopaulo_047",13.6498422712934
"saopaulo_046",12.4301689860835
"saopaulo_031",12.5504300234558
"saopaulo_025",13.0848484848485
"saopaulo_032",13.0072128722027
"saopaulo_058",13.2633605072464
"saopaulo_075",13.0823562255723
"saopaulo_077",12.9196303556427
"saopaulo_003",14.2674683132922
"saopaulo_062",11.4844444444444
"saopaulo_013",15.8513477448626
"saopaulo_011",14.2624018707199
"saopaulo_051",15.0870493991989
"saopaulo_083",14.0628836277089
"saopaulo_084",14.3885931558935
"saopaulo_029",15.1097103918228
"saopaulo_050",15.5756726457399
"saopaulo_064",15.4349465744815
"saopaulo_039",14.1430921052632
"saopaulo_073",15.0523465703971
"saopaulo_041",14.3830763349051
